Manufacturer	Heron Instruments
Device	bar-Log 128+
Logger ID	A16040
Project	APT PUMP TESTING
Deployment	CSDW20 - CDT (2)
Location	Unavailable
Number of Readings	4,377
Time Zone	Lusaka (CAT 2:00)
Export Timestamp	11/24/2025 10:36:13
	
No	Date	Total Pressure (mH2O)	Temperature (°C)
1	11/21/2025 9:39:47	8.7852	29.781
2	11/21/2025 9:40:00	8.7852	29.813
3	11/21/2025 9:41:00	8.7831	30.359
4	11/21/2025 9:42:00	8.7811	30.414
5	11/21/2025 9:43:00	8.7841	30.125
6	11/21/2025 9:44:00	8.7821	29.859
7	11/21/2025 9:45:00	8.7841	29.430
8	11/21/2025 9:46:00	8.7841	28.898
9	11/21/2025 9:47:00	8.7841	28.375
10	11/21/2025 9:48:00	8.7841	27.859
11	11/21/2025 9:49:00	8.7852	27.336
12	11/21/2025 9:50:00	8.7862	26.984
13	11/21/2025 9:51:00	8.7862	26.664
14	11/21/2025 9:52:00	8.7872	26.406
15	11/21/2025 9:53:00	8.7862	26.391
16	11/21/2025 9:54:00	8.7831	26.422
17	11/21/2025 9:55:00	8.7852	26.313
18	11/21/2025 9:56:00	8.7862	26.281
19	11/21/2025 9:57:00	8.7862	26.148
20	11/21/2025 9:58:00	8.7852	25.852
21	11/21/2025 9:59:00	8.7862	25.633
22	11/21/2025 10:00:00	8.7872	25.414
23	11/21/2025 10:01:00	8.7872	25.305
24	11/21/2025 10:02:00	8.7872	25.234
25	11/21/2025 10:03:00	8.7862	25.188
26	11/21/2025 10:04:00	8.7872	25.031
27	11/21/2025 10:05:00	8.7872	24.930
28	11/21/2025 10:06:00	8.7872	25.008
29	11/21/2025 10:07:00	8.7862	25.047
30	11/21/2025 10:08:00	8.7862	25.047
31	11/21/2025 10:09:00	8.7862	25.164
32	11/21/2025 10:10:00	8.7852	25.180
33	11/21/2025 10:11:00	8.7841	25.203
34	11/21/2025 10:12:00	8.7841	25.219
35	11/21/2025 10:13:00	8.7852	25.203
36	11/21/2025 10:14:00	8.7852	25.250
37	11/21/2025 10:15:00	8.7841	25.266
38	11/21/2025 10:16:00	8.7852	25.188
39	11/21/2025 10:17:00	8.7841	25.102
40	11/21/2025 10:18:00	8.7831	25.102
41	11/21/2025 10:19:00	8.7831	25.234
42	11/21/2025 10:20:00	8.7831	25.344
43	11/21/2025 10:21:00	8.7841	25.313
44	11/21/2025 10:22:00	8.7831	25.266
45	11/21/2025 10:23:00	8.7831	25.250
46	11/21/2025 10:24:00	8.7841	25.164
47	11/21/2025 10:25:00	8.7831	25.172
48	11/21/2025 10:26:00	8.7821	25.320
49	11/21/2025 10:27:00	8.7821	25.477
50	11/21/2025 10:28:00	8.7831	25.508
51	11/21/2025 10:29:00	8.7811	25.625
52	11/21/2025 10:30:00	8.7811	25.750
53	11/21/2025 10:31:00	8.7821	25.844
54	11/21/2025 10:32:00	8.7821	25.883
55	11/21/2025 10:33:00	8.7811	25.859
56	11/21/2025 10:34:00	8.7811	25.867
57	11/21/2025 10:35:00	8.7811	25.836
58	11/21/2025 10:36:00	8.7811	25.891
59	11/21/2025 10:37:00	8.7791	26.102
60	11/21/2025 10:38:00	8.7791	26.352
61	11/21/2025 10:39:00	8.7791	26.461
62	11/21/2025 10:40:00	8.7791	26.453
63	11/21/2025 10:41:00	8.7780	26.508
64	11/21/2025 10:42:00	8.7780	26.508
65	11/21/2025 10:43:00	8.7791	26.578
66	11/21/2025 10:44:00	8.7770	26.742
67	11/21/2025 10:45:00	8.7780	26.859
68	11/21/2025 10:46:00	8.7770	26.914
69	11/21/2025 10:47:00	8.7780	27.070
70	11/21/2025 10:48:00	8.7780	27.141
71	11/21/2025 10:49:00	8.7791	27.078
72	11/21/2025 10:50:00	8.7791	27.008
73	11/21/2025 10:51:00	8.7780	26.992
74	11/21/2025 10:52:00	8.7791	26.875
75	11/21/2025 10:53:00	8.7780	26.836
76	11/21/2025 10:54:00	8.7770	26.758
77	11/21/2025 10:55:00	8.7780	26.695
78	11/21/2025 10:56:00	8.7780	26.734
79	11/21/2025 10:57:00	8.7770	26.797
80	11/21/2025 10:58:00	8.7770	26.813
81	11/21/2025 10:59:00	8.7760	26.852
82	11/21/2025 11:00:00	8.7770	26.914
83	11/21/2025 11:01:00	8.7760	26.984
84	11/21/2025 11:02:00	8.7750	27.148
85	11/21/2025 11:03:00	8.7750	27.305
86	11/21/2025 11:04:00	8.7750	27.258
87	11/21/2025 11:05:00	8.7760	27.172
88	11/21/2025 11:06:00	8.7760	27.109
89	11/21/2025 11:07:00	8.7760	27.188
90	11/21/2025 11:08:00	8.7740	27.266
91	11/21/2025 11:09:00	8.7750	27.273
92	11/21/2025 11:10:00	8.7750	27.219
93	11/21/2025 11:11:00	8.7740	27.313
94	11/21/2025 11:12:00	8.7740	27.398
95	11/21/2025 11:13:00	8.7729	27.516
96	11/21/2025 11:14:00	8.7740	27.680
97	11/21/2025 11:15:00	8.7740	27.883
98	11/21/2025 11:16:00	8.7740	27.938
99	11/21/2025 11:17:00	8.7740	28.031
100	11/21/2025 11:18:00	8.7729	28.000
101	11/21/2025 11:19:00	8.7740	27.820
102	11/21/2025 11:20:00	8.7740	27.766
103	11/21/2025 11:21:00	8.7729	27.750
104	11/21/2025 11:22:00	8.7740	27.688
105	11/21/2025 11:23:00	8.7740	27.609
106	11/21/2025 11:24:00	8.7729	27.453
107	11/21/2025 11:25:00	8.7729	27.367
108	11/21/2025 11:26:00	8.7729	27.469
109	11/21/2025 11:27:00	8.7719	27.617
110	11/21/2025 11:28:00	8.7719	27.781
111	11/21/2025 11:29:00	8.7709	27.930
112	11/21/2025 11:30:00	8.7719	28.000
113	11/21/2025 11:31:00	8.7719	27.977
114	11/21/2025 11:32:00	8.7729	27.836
115	11/21/2025 11:33:00	8.7719	27.742
116	11/21/2025 11:34:00	8.7729	27.664
117	11/21/2025 11:35:00	8.7719	27.695
118	11/21/2025 11:36:00	8.7719	27.711
119	11/21/2025 11:37:00	8.7729	27.672
120	11/21/2025 11:38:00	8.7719	27.586
121	11/21/2025 11:39:00	8.7729	27.625
122	11/21/2025 11:40:00	8.7709	27.641
123	11/21/2025 11:41:00	8.7719	27.586
124	11/21/2025 11:42:00	8.7719	27.586
125	11/21/2025 11:43:00	8.7709	27.727
126	11/21/2025 11:44:00	8.7729	27.820
127	11/21/2025 11:45:00	8.7729	27.766
128	11/21/2025 11:46:00	8.7719	27.820
129	11/21/2025 11:47:00	8.7740	27.781
130	11/21/2025 11:48:00	8.7729	27.727
131	11/21/2025 11:49:00	8.7729	27.719
132	11/21/2025 11:50:00	8.7729	27.688
133	11/21/2025 11:51:00	8.7740	27.609
134	11/21/2025 11:52:00	8.7740	27.547
135	11/21/2025 11:53:00	8.7740	27.500
136	11/21/2025 11:54:00	8.7719	27.547
137	11/21/2025 11:55:00	8.7729	27.648
138	11/21/2025 11:56:00	8.7719	27.664
139	11/21/2025 11:57:00	8.7719	27.672
140	11/21/2025 11:58:00	8.7729	27.727
141	11/21/2025 11:59:00	8.7719	27.945
142	11/21/2025 12:00:00	8.7699	28.227
143	11/21/2025 12:01:00	8.7699	28.453
144	11/21/2025 12:02:00	8.7709	28.594
145	11/21/2025 12:03:00	8.7709	28.688
146	11/21/2025 12:04:00	8.7709	28.703
147	11/21/2025 12:05:00	8.7699	28.680
148	11/21/2025 12:06:00	8.7689	28.570
149	11/21/2025 12:07:00	8.7689	28.703
150	11/21/2025 12:08:00	8.7678	28.977
151	11/21/2025 12:09:00	8.7668	29.078
152	11/21/2025 12:10:00	8.7668	29.195
153	11/21/2025 12:11:00	8.7668	29.234
154	11/21/2025 12:12:00	8.7658	29.352
155	11/21/2025 12:13:00	8.7658	29.414
156	11/21/2025 12:14:00	8.7648	29.469
157	11/21/2025 12:15:00	8.7638	29.688
158	11/21/2025 12:16:00	8.7648	29.914
159	11/21/2025 12:17:00	8.7627	30.227
160	11/21/2025 12:18:00	8.7648	30.289
161	11/21/2025 12:19:00	8.7638	30.273
162	11/21/2025 12:20:00	8.7638	30.242
163	11/21/2025 12:21:00	8.7648	30.156
164	11/21/2025 12:22:00	8.7627	30.000
165	11/21/2025 12:23:00	8.7648	29.938
166	11/21/2025 12:24:00	8.7668	29.648
167	11/21/2025 12:25:00	8.7648	29.414
168	11/21/2025 12:26:00	8.7668	29.305
169	11/21/2025 12:27:00	8.7658	29.250
170	11/21/2025 12:28:00	8.7658	29.109
171	11/21/2025 12:29:00	8.7658	28.953
172	11/21/2025 12:30:00	8.7658	28.836
173	11/21/2025 12:31:00	8.7638	28.820
174	11/21/2025 12:32:00	8.7658	28.836
175	11/21/2025 12:33:00	8.7648	28.820
176	11/21/2025 12:34:00	8.7638	28.773
177	11/21/2025 12:35:00	8.7638	28.953
178	11/21/2025 12:36:00	8.7627	29.086
179	11/21/2025 12:37:00	8.7627	29.266
180	11/21/2025 12:38:00	8.7627	29.234
181	11/21/2025 12:39:00	8.7638	29.023
182	11/21/2025 12:40:00	8.7627	28.844
183	11/21/2025 12:41:00	8.7627	28.820
184	11/21/2025 12:42:00	8.7617	28.789
185	11/21/2025 12:43:00	8.7607	28.711
186	11/21/2025 12:44:00	8.7617	28.625
187	11/21/2025 12:45:00	8.7617	28.523
188	11/21/2025 12:46:00	8.7627	28.523
189	11/21/2025 12:47:00	8.7617	28.500
190	11/21/2025 12:48:00	8.7607	28.547
191	11/21/2025 12:49:00	8.7607	28.586
192	11/21/2025 12:50:00	8.7587	28.711
193	11/21/2025 12:51:00	8.7597	28.719
194	11/21/2025 12:52:00	8.7597	28.773
195	11/21/2025 12:53:00	8.7607	28.813
196	11/21/2025 12:54:00	8.7607	28.797
197	11/21/2025 12:55:00	8.7587	28.781
198	11/21/2025 12:56:00	8.7597	28.742
199	11/21/2025 12:57:00	8.7607	28.734
200	11/21/2025 12:58:00	8.7587	28.773
201	11/21/2025 12:59:00	8.7576	28.875
202	11/21/2025 13:00:00	8.7587	29.141
203	11/21/2025 13:01:00	8.7576	29.383
204	11/21/2025 13:02:00	8.7566	29.500
205	11/21/2025 13:03:00	8.7587	29.602
206	11/21/2025 13:04:00	8.7576	29.523
207	11/21/2025 13:05:00	8.7566	29.461
208	11/21/2025 13:06:00	8.7576	29.539
209	11/21/2025 13:07:00	8.7556	29.609
210	11/21/2025 13:08:00	8.7556	29.625
211	11/21/2025 13:09:00	8.7576	29.555
212	11/21/2025 13:10:00	8.7566	29.625
213	11/21/2025 13:11:00	8.7566	29.664
214	11/21/2025 13:12:00	8.7566	29.563
215	11/21/2025 13:13:00	8.7556	29.539
216	11/21/2025 13:14:00	8.7556	29.594
217	11/21/2025 13:15:00	8.7556	29.672
218	11/21/2025 13:16:00	8.7566	29.703
219	11/21/2025 13:17:00	8.7556	29.664
220	11/21/2025 13:18:00	8.7556	29.547
221	11/21/2025 13:19:00	8.7556	29.477
222	11/21/2025 13:20:00	8.7576	29.383
223	11/21/2025 13:21:00	8.7566	29.219
224	11/21/2025 13:22:00	8.7576	29.047
225	11/21/2025 13:23:00	8.7566	29.008
226	11/21/2025 13:24:00	8.7556	29.117
227	11/21/2025 13:25:00	8.7546	29.289
228	11/21/2025 13:26:00	8.7546	29.500
229	11/21/2025 13:27:00	8.7525	29.602
230	11/21/2025 13:28:00	8.7536	29.797
231	11/21/2025 13:29:00	8.7525	30.063
232	11/21/2025 13:30:00	8.7515	30.234
233	11/21/2025 13:31:00	8.7525	30.266
234	11/21/2025 13:32:00	8.7525	30.148
235	11/21/2025 13:33:00	8.7536	29.930
236	11/21/2025 13:34:00	8.7546	29.773
237	11/21/2025 13:35:00	8.7556	29.469
238	11/21/2025 13:36:00	8.7566	29.219
239	11/21/2025 13:37:00	8.7566	29.008
240	11/21/2025 13:38:00	8.7536	29.008
241	11/21/2025 13:39:00	8.7525	29.133
242	11/21/2025 13:40:00	8.7536	29.234
243	11/21/2025 13:41:00	8.7525	29.289
244	11/21/2025 13:42:00	8.7525	29.383
245	11/21/2025 13:43:00	8.7515	29.453
246	11/21/2025 13:44:00	8.7515	29.500
247	11/21/2025 13:45:00	8.7505	29.586
248	11/21/2025 13:46:00	8.7525	29.602
249	11/21/2025 13:47:00	8.7515	29.672
250	11/21/2025 13:48:00	8.7505	29.719
251	11/21/2025 13:49:00	8.7515	29.742
252	11/21/2025 13:50:00	8.7515	29.711
253	11/21/2025 13:51:00	8.7515	29.648
254	11/21/2025 13:52:00	8.7515	29.508
255	11/21/2025 13:53:00	8.7505	29.531
256	11/21/2025 13:54:00	8.7515	29.578
257	11/21/2025 13:55:00	8.7505	29.711
258	11/21/2025 13:56:00	8.7505	29.773
259	11/21/2025 13:57:00	8.7485	29.977
260	11/21/2025 13:58:00	8.7485	30.250
261	11/21/2025 13:59:00	8.7475	30.375
262	11/21/2025 14:00:00	8.7495	30.336
263	11/21/2025 14:01:00	8.7505	30.117
264	11/21/2025 14:02:00	8.7485	30.039
265	11/21/2025 14:03:00	8.7475	30.258
266	11/21/2025 14:04:00	8.7454	30.609
267	11/21/2025 14:05:00	8.7454	30.836
268	11/21/2025 14:06:00	8.7454	30.977
269	11/21/2025 14:07:00	8.7454	31.203
270	11/21/2025 14:08:00	8.7444	31.516
271	11/21/2025 14:09:00	8.7393	31.945
272	11/21/2025 14:10:00	8.7454	31.969
273	11/21/2025 14:11:00	8.7454	31.789
274	11/21/2025 14:12:00	8.7444	31.672
275	11/21/2025 14:13:00	8.7475	31.352
276	11/21/2025 14:14:00	8.7454	31.211
277	11/21/2025 14:15:00	8.7454	31.117
278	11/21/2025 14:16:00	8.7454	30.977
279	11/21/2025 14:17:00	8.7454	30.891
280	11/21/2025 14:18:00	8.7444	30.828
281	11/21/2025 14:19:00	8.7454	30.672
282	11/21/2025 14:20:00	8.7475	30.398
283	11/21/2025 14:21:00	8.7454	30.195
284	11/21/2025 14:22:00	8.7444	30.008
285	11/21/2025 14:23:00	8.7464	29.867
286	11/21/2025 14:24:00	8.7464	29.813
287	11/21/2025 14:25:00	8.7454	29.922
288	11/21/2025 14:26:00	8.7444	30.086
289	11/21/2025 14:27:00	8.7464	30.063
290	11/21/2025 14:28:00	8.7434	30.094
291	11/21/2025 14:29:00	8.7444	29.984
292	11/21/2025 14:30:00	8.7434	30.039
293	11/21/2025 14:31:00	8.7444	30.180
294	11/21/2025 14:32:00	8.7444	30.227
295	11/21/2025 14:33:00	8.7434	30.219
296	11/21/2025 14:34:00	8.7434	30.234
297	11/21/2025 14:35:00	8.7413	30.344
298	11/21/2025 14:36:00	8.7424	30.570
299	11/21/2025 14:37:00	8.7424	30.703
300	11/21/2025 14:38:00	8.7424	30.547
301	11/21/2025 14:39:00	8.7444	30.266
302	11/21/2025 14:40:00	8.7413	30.375
303	11/21/2025 14:41:00	8.7403	30.656
304	11/21/2025 14:42:00	8.7413	30.992
305	11/21/2025 14:43:00	8.7413	31.219
306	11/21/2025 14:44:00	8.7413	31.258
307	11/21/2025 14:45:00	8.7413	31.242
308	11/21/2025 14:46:00	8.7424	31.195
309	11/21/2025 14:47:00	8.7403	31.172
310	11/21/2025 14:48:00	8.7424	30.922
311	11/21/2025 14:49:00	8.7434	30.672
312	11/21/2025 14:50:00	8.7434	30.609
313	11/21/2025 14:51:00	8.7413	30.656
314	11/21/2025 14:52:00	8.7403	30.750
315	11/21/2025 14:53:00	8.7403	30.695
316	11/21/2025 14:54:00	8.7393	30.930
317	11/21/2025 14:55:00	8.7383	31.344
318	11/21/2025 14:56:00	8.7393	31.773
319	11/21/2025 14:57:00	8.7362	32.227
320	11/21/2025 14:58:00	8.7352	32.477
321	11/21/2025 14:59:00	8.7352	32.516
322	11/21/2025 15:00:00	8.7342	32.523
323	11/21/2025 15:01:00	8.7342	32.484
324	11/21/2025 15:02:00	8.7352	32.469
325	11/21/2025 15:03:00	8.7352	32.586
326	11/21/2025 15:04:00	8.7342	32.680
327	11/21/2025 15:05:00	8.7352	32.773
328	11/21/2025 15:06:00	8.7352	32.844
329	11/21/2025 15:07:00	8.7362	33.094
330	11/21/2025 15:08:00	8.7342	33.242
331	11/21/2025 15:09:00	8.7332	33.313
332	11/21/2025 15:10:00	8.7342	33.273
333	11/21/2025 15:11:00	8.7342	33.438
334	11/21/2025 15:12:00	8.7342	33.609
335	11/21/2025 15:13:00	8.7342	33.719
336	11/21/2025 15:14:00	8.7342	33.766
337	11/21/2025 15:15:00	8.7352	33.930
338	11/21/2025 15:16:00	8.7362	33.797
339	11/21/2025 15:17:00	8.7362	33.773
340	11/21/2025 15:18:00	8.7373	33.750
341	11/21/2025 15:19:00	8.7352	33.531
342	11/21/2025 15:20:00	8.7393	33.219
343	11/21/2025 15:21:00	8.7352	33.086
344	11/21/2025 15:22:00	8.7373	33.164
345	11/21/2025 15:23:00	8.7362	33.320
346	11/21/2025 15:24:00	8.7352	33.414
347	11/21/2025 15:25:00	8.7352	33.563
348	11/21/2025 15:26:00	8.7383	33.492
349	11/21/2025 15:27:00	8.7373	33.422
350	11/21/2025 15:28:00	8.7373	33.547
351	11/21/2025 15:29:00	8.7352	33.766
352	11/21/2025 15:30:00	8.7362	33.805
353	11/21/2025 15:31:00	8.7393	33.398
354	11/21/2025 15:32:00	8.7393	33.234
355	11/21/2025 15:33:00	8.7383	32.953
356	11/21/2025 15:34:00	8.7393	32.773
357	11/21/2025 15:35:00	8.7413	32.500
358	11/21/2025 15:36:00	8.7403	32.008
359	11/21/2025 15:37:00	8.7413	31.602
360	11/21/2025 15:38:00	8.7413	31.352
361	11/21/2025 15:39:00	8.7413	31.133
362	11/21/2025 15:40:00	8.7424	30.820
363	11/21/2025 15:41:00	8.7434	30.500
364	11/21/2025 15:42:00	8.7444	30.141
365	11/21/2025 15:43:00	8.7434	29.844
366	11/21/2025 15:44:00	8.7444	29.648
367	11/21/2025 15:45:00	8.7444	29.492
368	11/21/2025 15:46:00	8.7444	29.430
369	11/21/2025 15:47:00	8.7424	29.430
370	11/21/2025 15:48:00	8.7424	29.625
371	11/21/2025 15:49:00	8.7424	29.852
372	11/21/2025 15:50:00	8.7424	29.906
373	11/21/2025 15:51:00	8.7413	29.875
374	11/21/2025 15:52:00	8.7403	30.000
375	11/21/2025 15:53:00	8.7403	30.336
376	11/21/2025 15:54:00	8.7413	30.570
377	11/21/2025 15:55:00	8.7413	30.641
378	11/21/2025 15:56:00	8.7393	30.789
379	11/21/2025 15:57:00	8.7403	30.859
380	11/21/2025 15:58:00	8.7413	30.711
381	11/21/2025 15:59:00	8.7413	30.633
382	11/21/2025 16:00:00	8.7403	30.734
383	11/21/2025 16:01:00	8.7393	30.828
384	11/21/2025 16:02:00	8.7373	30.953
385	11/21/2025 16:03:00	8.7383	31.047
386	11/21/2025 16:04:00	8.7393	31.141
387	11/21/2025 16:05:00	8.7383	31.063
388	11/21/2025 16:06:00	8.7383	30.875
389	11/21/2025 16:07:00	8.7373	30.719
390	11/21/2025 16:08:00	8.7403	30.477
391	11/21/2025 16:09:00	8.7413	30.188
392	11/21/2025 16:10:00	8.7403	30.016
393	11/21/2025 16:11:00	8.7413	29.844
394	11/21/2025 16:12:00	8.7403	29.750
395	11/21/2025 16:13:00	8.7424	29.586
396	11/21/2025 16:14:00	8.7403	29.422
397	11/21/2025 16:15:00	8.7413	29.273
398	11/21/2025 16:16:00	8.7403	29.227
399	11/21/2025 16:17:00	8.7393	29.219
400	11/21/2025 16:18:00	8.7403	29.109
401	11/21/2025 16:19:00	8.7413	29.000
402	11/21/2025 16:20:00	8.7403	28.984
403	11/21/2025 16:21:00	8.7413	28.922
404	11/21/2025 16:22:00	8.7403	28.938
405	11/21/2025 16:23:00	8.7413	28.836
406	11/21/2025 16:24:00	8.7424	28.711
407	11/21/2025 16:25:00	8.7403	28.695
408	11/21/2025 16:26:00	8.7424	28.703
409	11/21/2025 16:27:00	8.7413	28.711
410	11/21/2025 16:28:00	8.7413	28.648
411	11/21/2025 16:29:00	8.7413	28.563
412	11/21/2025 16:30:00	8.7413	28.477
413	11/21/2025 16:31:00	8.7403	28.508
414	11/21/2025 16:32:00	8.7413	28.539
415	11/21/2025 16:33:00	8.7393	28.625
416	11/21/2025 16:34:00	8.7413	28.656
417	11/21/2025 16:35:00	8.7393	28.727
418	11/21/2025 16:36:00	8.7403	28.773
419	11/21/2025 16:37:00	8.7413	28.828
420	11/21/2025 16:38:00	8.7393	28.875
421	11/21/2025 16:39:00	8.7413	28.898
422	11/21/2025 16:40:00	8.7403	28.898
423	11/21/2025 16:41:00	8.7413	28.820
424	11/21/2025 16:42:00	8.7403	28.734
425	11/21/2025 16:43:00	8.7413	28.656
426	11/21/2025 16:44:00	8.7413	28.500
427	11/21/2025 16:45:00	8.7424	28.406
428	11/21/2025 16:46:00	8.7424	28.313
429	11/21/2025 16:47:00	8.7424	28.289
430	11/21/2025 16:48:00	8.7424	28.219
431	11/21/2025 16:49:00	8.7434	28.195
432	11/21/2025 16:50:00	8.7413	28.195
433	11/21/2025 16:51:00	8.7403	28.211
434	11/21/2025 16:52:00	8.7424	28.234
435	11/21/2025 16:53:00	8.7424	28.305
436	11/21/2025 16:54:00	8.7403	28.359
437	11/21/2025 16:55:00	8.7424	28.438
438	11/21/2025 16:56:00	8.7413	28.531
439	11/21/2025 16:57:00	8.7413	28.586
440	11/21/2025 16:58:00	8.7413	28.773
441	11/21/2025 16:59:00	8.7393	29.039
442	11/21/2025 17:00:00	8.7403	29.234
443	11/21/2025 17:01:00	8.7393	29.453
444	11/21/2025 17:02:00	8.7393	29.672
445	11/21/2025 17:03:00	8.7403	29.844
446	11/21/2025 17:04:00	8.7393	29.828
447	11/21/2025 17:05:00	8.7413	29.781
448	11/21/2025 17:06:00	8.7393	29.875
449	11/21/2025 17:07:00	8.7403	29.938
450	11/21/2025 17:08:00	8.7403	30.133
451	11/21/2025 17:09:00	8.7403	30.219
452	11/21/2025 17:10:00	8.7403	30.094
453	11/21/2025 17:11:00	8.7424	29.875
454	11/21/2025 17:12:00	8.7403	29.859
455	11/21/2025 17:13:00	8.7403	29.852
456	11/21/2025 17:14:00	8.7403	30.023
457	11/21/2025 17:15:00	8.7403	30.305
458	11/21/2025 17:16:00	8.7373	30.672
459	11/21/2025 17:17:00	8.7403	30.875
460	11/21/2025 17:18:00	8.7373	31.102
461	11/21/2025 17:19:00	8.7383	31.266
462	11/21/2025 17:20:00	8.7393	31.328
463	11/21/2025 17:21:00	8.7373	31.375
464	11/21/2025 17:22:00	8.7383	31.398
465	11/21/2025 17:23:00	8.7413	31.320
466	11/21/2025 17:24:00	8.7403	31.102
467	11/21/2025 17:25:00	8.7434	30.742
468	11/21/2025 17:26:00	8.7434	30.344
469	11/21/2025 17:27:00	8.7444	29.953
470	11/21/2025 17:28:00	8.7434	29.719
471	11/21/2025 17:29:00	8.7424	29.508
472	11/21/2025 17:30:00	8.7444	29.336
473	11/21/2025 17:31:00	8.7444	29.055
474	11/21/2025 17:32:00	8.7454	28.750
475	11/21/2025 17:33:00	8.7444	28.484
476	11/21/2025 17:34:00	8.7454	28.258
477	11/21/2025 17:35:00	8.7464	27.992
478	11/21/2025 17:36:00	8.7475	27.805
479	11/21/2025 17:37:00	8.7475	27.617
480	11/21/2025 17:38:00	8.7475	27.445
481	11/21/2025 17:39:00	8.7475	27.242
482	11/21/2025 17:40:00	8.7485	27.086
483	11/21/2025 17:41:00	8.7464	26.945
484	11/21/2025 17:42:00	8.7485	26.961
485	11/21/2025 17:43:00	8.7475	26.914
486	11/21/2025 17:44:00	8.7475	26.875
487	11/21/2025 17:45:00	8.7475	26.875
488	11/21/2025 17:46:00	8.7485	26.852
489	11/21/2025 17:47:00	8.7485	26.859
490	11/21/2025 17:48:00	8.7475	26.922
491	11/21/2025 17:49:00	8.7475	26.961
492	11/21/2025 17:50:00	8.7475	27.008
493	11/21/2025 17:51:00	8.7464	27.102
494	11/21/2025 17:52:00	8.7475	27.109
495	11/21/2025 17:53:00	8.7475	27.156
496	11/21/2025 17:54:00	8.7485	27.227
497	11/21/2025 17:55:00	8.7485	27.180
498	11/21/2025 17:56:00	8.7475	27.125
499	11/21/2025 17:57:00	8.7485	27.133
500	11/21/2025 17:58:00	8.7485	27.109
501	11/21/2025 17:59:00	8.7485	27.070
502	11/21/2025 18:00:00	8.7485	27.078
503	11/21/2025 18:01:00	8.7495	26.992
504	11/21/2025 18:02:00	8.7505	26.875
505	11/21/2025 18:03:00	8.7495	26.813
506	11/21/2025 18:04:00	8.7495	26.781
507	11/21/2025 18:05:00	8.7485	26.805
508	11/21/2025 18:06:00	8.7495	26.828
509	11/21/2025 18:07:00	8.7485	26.805
510	11/21/2025 18:08:00	8.7505	26.766
511	11/21/2025 18:09:00	8.7505	26.664
512	11/21/2025 18:10:00	8.7505	26.555
513	11/21/2025 18:11:00	8.7515	26.453
514	11/21/2025 18:12:00	8.7525	26.320
515	11/21/2025 18:13:00	8.7515	26.133
516	11/21/2025 18:14:00	8.7525	25.961
517	11/21/2025 18:15:00	8.7525	25.773
518	11/21/2025 18:16:00	8.7536	25.563
519	11/21/2025 18:17:00	8.7546	25.328
520	11/21/2025 18:18:00	8.7546	25.094
521	11/21/2025 18:19:00	8.7556	24.883
522	11/21/2025 18:20:00	8.7556	24.672
523	11/21/2025 18:21:00	8.7546	24.469
524	11/21/2025 18:22:00	8.7556	24.289
525	11/21/2025 18:23:00	8.7556	24.117
526	11/21/2025 18:24:00	8.7556	23.945
527	11/21/2025 18:25:00	8.7566	23.805
528	11/21/2025 18:26:00	8.7566	23.656
529	11/21/2025 18:27:00	8.7566	23.539
530	11/21/2025 18:28:00	8.7566	23.422
531	11/21/2025 18:29:00	8.7566	23.313
532	11/21/2025 18:30:00	8.7576	23.203
533	11/21/2025 18:31:00	8.7576	23.133
534	11/21/2025 18:32:00	8.7576	23.039
535	11/21/2025 18:33:00	8.7576	22.969
536	11/21/2025 18:34:00	8.7576	22.859
537	11/21/2025 18:35:00	8.7587	22.742
538	11/21/2025 18:36:00	8.7587	22.609
539	11/21/2025 18:37:00	8.7587	22.500
540	11/21/2025 18:38:00	8.7587	22.391
541	11/21/2025 18:39:00	8.7597	22.281
542	11/21/2025 18:40:00	8.7607	22.180
543	11/21/2025 18:41:00	8.7597	22.078
544	11/21/2025 18:42:00	8.7597	21.992
545	11/21/2025 18:43:00	8.7607	21.938
546	11/21/2025 18:44:00	8.7597	21.891
547	11/21/2025 18:45:00	8.7607	21.852
548	11/21/2025 18:46:00	8.7607	21.797
549	11/21/2025 18:47:00	8.7597	21.750
550	11/21/2025 18:48:00	8.7597	21.688
551	11/21/2025 18:49:00	8.7607	21.617
552	11/21/2025 18:50:00	8.7617	21.563
553	11/21/2025 18:51:00	8.7617	21.508
554	11/21/2025 18:52:00	8.7617	21.453
555	11/21/2025 18:53:00	8.7617	21.406
556	11/21/2025 18:54:00	8.7617	21.352
557	11/21/2025 18:55:00	8.7617	21.297
558	11/21/2025 18:56:00	8.7617	21.250
559	11/21/2025 18:57:00	8.7617	21.195
560	11/21/2025 18:58:00	8.7617	21.156
561	11/21/2025 18:59:00	8.7627	21.109
562	11/21/2025 19:00:00	8.7617	21.063
563	11/21/2025 19:01:00	8.7627	21.023
564	11/21/2025 19:02:00	8.7638	20.984
565	11/21/2025 19:03:00	8.7627	20.945
566	11/21/2025 19:04:00	8.7627	20.914
567	11/21/2025 19:05:00	8.7638	20.883
568	11/21/2025 19:06:00	8.7627	20.844
569	11/21/2025 19:07:00	8.7638	20.813
570	11/21/2025 19:08:00	8.7638	20.773
571	11/21/2025 19:09:00	8.7638	20.742
572	11/21/2025 19:10:00	8.7638	20.703
573	11/21/2025 19:11:00	8.7627	20.656
574	11/21/2025 19:12:00	8.7638	20.609
575	11/21/2025 19:13:00	8.7648	20.563
576	11/21/2025 19:14:00	8.7648	20.523
577	11/21/2025 19:15:00	8.7648	20.477
578	11/21/2025 19:16:00	8.7658	20.445
579	11/21/2025 19:17:00	8.7658	20.414
580	11/21/2025 19:18:00	8.7668	20.375
581	11/21/2025 19:19:00	8.7668	20.336
582	11/21/2025 19:20:00	8.7668	20.297
583	11/21/2025 19:21:00	8.7678	20.266
584	11/21/2025 19:22:00	8.7689	20.250
585	11/21/2025 19:23:00	8.7678	20.227
586	11/21/2025 19:24:00	8.7689	20.203
587	11/21/2025 19:25:00	8.7689	20.180
588	11/21/2025 19:26:00	8.7689	20.141
589	11/21/2025 19:27:00	8.7689	20.109
590	11/21/2025 19:28:00	8.7689	20.078
591	11/21/2025 19:29:00	8.7689	20.063
592	11/21/2025 19:30:00	8.7699	20.039
593	11/21/2025 19:31:00	8.7699	20.016
594	11/21/2025 19:32:00	8.7689	20.000
595	11/21/2025 19:33:00	8.7699	19.969
596	11/21/2025 19:34:00	8.7699	19.953
597	11/21/2025 19:35:00	8.7699	19.930
598	11/21/2025 19:36:00	8.7709	19.914
599	11/21/2025 19:37:00	8.7699	19.891
600	11/21/2025 19:38:00	8.7699	19.867
601	11/21/2025 19:39:00	8.7709	19.852
602	11/21/2025 19:40:00	8.7709	19.828
603	11/21/2025 19:41:00	8.7709	19.805
604	11/21/2025 19:42:00	8.7719	19.781
605	11/21/2025 19:43:00	8.7709	19.758
606	11/21/2025 19:44:00	8.7709	19.742
607	11/21/2025 19:45:00	8.7719	19.719
608	11/21/2025 19:46:00	8.7719	19.703
609	11/21/2025 19:47:00	8.7709	19.688
610	11/21/2025 19:48:00	8.7709	19.664
611	11/21/2025 19:49:00	8.7719	19.656
612	11/21/2025 19:50:00	8.7719	19.656
613	11/21/2025 19:51:00	8.7719	19.672
614	11/21/2025 19:52:00	8.7719	19.680
615	11/21/2025 19:53:00	8.7719	19.688
616	11/21/2025 19:54:00	8.7729	19.672
617	11/21/2025 19:55:00	8.7719	19.664
618	11/21/2025 19:56:00	8.7729	19.680
619	11/21/2025 19:57:00	8.7729	19.695
620	11/21/2025 19:58:00	8.7719	19.727
621	11/21/2025 19:59:00	8.7729	19.758
622	11/21/2025 20:00:00	8.7729	19.820
623	11/21/2025 20:01:00	8.7729	19.898
624	11/21/2025 20:02:00	8.7729	20.031
625	11/21/2025 20:03:00	8.7729	20.180
626	11/21/2025 20:04:00	8.7729	20.305
627	11/21/2025 20:05:00	8.7729	20.414
628	11/21/2025 20:06:00	8.7719	20.523
629	11/21/2025 20:07:00	8.7729	20.594
630	11/21/2025 20:08:00	8.7729	20.672
631	11/21/2025 20:09:00	8.7740	20.734
632	11/21/2025 20:10:00	8.7719	20.773
633	11/21/2025 20:11:00	8.7729	20.797
634	11/21/2025 20:12:00	8.7719	20.813
635	11/21/2025 20:13:00	8.7729	20.836
636	11/21/2025 20:14:00	8.7729	20.844
637	11/21/2025 20:15:00	8.7729	20.867
638	11/21/2025 20:16:00	8.7729	20.875
639	11/21/2025 20:17:00	8.7740	20.867
640	11/21/2025 20:18:00	8.7729	20.875
641	11/21/2025 20:19:00	8.7740	20.875
642	11/21/2025 20:20:00	8.7729	20.883
643	11/21/2025 20:21:00	8.7740	20.867
644	11/21/2025 20:22:00	8.7740	20.859
645	11/21/2025 20:23:00	8.7729	20.867
646	11/21/2025 20:24:00	8.7750	20.891
647	11/21/2025 20:25:00	8.7729	20.906
648	11/21/2025 20:26:00	8.7750	20.930
649	11/21/2025 20:27:00	8.7750	20.961
650	11/21/2025 20:28:00	8.7750	20.969
651	11/21/2025 20:29:00	8.7750	20.992
652	11/21/2025 20:30:00	8.7750	21.000
653	11/21/2025 20:31:00	8.7760	21.008
654	11/21/2025 20:32:00	8.7750	20.992
655	11/21/2025 20:33:00	8.7760	20.984
656	11/21/2025 20:34:00	8.7770	20.969
657	11/21/2025 20:35:00	8.7760	20.953
658	11/21/2025 20:36:00	8.7770	20.969
659	11/21/2025 20:37:00	8.7770	20.969
660	11/21/2025 20:38:00	8.7780	20.961
661	11/21/2025 20:39:00	8.7770	20.961
662	11/21/2025 20:40:00	8.7770	20.938
663	11/21/2025 20:41:00	8.7791	20.938
664	11/21/2025 20:42:00	8.7770	20.938
665	11/21/2025 20:43:00	8.7780	20.930
666	11/21/2025 20:44:00	8.7780	20.930
667	11/21/2025 20:45:00	8.7780	20.906
668	11/21/2025 20:46:00	8.7780	20.898
669	11/21/2025 20:47:00	8.7780	20.875
670	11/21/2025 20:48:00	8.7780	20.859
671	11/21/2025 20:49:00	8.7780	20.844
672	11/21/2025 20:50:00	8.7780	20.828
673	11/21/2025 20:51:00	8.7791	20.820
674	11/21/2025 20:52:00	8.7791	20.797
675	11/21/2025 20:53:00	8.7791	20.789
676	11/21/2025 20:54:00	8.7791	20.813
677	11/21/2025 20:55:00	8.7801	20.813
678	11/21/2025 20:56:00	8.7791	20.805
679	11/21/2025 20:57:00	8.7801	20.797
680	11/21/2025 20:58:00	8.7801	20.789
681	11/21/2025 20:59:00	8.7801	20.781
682	11/21/2025 21:00:00	8.7811	20.781
683	11/21/2025 21:01:00	8.7801	20.781
684	11/21/2025 21:02:00	8.7801	20.797
685	11/21/2025 21:03:00	8.7811	20.797
686	11/21/2025 21:04:00	8.7811	20.789
687	11/21/2025 21:05:00	8.7811	20.789
688	11/21/2025 21:06:00	8.7801	20.773
689	11/21/2025 21:07:00	8.7801	20.750
690	11/21/2025 21:08:00	8.7811	20.750
691	11/21/2025 21:09:00	8.7811	20.750
692	11/21/2025 21:10:00	8.7821	20.742
693	11/21/2025 21:11:00	8.7811	20.734
694	11/21/2025 21:12:00	8.7811	20.727
695	11/21/2025 21:13:00	8.7811	20.727
696	11/21/2025 21:14:00	8.7821	20.719
697	11/21/2025 21:15:00	8.7821	20.711
698	11/21/2025 21:16:00	8.7821	20.680
699	11/21/2025 21:17:00	8.7821	20.664
700	11/21/2025 21:18:00	8.7831	20.656
701	11/21/2025 21:19:00	8.7821	20.641
702	11/21/2025 21:20:00	8.7821	20.641
703	11/21/2025 21:21:00	8.7811	20.625
704	11/21/2025 21:22:00	8.7821	20.617
705	11/21/2025 21:23:00	8.7821	20.594
706	11/21/2025 21:24:00	8.7831	20.578
707	11/21/2025 21:25:00	8.7821	20.563
708	11/21/2025 21:26:00	8.7831	20.555
709	11/21/2025 21:27:00	8.7831	20.555
710	11/21/2025 21:28:00	8.7821	20.547
711	11/21/2025 21:29:00	8.7841	20.531
712	11/21/2025 21:30:00	8.7841	20.523
713	11/21/2025 21:31:00	8.7831	20.508
714	11/21/2025 21:32:00	8.7831	20.508
715	11/21/2025 21:33:00	8.7831	20.516
716	11/21/2025 21:34:00	8.7841	20.508
717	11/21/2025 21:35:00	8.7852	20.484
718	11/21/2025 21:36:00	8.7852	20.477
719	11/21/2025 21:37:00	8.7831	20.453
720	11/21/2025 21:38:00	8.7841	20.438
721	11/21/2025 21:39:00	8.7852	20.430
722	11/21/2025 21:40:00	8.7841	20.422
723	11/21/2025 21:41:00	8.7841	20.422
724	11/21/2025 21:42:00	8.7841	20.406
725	11/21/2025 21:43:00	8.7852	20.398
726	11/21/2025 21:44:00	8.7852	20.398
727	11/21/2025 21:45:00	8.7852	20.406
728	11/21/2025 21:46:00	8.7852	20.398
729	11/21/2025 21:47:00	8.7862	20.391
730	11/21/2025 21:48:00	8.7852	20.398
731	11/21/2025 21:49:00	8.7841	20.391
732	11/21/2025 21:50:00	8.7862	20.383
733	11/21/2025 21:51:00	8.7852	20.367
734	11/21/2025 21:52:00	8.7841	20.359
735	11/21/2025 21:53:00	8.7852	20.352
736	11/21/2025 21:54:00	8.7852	20.352
737	11/21/2025 21:55:00	8.7852	20.336
738	11/21/2025 21:56:00	8.7852	20.313
739	11/21/2025 21:57:00	8.7862	20.297
740	11/21/2025 21:58:00	8.7862	20.281
741	11/21/2025 21:59:00	8.7862	20.273
742	11/21/2025 22:00:00	8.7872	20.258
743	11/21/2025 22:01:00	8.7872	20.234
744	11/21/2025 22:02:00	8.7862	20.227
745	11/21/2025 22:03:00	8.7862	20.211
746	11/21/2025 22:04:00	8.7872	20.188
747	11/21/2025 22:05:00	8.7872	20.172
748	11/21/2025 22:06:00	8.7872	20.164
749	11/21/2025 22:07:00	8.7872	20.156
750	11/21/2025 22:08:00	8.7882	20.133
751	11/21/2025 22:09:00	8.7882	20.117
752	11/21/2025 22:10:00	8.7872	20.102
753	11/21/2025 22:11:00	8.7872	20.086
754	11/21/2025 22:12:00	8.7882	20.055
755	11/21/2025 22:13:00	8.7882	20.023
756	11/21/2025 22:14:00	8.7892	20.000
757	11/21/2025 22:15:00	8.7892	19.984
758	11/21/2025 22:16:00	8.7892	19.977
759	11/21/2025 22:17:00	8.7892	19.961
760	11/21/2025 22:18:00	8.7892	19.953
761	11/21/2025 22:19:00	8.7892	19.930
762	11/21/2025 22:20:00	8.7892	19.938
763	11/21/2025 22:21:00	8.7903	19.938
764	11/21/2025 22:22:00	8.7903	19.922
765	11/21/2025 22:23:00	8.7892	19.906
766	11/21/2025 22:24:00	8.7903	19.883
767	11/21/2025 22:25:00	8.7892	19.875
768	11/21/2025 22:26:00	8.7903	19.852
769	11/21/2025 22:27:00	8.7903	19.844
770	11/21/2025 22:28:00	8.7892	19.820
771	11/21/2025 22:29:00	8.7903	19.813
772	11/21/2025 22:30:00	8.7903	19.813
773	11/21/2025 22:31:00	8.7882	19.828
774	11/21/2025 22:32:00	8.7903	19.859
775	11/21/2025 22:33:00	8.7903	19.891
776	11/21/2025 22:34:00	8.7903	19.891
777	11/21/2025 22:35:00	8.7903	19.891
778	11/21/2025 22:36:00	8.7903	19.883
779	11/21/2025 22:37:00	8.7903	19.914
780	11/21/2025 22:38:00	8.7903	19.938
781	11/21/2025 22:39:00	8.7903	19.945
782	11/21/2025 22:40:00	8.7903	19.945
783	11/21/2025 22:41:00	8.7903	19.945
784	11/21/2025 22:42:00	8.7903	19.938
785	11/21/2025 22:43:00	8.7892	19.922
786	11/21/2025 22:44:00	8.7892	19.938
787	11/21/2025 22:45:00	8.7903	19.930
788	11/21/2025 22:46:00	8.7892	19.922
789	11/21/2025 22:47:00	8.7892	19.914
790	11/21/2025 22:48:00	8.7903	19.906
791	11/21/2025 22:49:00	8.7892	19.898
792	11/21/2025 22:50:00	8.7903	19.891
793	11/21/2025 22:51:00	8.7903	19.867
794	11/21/2025 22:52:00	8.7892	19.844
795	11/21/2025 22:53:00	8.7892	19.813
796	11/21/2025 22:54:00	8.7903	19.789
797	11/21/2025 22:55:00	8.7903	19.773
798	11/21/2025 22:56:00	8.7903	19.750
799	11/21/2025 22:57:00	8.7903	19.727
800	11/21/2025 22:58:00	8.7913	19.719
801	11/21/2025 22:59:00	8.7913	19.711
802	11/21/2025 23:00:00	8.7913	19.711
803	11/21/2025 23:01:00	8.7913	19.703
804	11/21/2025 23:02:00	8.7913	19.680
805	11/21/2025 23:03:00	8.7913	19.664
806	11/21/2025 23:04:00	8.7923	19.648
807	11/21/2025 23:05:00	8.7913	19.633
808	11/21/2025 23:06:00	8.7913	19.648
809	11/21/2025 23:07:00	8.7923	19.641
810	11/21/2025 23:08:00	8.7923	19.641
811	11/21/2025 23:09:00	8.7923	19.641
812	11/21/2025 23:10:00	8.7923	19.656
813	11/21/2025 23:11:00	8.7913	19.688
814	11/21/2025 23:12:00	8.7923	19.703
815	11/21/2025 23:13:00	8.7913	19.703
816	11/21/2025 23:14:00	8.7923	19.695
817	11/21/2025 23:15:00	8.7923	19.695
818	11/21/2025 23:16:00	8.7913	19.688
819	11/21/2025 23:17:00	8.7923	19.680
820	11/21/2025 23:18:00	8.7913	19.672
821	11/21/2025 23:19:00	8.7913	19.641
822	11/21/2025 23:20:00	8.7913	19.625
823	11/21/2025 23:21:00	8.7913	19.617
824	11/21/2025 23:22:00	8.7913	19.609
825	11/21/2025 23:23:00	8.7913	19.586
826	11/21/2025 23:24:00	8.7913	19.563
827	11/21/2025 23:25:00	8.7913	19.563
828	11/21/2025 23:26:00	8.7923	19.563
829	11/21/2025 23:27:00	8.7923	19.563
830	11/21/2025 23:28:00	8.7923	19.555
831	11/21/2025 23:29:00	8.7913	19.547
832	11/21/2025 23:30:00	8.7913	19.539
833	11/21/2025 23:31:00	8.7923	19.523
834	11/21/2025 23:32:00	8.7923	19.508
835	11/21/2025 23:33:00	8.7913	19.492
836	11/21/2025 23:34:00	8.7913	19.508
837	11/21/2025 23:35:00	8.7913	19.508
838	11/21/2025 23:36:00	8.7923	19.508
839	11/21/2025 23:37:00	8.7913	19.508
840	11/21/2025 23:38:00	8.7913	19.492
841	11/21/2025 23:39:00	8.7923	19.492
842	11/21/2025 23:40:00	8.7913	19.484
843	11/21/2025 23:41:00	8.7923	19.453
844	11/21/2025 23:42:00	8.7923	19.430
845	11/21/2025 23:43:00	8.7923	19.422
846	11/21/2025 23:44:00	8.7913	19.414
847	11/21/2025 23:45:00	8.7923	19.430
848	11/21/2025 23:46:00	8.7913	19.430
849	11/21/2025 23:47:00	8.7923	19.422
850	11/21/2025 23:48:00	8.7923	19.406
851	11/21/2025 23:49:00	8.7923	19.406
852	11/21/2025 23:50:00	8.7923	19.383
853	11/21/2025 23:51:00	8.7923	19.344
854	11/21/2025 23:52:00	8.7913	19.320
855	11/21/2025 23:53:00	8.7923	19.289
856	11/21/2025 23:54:00	8.7923	19.273
857	11/21/2025 23:55:00	8.7913	19.258
858	11/21/2025 23:56:00	8.7923	19.250
859	11/21/2025 23:57:00	8.7913	19.258
860	11/21/2025 23:58:00	8.7923	19.281
861	11/21/2025 23:59:00	8.7923	19.281
862	11/22/2025 0:00:00	8.7913	19.273
863	11/22/2025 0:01:00	8.7913	19.258
864	11/22/2025 0:02:00	8.7913	19.258
865	11/22/2025 0:03:00	8.7923	19.234
866	11/22/2025 0:04:00	8.7913	19.234
867	11/22/2025 0:05:00	8.7913	19.227
868	11/22/2025 0:06:00	8.7913	19.227
869	11/22/2025 0:07:00	8.7923	19.211
870	11/22/2025 0:08:00	8.7913	19.203
871	11/22/2025 0:09:00	8.7923	19.203
872	11/22/2025 0:10:00	8.7923	19.195
873	11/22/2025 0:11:00	8.7923	19.180
874	11/22/2025 0:12:00	8.7923	19.164
875	11/22/2025 0:13:00	8.7913	19.156
876	11/22/2025 0:14:00	8.7913	19.148
877	11/22/2025 0:15:00	8.7923	19.117
878	11/22/2025 0:16:00	8.7913	19.086
879	11/22/2025 0:17:00	8.7913	19.047
880	11/22/2025 0:18:00	8.7913	19.016
881	11/22/2025 0:19:00	8.7913	19.016
882	11/22/2025 0:20:00	8.7913	19.008
883	11/22/2025 0:21:00	8.7913	19.008
884	11/22/2025 0:22:00	8.7913	19.008
885	11/22/2025 0:23:00	8.7913	19.016
886	11/22/2025 0:24:00	8.7913	19.016
887	11/22/2025 0:25:00	8.7913	19.016
888	11/22/2025 0:26:00	8.7913	19.016
889	11/22/2025 0:27:00	8.7903	19.023
890	11/22/2025 0:28:00	8.7903	19.016
891	11/22/2025 0:29:00	8.7903	19.031
892	11/22/2025 0:30:00	8.7903	19.016
893	11/22/2025 0:31:00	8.7903	19.086
894	11/22/2025 0:32:00	8.7903	19.063
895	11/22/2025 0:33:00	8.7903	18.953
896	11/22/2025 0:34:00	8.7903	18.820
897	11/22/2025 0:35:00	8.7913	18.664
898	11/22/2025 0:36:00	8.7913	18.523
899	11/22/2025 0:37:00	8.7913	18.398
900	11/22/2025 0:38:00	8.7913	18.289
901	11/22/2025 0:39:00	8.7913	18.211
902	11/22/2025 0:40:00	8.7913	18.125
903	11/22/2025 0:41:00	8.7923	18.047
904	11/22/2025 0:42:00	8.7913	17.984
905	11/22/2025 0:43:00	8.7913	17.914
906	11/22/2025 0:44:00	8.7913	17.844
907	11/22/2025 0:45:00	8.7923	17.797
908	11/22/2025 0:46:00	8.7913	17.758
909	11/22/2025 0:47:00	8.7913	17.727
910	11/22/2025 0:48:00	8.7903	17.820
911	11/22/2025 0:49:00	8.7903	17.938
912	11/22/2025 0:50:00	8.7903	17.922
913	11/22/2025 0:51:00	8.7913	17.852
914	11/22/2025 0:52:00	8.7913	17.773
915	11/22/2025 0:53:00	8.7913	17.703
916	11/22/2025 0:54:00	8.7913	17.633
917	11/22/2025 0:55:00	8.7913	17.570
918	11/22/2025 0:56:00	8.7923	17.547
919	11/22/2025 0:57:00	8.7903	17.617
920	11/22/2025 0:58:00	8.7913	17.656
921	11/22/2025 0:59:00	8.7913	17.625
922	11/22/2025 1:00:00	8.7913	17.570
923	11/22/2025 1:01:00	8.7913	17.516
924	11/22/2025 1:02:00	8.7923	17.469
925	11/22/2025 1:03:00	8.7913	17.414
926	11/22/2025 1:04:00	8.7923	17.367
927	11/22/2025 1:05:00	8.7923	17.328
928	11/22/2025 1:06:00	8.7913	17.289
929	11/22/2025 1:07:00	8.7923	17.250
930	11/22/2025 1:08:00	8.7923	17.219
931	11/22/2025 1:09:00	8.7923	17.195
932	11/22/2025 1:10:00	8.7923	17.188
933	11/22/2025 1:11:00	8.7923	17.203
934	11/22/2025 1:12:00	8.7913	17.234
935	11/22/2025 1:13:00	8.7913	17.242
936	11/22/2025 1:14:00	8.7913	17.305
937	11/22/2025 1:15:00	8.7892	17.500
938	11/22/2025 1:16:00	8.7903	17.602
939	11/22/2025 1:17:00	8.7903	17.609
940	11/22/2025 1:18:00	8.7903	17.578
941	11/22/2025 1:19:00	8.7913	17.516
942	11/22/2025 1:20:00	8.7903	17.445
943	11/22/2025 1:21:00	8.7913	17.375
944	11/22/2025 1:22:00	8.7923	17.305
945	11/22/2025 1:23:00	8.7913	17.242
946	11/22/2025 1:24:00	8.7913	17.195
947	11/22/2025 1:25:00	8.7923	17.141
948	11/22/2025 1:26:00	8.7923	17.109
949	11/22/2025 1:27:00	8.7913	17.109
950	11/22/2025 1:28:00	8.7913	17.109
951	11/22/2025 1:29:00	8.7913	17.109
952	11/22/2025 1:30:00	8.7913	17.188
953	11/22/2025 1:31:00	8.7903	17.250
954	11/22/2025 1:32:00	8.7913	17.266
955	11/22/2025 1:33:00	8.7913	17.258
956	11/22/2025 1:34:00	8.7903	17.234
957	11/22/2025 1:35:00	8.7903	17.195
958	11/22/2025 1:36:00	8.7903	17.156
959	11/22/2025 1:37:00	8.7913	17.125
960	11/22/2025 1:38:00	8.7913	17.086
961	11/22/2025 1:39:00	8.7913	17.070
962	11/22/2025 1:40:00	8.7903	17.063
963	11/22/2025 1:41:00	8.7903	17.047
964	11/22/2025 1:42:00	8.7903	17.063
965	11/22/2025 1:43:00	8.7892	17.125
966	11/22/2025 1:44:00	8.7903	17.156
967	11/22/2025 1:45:00	8.7892	17.148
968	11/22/2025 1:46:00	8.7892	17.125
969	11/22/2025 1:47:00	8.7903	17.086
970	11/22/2025 1:48:00	8.7903	17.063
971	11/22/2025 1:49:00	8.7903	17.023
972	11/22/2025 1:50:00	8.7903	17.000
973	11/22/2025 1:51:00	8.7903	16.969
974	11/22/2025 1:52:00	8.7903	16.977
975	11/22/2025 1:53:00	8.7903	16.977
976	11/22/2025 1:54:00	8.7903	16.961
977	11/22/2025 1:55:00	8.7903	16.945
978	11/22/2025 1:56:00	8.7903	16.922
979	11/22/2025 1:57:00	8.7903	16.906
980	11/22/2025 1:58:00	8.7892	16.891
981	11/22/2025 1:59:00	8.7903	16.883
982	11/22/2025 2:00:00	8.7903	16.883
983	11/22/2025 2:01:00	8.7903	16.883
984	11/22/2025 2:02:00	8.7903	16.883
985	11/22/2025 2:03:00	8.7913	16.883
986	11/22/2025 2:04:00	8.7903	16.883
987	11/22/2025 2:05:00	8.7903	16.875
988	11/22/2025 2:06:00	8.7903	16.859
989	11/22/2025 2:07:00	8.7892	16.836
990	11/22/2025 2:08:00	8.7903	16.828
991	11/22/2025 2:09:00	8.7903	16.828
992	11/22/2025 2:10:00	8.7913	16.836
993	11/22/2025 2:11:00	8.7913	16.828
994	11/22/2025 2:12:00	8.7903	16.828
995	11/22/2025 2:13:00	8.7903	16.820
996	11/22/2025 2:14:00	8.7913	16.813
997	11/22/2025 2:15:00	8.7903	16.797
998	11/22/2025 2:16:00	8.7913	16.781
999	11/22/2025 2:17:00	8.7892	16.758
1,000	11/22/2025 2:18:00	8.7903	16.742
1,001	11/22/2025 2:19:00	8.7892	16.734
1,002	11/22/2025 2:20:00	8.7903	16.742
1,003	11/22/2025 2:21:00	8.7903	16.766
1,004	11/22/2025 2:22:00	8.7882	16.883
1,005	11/22/2025 2:23:00	8.7882	17.055
1,006	11/22/2025 2:24:00	8.7882	17.086
1,007	11/22/2025 2:25:00	8.7892	17.063
1,008	11/22/2025 2:26:00	8.7882	17.031
1,009	11/22/2025 2:27:00	8.7892	17.039
1,010	11/22/2025 2:28:00	8.7882	17.031
1,011	11/22/2025 2:29:00	8.7892	16.977
1,012	11/22/2025 2:30:00	8.7882	16.922
1,013	11/22/2025 2:31:00	8.7892	16.883
1,014	11/22/2025 2:32:00	8.7892	16.844
1,015	11/22/2025 2:33:00	8.7892	16.820
1,016	11/22/2025 2:34:00	8.7892	16.805
1,017	11/22/2025 2:35:00	8.7892	16.781
1,018	11/22/2025 2:36:00	8.7892	16.766
1,019	11/22/2025 2:37:00	8.7892	16.734
1,020	11/22/2025 2:38:00	8.7903	16.711
1,021	11/22/2025 2:39:00	8.7892	16.695
1,022	11/22/2025 2:40:00	8.7892	16.672
1,023	11/22/2025 2:41:00	8.7903	16.648
1,024	11/22/2025 2:42:00	8.7892	16.633
1,025	11/22/2025 2:43:00	8.7903	16.625
1,026	11/22/2025 2:44:00	8.7903	16.625
1,027	11/22/2025 2:45:00	8.7903	16.641
1,028	11/22/2025 2:46:00	8.7892	16.641
1,029	11/22/2025 2:47:00	8.7892	16.648
1,030	11/22/2025 2:48:00	8.7903	16.648
1,031	11/22/2025 2:49:00	8.7903	16.641
1,032	11/22/2025 2:50:00	8.7903	16.633
1,033	11/22/2025 2:51:00	8.7903	16.648
1,034	11/22/2025 2:52:00	8.7913	16.641
1,035	11/22/2025 2:53:00	8.7903	16.625
1,036	11/22/2025 2:54:00	8.7903	16.625
1,037	11/22/2025 2:55:00	8.7903	16.609
1,038	11/22/2025 2:56:00	8.7903	16.594
1,039	11/22/2025 2:57:00	8.7903	16.586
1,040	11/22/2025 2:58:00	8.7903	16.594
1,041	11/22/2025 2:59:00	8.7903	16.594
1,042	11/22/2025 3:00:00	8.7892	16.594
1,043	11/22/2025 3:01:00	8.7903	16.594
1,044	11/22/2025 3:02:00	8.7903	16.570
1,045	11/22/2025 3:03:00	8.7903	16.563
1,046	11/22/2025 3:04:00	8.7903	16.539
1,047	11/22/2025 3:05:00	8.7903	16.523
1,048	11/22/2025 3:06:00	8.7903	16.508
1,049	11/22/2025 3:07:00	8.7903	16.500
1,050	11/22/2025 3:08:00	8.7903	16.484
1,051	11/22/2025 3:09:00	8.7892	16.469
1,052	11/22/2025 3:10:00	8.7903	16.445
1,053	11/22/2025 3:11:00	8.7903	16.430
1,054	11/22/2025 3:12:00	8.7913	16.414
1,055	11/22/2025 3:13:00	8.7903	16.398
1,056	11/22/2025 3:14:00	8.7903	16.406
1,057	11/22/2025 3:15:00	8.7903	16.406
1,058	11/22/2025 3:16:00	8.7913	16.406
1,059	11/22/2025 3:17:00	8.7903	16.406
1,060	11/22/2025 3:18:00	8.7903	16.406
1,061	11/22/2025 3:19:00	8.7913	16.383
1,062	11/22/2025 3:20:00	8.7913	16.359
1,063	11/22/2025 3:21:00	8.7903	16.375
1,064	11/22/2025 3:22:00	8.7903	16.383
1,065	11/22/2025 3:23:00	8.7903	16.406
1,066	11/22/2025 3:24:00	8.7892	16.453
1,067	11/22/2025 3:25:00	8.7903	16.469
1,068	11/22/2025 3:26:00	8.7903	16.453
1,069	11/22/2025 3:27:00	8.7903	16.430
1,070	11/22/2025 3:28:00	8.7903	16.398
1,071	11/22/2025 3:29:00	8.7903	16.367
1,072	11/22/2025 3:30:00	8.7903	16.344
1,073	11/22/2025 3:31:00	8.7903	16.320
1,074	11/22/2025 3:32:00	8.7903	16.297
1,075	11/22/2025 3:33:00	8.7903	16.273
1,076	11/22/2025 3:34:00	8.7913	16.250
1,077	11/22/2025 3:35:00	8.7913	16.227
1,078	11/22/2025 3:36:00	8.7913	16.203
1,079	11/22/2025 3:37:00	8.7913	16.188
1,080	11/22/2025 3:38:00	8.7913	16.180
1,081	11/22/2025 3:39:00	8.7913	16.180
1,082	11/22/2025 3:40:00	8.7913	16.180
1,083	11/22/2025 3:41:00	8.7913	16.188
1,084	11/22/2025 3:42:00	8.7923	16.195
1,085	11/22/2025 3:43:00	8.7923	16.195
1,086	11/22/2025 3:44:00	8.7923	16.203
1,087	11/22/2025 3:45:00	8.7903	16.227
1,088	11/22/2025 3:46:00	8.7923	16.234
1,089	11/22/2025 3:47:00	8.7923	16.258
1,090	11/22/2025 3:48:00	8.7913	16.273
1,091	11/22/2025 3:49:00	8.7913	16.297
1,092	11/22/2025 3:50:00	8.7913	16.328
1,093	11/22/2025 3:51:00	8.7913	16.352
1,094	11/22/2025 3:52:00	8.7913	16.359
1,095	11/22/2025 3:53:00	8.7903	16.352
1,096	11/22/2025 3:54:00	8.7903	16.352
1,097	11/22/2025 3:55:00	8.7913	16.336
1,098	11/22/2025 3:56:00	8.7913	16.320
1,099	11/22/2025 3:57:00	8.7913	16.336
1,100	11/22/2025 3:58:00	8.7913	16.320
1,101	11/22/2025 3:59:00	8.7903	16.305
1,102	11/22/2025 4:00:00	8.7903	16.289
1,103	11/22/2025 4:01:00	8.7903	16.266
1,104	11/22/2025 4:02:00	8.7903	16.242
1,105	11/22/2025 4:03:00	8.7913	16.227
1,106	11/22/2025 4:04:00	8.7913	16.219
1,107	11/22/2025 4:05:00	8.7903	16.195
1,108	11/22/2025 4:06:00	8.7903	16.180
1,109	11/22/2025 4:07:00	8.7903	16.172
1,110	11/22/2025 4:08:00	8.7913	16.164
1,111	11/22/2025 4:09:00	8.7903	16.156
1,112	11/22/2025 4:10:00	8.7903	16.180
1,113	11/22/2025 4:11:00	8.7903	16.188
1,114	11/22/2025 4:12:00	8.7913	16.211
1,115	11/22/2025 4:13:00	8.7903	16.234
1,116	11/22/2025 4:14:00	8.7903	16.258
1,117	11/22/2025 4:15:00	8.7903	16.258
1,118	11/22/2025 4:16:00	8.7913	16.242
1,119	11/22/2025 4:17:00	8.7923	16.234
1,120	11/22/2025 4:18:00	8.7913	16.227
1,121	11/22/2025 4:19:00	8.7923	16.211
1,122	11/22/2025 4:20:00	8.7913	16.195
1,123	11/22/2025 4:21:00	8.7913	16.188
1,124	11/22/2025 4:22:00	8.7923	16.172
1,125	11/22/2025 4:23:00	8.7923	16.156
1,126	11/22/2025 4:24:00	8.7913	16.164
1,127	11/22/2025 4:25:00	8.7913	16.188
1,128	11/22/2025 4:26:00	8.7913	16.188
1,129	11/22/2025 4:27:00	8.7923	16.172
1,130	11/22/2025 4:28:00	8.7923	16.172
1,131	11/22/2025 4:29:00	8.7933	16.164
1,132	11/22/2025 4:30:00	8.7923	16.172
1,133	11/22/2025 4:31:00	8.7933	16.164
1,134	11/22/2025 4:32:00	8.7933	16.141
1,135	11/22/2025 4:33:00	8.7923	16.133
1,136	11/22/2025 4:34:00	8.7933	16.117
1,137	11/22/2025 4:35:00	8.7933	16.102
1,138	11/22/2025 4:36:00	8.7923	16.078
1,139	11/22/2025 4:37:00	8.7943	16.086
1,140	11/22/2025 4:38:00	8.7933	16.086
1,141	11/22/2025 4:39:00	8.7933	16.109
1,142	11/22/2025 4:40:00	8.7933	16.117
1,143	11/22/2025 4:41:00	8.7933	16.125
1,144	11/22/2025 4:42:00	8.7933	16.117
1,145	11/22/2025 4:43:00	8.7933	16.094
1,146	11/22/2025 4:44:00	8.7933	16.086
1,147	11/22/2025 4:45:00	8.7933	16.078
1,148	11/22/2025 4:46:00	8.7923	16.070
1,149	11/22/2025 4:47:00	8.7933	16.063
1,150	11/22/2025 4:48:00	8.7933	16.063
1,151	11/22/2025 4:49:00	8.7923	16.078
1,152	11/22/2025 4:50:00	8.7933	16.078
1,153	11/22/2025 4:51:00	8.7923	16.086
1,154	11/22/2025 4:52:00	8.7923	16.070
1,155	11/22/2025 4:53:00	8.7923	16.055
1,156	11/22/2025 4:54:00	8.7923	16.047
1,157	11/22/2025 4:55:00	8.7933	16.016
1,158	11/22/2025 4:56:00	8.7933	16.008
1,159	11/22/2025 4:57:00	8.7933	16.000
1,160	11/22/2025 4:58:00	8.7933	15.992
1,161	11/22/2025 4:59:00	8.7933	16.000
1,162	11/22/2025 5:00:00	8.7933	16.031
1,163	11/22/2025 5:01:00	8.7923	16.055
1,164	11/22/2025 5:02:00	8.7933	16.063
1,165	11/22/2025 5:03:00	8.7933	16.047
1,166	11/22/2025 5:04:00	8.7933	16.047
1,167	11/22/2025 5:05:00	8.7933	16.047
1,168	11/22/2025 5:06:00	8.7933	16.047
1,169	11/22/2025 5:07:00	8.7943	16.047
1,170	11/22/2025 5:08:00	8.7933	16.031
1,171	11/22/2025 5:09:00	8.7943	16.016
1,172	11/22/2025 5:10:00	8.7933	16.000
1,173	11/22/2025 5:11:00	8.7933	15.977
1,174	11/22/2025 5:12:00	8.7943	15.961
1,175	11/22/2025 5:13:00	8.7933	15.992
1,176	11/22/2025 5:14:00	8.7943	16.016
1,177	11/22/2025 5:15:00	8.7943	16.016
1,178	11/22/2025 5:16:00	8.7933	16.023
1,179	11/22/2025 5:17:00	8.7933	16.039
1,180	11/22/2025 5:18:00	8.7933	16.039
1,181	11/22/2025 5:19:00	8.7943	16.031
1,182	11/22/2025 5:20:00	8.7933	16.031
1,183	11/22/2025 5:21:00	8.7933	16.031
1,184	11/22/2025 5:22:00	8.7943	16.016
1,185	11/22/2025 5:23:00	8.7943	15.992
1,186	11/22/2025 5:24:00	8.7943	16.000
1,187	11/22/2025 5:25:00	8.7933	15.992
1,188	11/22/2025 5:26:00	8.7943	16.016
1,189	11/22/2025 5:27:00	8.7943	16.023
1,190	11/22/2025 5:28:00	8.7943	16.063
1,191	11/22/2025 5:29:00	8.7943	16.086
1,192	11/22/2025 5:30:00	8.7933	16.156
1,193	11/22/2025 5:31:00	8.7943	16.234
1,194	11/22/2025 5:32:00	8.7933	16.289
1,195	11/22/2025 5:33:00	8.7933	16.328
1,196	11/22/2025 5:34:00	8.7943	16.336
1,197	11/22/2025 5:35:00	8.7943	16.313
1,198	11/22/2025 5:36:00	8.7943	16.273
1,199	11/22/2025 5:37:00	8.7954	16.250
1,200	11/22/2025 5:38:00	8.7943	16.234
1,201	11/22/2025 5:39:00	8.7954	16.203
1,202	11/22/2025 5:40:00	8.7943	16.195
1,203	11/22/2025 5:41:00	8.7943	16.250
1,204	11/22/2025 5:42:00	8.7933	16.313
1,205	11/22/2025 5:43:00	8.7933	16.352
1,206	11/22/2025 5:44:00	8.7943	16.383
1,207	11/22/2025 5:45:00	8.7943	16.398
1,208	11/22/2025 5:46:00	8.7943	16.398
1,209	11/22/2025 5:47:00	8.7943	16.422
1,210	11/22/2025 5:48:00	8.7943	16.438
1,211	11/22/2025 5:49:00	8.7943	16.445
1,212	11/22/2025 5:50:00	8.7943	16.461
1,213	11/22/2025 5:51:00	8.7943	16.477
1,214	11/22/2025 5:52:00	8.7954	16.516
1,215	11/22/2025 5:53:00	8.7943	16.570
1,216	11/22/2025 5:54:00	8.7943	16.617
1,217	11/22/2025 5:55:00	8.7954	16.656
1,218	11/22/2025 5:56:00	8.7943	16.711
1,219	11/22/2025 5:57:00	8.7933	16.797
1,220	11/22/2025 5:58:00	8.7933	16.898
1,221	11/22/2025 5:59:00	8.7943	17.023
1,222	11/22/2025 6:00:00	8.7923	17.156
1,223	11/22/2025 6:01:00	8.7923	17.289
1,224	11/22/2025 6:02:00	8.7923	17.438
1,225	11/22/2025 6:03:00	8.7913	17.664
1,226	11/22/2025 6:04:00	8.7913	17.914
1,227	11/22/2025 6:05:00	8.7903	18.148
1,228	11/22/2025 6:06:00	8.7903	18.383
1,229	11/22/2025 6:07:00	8.7903	18.609
1,230	11/22/2025 6:08:00	8.7892	18.820
1,231	11/22/2025 6:09:00	8.7882	19.039
1,232	11/22/2025 6:10:00	8.7872	19.289
1,233	11/22/2025 6:11:00	8.7872	19.555
1,234	11/22/2025 6:12:00	8.7872	19.813
1,235	11/22/2025 6:13:00	8.7862	20.094
1,236	11/22/2025 6:14:00	8.7862	20.336
1,237	11/22/2025 6:15:00	8.7852	20.539
1,238	11/22/2025 6:16:00	8.7852	20.711
1,239	11/22/2025 6:17:00	8.7862	20.852
1,240	11/22/2025 6:18:00	8.7852	21.016
1,241	11/22/2025 6:19:00	8.7862	21.188
1,242	11/22/2025 6:20:00	8.7862	21.305
1,243	11/22/2025 6:21:00	8.7862	21.406
1,244	11/22/2025 6:22:00	8.7862	21.539
1,245	11/22/2025 6:23:00	8.7852	21.672
1,246	11/22/2025 6:24:00	8.7852	21.789
1,247	11/22/2025 6:25:00	8.7852	21.898
1,248	11/22/2025 6:26:00	8.7862	22.008
1,249	11/22/2025 6:27:00	8.7862	22.102
1,250	11/22/2025 6:28:00	8.7862	22.172
1,251	11/22/2025 6:29:00	8.7862	22.195
1,252	11/22/2025 6:30:00	8.7872	22.266
1,253	11/22/2025 6:31:00	8.7862	22.406
1,254	11/22/2025 6:32:00	8.7862	22.578
1,255	11/22/2025 6:33:00	8.7862	22.727
1,256	11/22/2025 6:34:00	8.7872	22.852
1,257	11/22/2025 6:35:00	8.7862	22.914
1,258	11/22/2025 6:36:00	8.7862	22.984
1,259	11/22/2025 6:37:00	8.7862	23.063
1,260	11/22/2025 6:38:00	8.7852	23.195
1,261	11/22/2025 6:39:00	8.7841	23.367
1,262	11/22/2025 6:40:00	8.7852	23.516
1,263	11/22/2025 6:41:00	8.7852	23.594
1,264	11/22/2025 6:42:00	8.7862	23.648
1,265	11/22/2025 6:43:00	8.7862	23.688
1,266	11/22/2025 6:44:00	8.7862	23.742
1,267	11/22/2025 6:45:00	8.7862	23.805
1,268	11/22/2025 6:46:00	8.7862	23.883
1,269	11/22/2025 6:47:00	8.7862	23.977
1,270	11/22/2025 6:48:00	8.7862	24.086
1,271	11/22/2025 6:49:00	8.7852	24.148
1,272	11/22/2025 6:50:00	8.7852	24.242
1,273	11/22/2025 6:51:00	8.7862	24.289
1,274	11/22/2025 6:52:00	8.7852	24.328
1,275	11/22/2025 6:53:00	8.7862	24.398
1,276	11/22/2025 6:54:00	8.7862	24.516
1,277	11/22/2025 6:55:00	8.7852	24.523
1,278	11/22/2025 6:56:00	8.7852	24.555
1,279	11/22/2025 6:57:00	8.7862	24.578
1,280	11/22/2025 6:58:00	8.7862	24.547
1,281	11/22/2025 6:59:00	8.7862	24.641
1,282	11/22/2025 7:00:00	8.7852	24.766
1,283	11/22/2025 7:01:00	8.7852	24.828
1,284	11/22/2025 7:02:00	8.7852	24.867
1,285	11/22/2025 7:03:00	8.7862	24.859
1,286	11/22/2025 7:04:00	8.7841	24.898
1,287	11/22/2025 7:05:00	8.7852	24.922
1,288	11/22/2025 7:06:00	8.7852	24.953
1,289	11/22/2025 7:07:00	8.7852	24.961
1,290	11/22/2025 7:08:00	8.7852	25.008
1,291	11/22/2025 7:09:00	8.7852	25.078
1,292	11/22/2025 7:10:00	8.7862	25.102
1,293	11/22/2025 7:11:00	8.7852	25.172
1,294	11/22/2025 7:12:00	8.7862	25.180
1,295	11/22/2025 7:13:00	8.7862	25.156
1,296	11/22/2025 7:14:00	8.7852	25.211
1,297	11/22/2025 7:15:00	8.7862	25.258
1,298	11/22/2025 7:16:00	8.7852	25.320
1,299	11/22/2025 7:17:00	8.7862	25.258
1,300	11/22/2025 7:18:00	8.7862	25.203
1,301	11/22/2025 7:19:00	8.7862	25.227
1,302	11/22/2025 7:20:00	8.7862	25.188
1,303	11/22/2025 7:21:00	8.7872	25.172
1,304	11/22/2025 7:22:00	8.7852	25.234
1,305	11/22/2025 7:23:00	8.7852	25.297
1,306	11/22/2025 7:24:00	8.7852	25.391
1,307	11/22/2025 7:25:00	8.7852	25.555
1,308	11/22/2025 7:26:00	8.7852	25.617
1,309	11/22/2025 7:27:00	8.7852	25.586
1,310	11/22/2025 7:28:00	8.7852	25.492
1,311	11/22/2025 7:29:00	8.7852	25.430
1,312	11/22/2025 7:30:00	8.7862	25.422
1,313	11/22/2025 7:31:00	8.7852	25.516
1,314	11/22/2025 7:32:00	8.7852	25.617
1,315	11/22/2025 7:33:00	8.7852	25.711
1,316	11/22/2025 7:34:00	8.7862	25.719
1,317	11/22/2025 7:35:00	8.7862	25.672
1,318	11/22/2025 7:36:00	8.7862	25.617
1,319	11/22/2025 7:37:00	8.7852	25.633
1,320	11/22/2025 7:38:00	8.7862	25.664
1,321	11/22/2025 7:39:00	8.7852	25.688
1,322	11/22/2025 7:40:00	8.7862	25.719
1,323	11/22/2025 7:41:00	8.7852	25.734
1,324	11/22/2025 7:42:00	8.7852	25.813
1,325	11/22/2025 7:43:00	8.7862	25.734
1,326	11/22/2025 7:44:00	8.7852	25.789
1,327	11/22/2025 7:45:00	8.7852	25.773
1,328	11/22/2025 7:46:00	8.7852	25.797
1,329	11/22/2025 7:47:00	8.7852	25.898
1,330	11/22/2025 7:48:00	8.7852	25.891
1,331	11/22/2025 7:49:00	8.7862	25.836
1,332	11/22/2025 7:50:00	8.7852	25.922
1,333	11/22/2025 7:51:00	8.7852	26.008
1,334	11/22/2025 7:52:00	8.7841	26.000
1,335	11/22/2025 7:53:00	8.7852	26.031
1,336	11/22/2025 7:54:00	8.7852	26.086
1,337	11/22/2025 7:55:00	8.7862	26.125
1,338	11/22/2025 7:56:00	8.7852	26.102
1,339	11/22/2025 7:57:00	8.7862	26.086
1,340	11/22/2025 7:58:00	8.7862	26.070
1,341	11/22/2025 7:59:00	8.7862	26.039
1,342	11/22/2025 8:00:00	8.7862	26.016
1,343	11/22/2025 8:01:00	8.7852	25.984
1,344	11/22/2025 8:02:00	8.7862	26.070
1,345	11/22/2025 8:03:00	8.7852	26.180
1,346	11/22/2025 8:04:00	8.7862	26.234
1,347	11/22/2025 8:05:00	8.7852	26.344
1,348	11/22/2025 8:06:00	8.7852	26.461
1,349	11/22/2025 8:07:00	8.7841	26.547
1,350	11/22/2025 8:08:00	8.7852	26.570
1,351	11/22/2025 8:09:00	8.7841	26.586
1,352	11/22/2025 8:10:00	8.7852	26.594
1,353	11/22/2025 8:11:00	8.7831	26.555
1,354	11/22/2025 8:12:00	8.7831	26.508
1,355	11/22/2025 8:13:00	8.7862	26.359
1,356	11/22/2025 8:14:00	8.7841	26.305
1,357	11/22/2025 8:15:00	8.7852	26.219
1,358	11/22/2025 8:16:00	8.7852	26.109
1,359	11/22/2025 8:17:00	8.7852	26.055
1,360	11/22/2025 8:18:00	8.7852	25.914
1,361	11/22/2025 8:19:00	8.7852	25.820
1,362	11/22/2025 8:20:00	8.7862	25.750
1,363	11/22/2025 8:21:00	8.7852	25.695
1,364	11/22/2025 8:22:00	8.7862	25.617
1,365	11/22/2025 8:23:00	8.7862	25.539
1,366	11/22/2025 8:24:00	8.7862	25.422
1,367	11/22/2025 8:25:00	8.7862	25.242
1,368	11/22/2025 8:26:00	8.7882	25.047
1,369	11/22/2025 8:27:00	8.7872	24.930
1,370	11/22/2025 8:28:00	8.7882	24.836
1,371	11/22/2025 8:29:00	8.7882	24.766
1,372	11/22/2025 8:30:00	8.7872	24.719
1,373	11/22/2025 8:31:00	8.7892	24.656
1,374	11/22/2025 8:32:00	8.7882	24.555
1,375	11/22/2025 8:33:00	8.7892	24.484
1,376	11/22/2025 8:34:00	8.7882	24.391
1,377	11/22/2025 8:35:00	8.7892	24.305
1,378	11/22/2025 8:36:00	8.7892	24.258
1,379	11/22/2025 8:37:00	8.7892	24.258
1,380	11/22/2025 8:38:00	8.7892	24.242
1,381	11/22/2025 8:39:00	8.7892	24.195
1,382	11/22/2025 8:40:00	8.7892	24.188
1,383	11/22/2025 8:41:00	8.7892	24.172
1,384	11/22/2025 8:42:00	8.7892	24.148
1,385	11/22/2025 8:43:00	8.7892	24.117
1,386	11/22/2025 8:44:00	8.7892	24.102
1,387	11/22/2025 8:45:00	8.7892	24.117
1,388	11/22/2025 8:46:00	8.7892	24.102
1,389	11/22/2025 8:47:00	8.7892	24.094
1,390	11/22/2025 8:48:00	8.7892	24.078
1,391	11/22/2025 8:49:00	8.7903	24.094
1,392	11/22/2025 8:50:00	8.7892	24.125
1,393	11/22/2025 8:51:00	8.7882	24.211
1,394	11/22/2025 8:52:00	8.7882	24.305
1,395	11/22/2025 8:53:00	8.7882	24.375
1,396	11/22/2025 8:54:00	8.7882	24.445
1,397	11/22/2025 8:55:00	8.7872	24.563
1,398	11/22/2025 8:56:00	8.7872	24.656
1,399	11/22/2025 8:57:00	8.7872	24.648
1,400	11/22/2025 8:58:00	8.7872	24.695
1,401	11/22/2025 8:59:00	8.7862	24.766
1,402	11/22/2025 9:00:00	8.7872	24.805
1,403	11/22/2025 9:01:00	8.7882	24.859
1,404	11/22/2025 9:02:00	8.7872	24.984
1,405	11/22/2025 9:03:00	8.7872	25.055
1,406	11/22/2025 9:04:00	8.7872	25.102
1,407	11/22/2025 9:05:00	8.7862	25.156
1,408	11/22/2025 9:06:00	8.7862	25.211
1,409	11/22/2025 9:07:00	8.7862	25.258
1,410	11/22/2025 9:08:00	8.7872	25.227
1,411	11/22/2025 9:09:00	8.7872	25.242
1,412	11/22/2025 9:10:00	8.7862	25.266
1,413	11/22/2025 9:11:00	8.7862	25.297
1,414	11/22/2025 9:12:00	8.7862	25.289
1,415	11/22/2025 9:13:00	8.7862	25.227
1,416	11/22/2025 9:14:00	8.7862	25.203
1,417	11/22/2025 9:15:00	8.7862	25.211
1,418	11/22/2025 9:16:00	8.7862	25.234
1,419	11/22/2025 9:17:00	8.7862	25.227
1,420	11/22/2025 9:18:00	8.7852	25.234
1,421	11/22/2025 9:19:00	8.7862	25.250
1,422	11/22/2025 9:20:00	8.7872	25.242
1,423	11/22/2025 9:21:00	8.7872	25.219
1,424	11/22/2025 9:22:00	8.7862	25.219
1,425	11/22/2025 9:23:00	8.7862	25.227
1,426	11/22/2025 9:24:00	8.7862	25.313
1,427	11/22/2025 9:25:00	8.7862	25.359
1,428	11/22/2025 9:26:00	8.7852	25.438
1,429	11/22/2025 9:27:00	8.7862	25.492
1,430	11/22/2025 9:28:00	8.7852	25.461
1,431	11/22/2025 9:29:00	8.7852	25.461
1,432	11/22/2025 9:30:00	8.7852	25.523
1,433	11/22/2025 9:31:00	8.7862	25.539
1,434	11/22/2025 9:32:00	8.7862	25.563
1,435	11/22/2025 9:33:00	8.7852	25.719
1,436	11/22/2025 9:34:00	8.7841	25.922
1,437	11/22/2025 9:35:00	8.7841	26.086
1,438	11/22/2025 9:36:00	8.7841	26.156
1,439	11/22/2025 9:37:00	8.7852	26.141
1,440	11/22/2025 9:38:00	8.7852	26.141
1,441	11/22/2025 9:39:00	8.7852	26.102
1,442	11/22/2025 9:40:00	8.7831	26.188
1,443	11/22/2025 9:41:00	8.7852	26.250
1,444	11/22/2025 9:42:00	8.7841	26.305
1,445	11/22/2025 9:43:00	8.7841	26.266
1,446	11/22/2025 9:44:00	8.7841	26.305
1,447	11/22/2025 9:45:00	8.7831	26.344
1,448	11/22/2025 9:46:00	8.7841	26.391
1,449	11/22/2025 9:47:00	8.7831	26.445
1,450	11/22/2025 9:48:00	8.7831	26.484
1,451	11/22/2025 9:49:00	8.7831	26.445
1,452	11/22/2025 9:50:00	8.7831	26.477
1,453	11/22/2025 9:51:00	8.7831	26.516
1,454	11/22/2025 9:52:00	8.7831	26.516
1,455	11/22/2025 9:53:00	8.7831	26.547
1,456	11/22/2025 9:54:00	8.7821	26.547
1,457	11/22/2025 9:55:00	8.7801	26.672
1,458	11/22/2025 9:56:00	8.7821	26.867
1,459	11/22/2025 9:57:00	8.7821	27.016
1,460	11/22/2025 9:58:00	8.7821	27.078
1,461	11/22/2025 9:59:00	8.7801	27.117
1,462	11/22/2025 10:00:00	8.7811	27.117
1,463	11/22/2025 10:01:00	8.7811	27.125
1,464	11/22/2025 10:02:00	8.7811	27.227
1,465	11/22/2025 10:03:00	8.7811	27.242
1,466	11/22/2025 10:04:00	8.7821	27.203
1,467	11/22/2025 10:05:00	8.7811	27.258
1,468	11/22/2025 10:06:00	8.7801	27.344
1,469	11/22/2025 10:07:00	8.7801	27.453
1,470	11/22/2025 10:08:00	8.7811	27.586
1,471	11/22/2025 10:09:00	8.7801	27.672
1,472	11/22/2025 10:10:00	8.7791	27.750
1,473	11/22/2025 10:11:00	8.7791	27.758
1,474	11/22/2025 10:12:00	8.7791	27.781
1,475	11/22/2025 10:13:00	8.7791	27.766
1,476	11/22/2025 10:14:00	8.7791	27.742
1,477	11/22/2025 10:15:00	8.7780	27.828
1,478	11/22/2025 10:16:00	8.7780	27.984
1,479	11/22/2025 10:17:00	8.7791	28.078
1,480	11/22/2025 10:18:00	8.7780	28.242
1,481	11/22/2025 10:19:00	8.7770	28.242
1,482	11/22/2025 10:20:00	8.7791	28.141
1,483	11/22/2025 10:21:00	8.7791	27.977
1,484	11/22/2025 10:22:00	8.7791	28.016
1,485	11/22/2025 10:23:00	8.7780	28.016
1,486	11/22/2025 10:24:00	8.7791	28.047
1,487	11/22/2025 10:25:00	8.7780	28.023
1,488	11/22/2025 10:26:00	8.7791	27.898
1,489	11/22/2025 10:27:00	8.7780	27.891
1,490	11/22/2025 10:28:00	8.7780	27.914
1,491	11/22/2025 10:29:00	8.7780	27.906
1,492	11/22/2025 10:30:00	8.7780	27.945
1,493	11/22/2025 10:31:00	8.7770	28.055
1,494	11/22/2025 10:32:00	8.7760	28.180
1,495	11/22/2025 10:33:00	8.7760	28.305
1,496	11/22/2025 10:34:00	8.7760	28.453
1,497	11/22/2025 10:35:00	8.7760	28.500
1,498	11/22/2025 10:36:00	8.7760	28.523
1,499	11/22/2025 10:37:00	8.7760	28.508
1,500	11/22/2025 10:38:00	8.7760	28.484
1,501	11/22/2025 10:39:00	8.7760	28.547
1,502	11/22/2025 10:40:00	8.7750	28.570
1,503	11/22/2025 10:41:00	8.7750	28.617
1,504	11/22/2025 10:42:00	8.7750	28.734
1,505	11/22/2025 10:43:00	8.7750	28.789
1,506	11/22/2025 10:44:00	8.7740	28.820
1,507	11/22/2025 10:45:00	8.7750	28.922
1,508	11/22/2025 10:46:00	8.7740	29.102
1,509	11/22/2025 10:47:00	8.7750	29.305
1,510	11/22/2025 10:48:00	8.7750	29.180
1,511	11/22/2025 10:49:00	8.7760	29.023
1,512	11/22/2025 10:50:00	8.7750	28.828
1,513	11/22/2025 10:51:00	8.7750	28.719
1,514	11/22/2025 10:52:00	8.7750	28.664
1,515	11/22/2025 10:53:00	8.7740	28.609
1,516	11/22/2025 10:54:00	8.7740	28.570
1,517	11/22/2025 10:55:00	8.7740	28.719
1,518	11/22/2025 10:56:00	8.7719	28.813
1,519	11/22/2025 10:57:00	8.7740	28.719
1,520	11/22/2025 10:58:00	8.7729	28.586
1,521	11/22/2025 10:59:00	8.7740	28.500
1,522	11/22/2025 11:00:00	8.7740	28.414
1,523	11/22/2025 11:01:00	8.7729	28.352
1,524	11/22/2025 11:02:00	8.7729	28.359
1,525	11/22/2025 11:03:00	8.7719	28.422
1,526	11/22/2025 11:04:00	8.7740	28.453
1,527	11/22/2025 11:05:00	8.7719	28.477
1,528	11/22/2025 11:06:00	8.7729	28.563
1,529	11/22/2025 11:07:00	8.7719	28.617
1,530	11/22/2025 11:08:00	8.7719	28.680
1,531	11/22/2025 11:09:00	8.7709	28.711
1,532	11/22/2025 11:10:00	8.7709	28.797
1,533	11/22/2025 11:11:00	8.7709	28.875
1,534	11/22/2025 11:12:00	8.7719	28.891
1,535	11/22/2025 11:13:00	8.7719	28.961
1,536	11/22/2025 11:14:00	8.7699	29.008
1,537	11/22/2025 11:15:00	8.7729	28.984
1,538	11/22/2025 11:16:00	8.7709	28.938
1,539	11/22/2025 11:17:00	8.7709	28.914
1,540	11/22/2025 11:18:00	8.7709	28.836
1,541	11/22/2025 11:19:00	8.7709	28.766
1,542	11/22/2025 11:20:00	8.7719	28.742
1,543	11/22/2025 11:21:00	8.7709	28.844
1,544	11/22/2025 11:22:00	8.7689	29.063
1,545	11/22/2025 11:23:00	8.7689	29.211
1,546	11/22/2025 11:24:00	8.7699	29.391
1,547	11/22/2025 11:25:00	8.7678	29.664
1,548	11/22/2025 11:26:00	8.7678	29.898
1,549	11/22/2025 11:27:00	8.7689	29.938
1,550	11/22/2025 11:28:00	8.7689	29.844
1,551	11/22/2025 11:29:00	8.7678	29.648
1,552	11/22/2025 11:30:00	8.7689	29.414
1,553	11/22/2025 11:31:00	8.7689	29.266
1,554	11/22/2025 11:32:00	8.7689	29.164
1,555	11/22/2025 11:33:00	8.7689	29.180
1,556	11/22/2025 11:34:00	8.7689	29.211
1,557	11/22/2025 11:35:00	8.7699	29.195
1,558	11/22/2025 11:36:00	8.7689	29.258
1,559	11/22/2025 11:37:00	8.7678	29.367
1,560	11/22/2025 11:38:00	8.7678	29.539
1,561	11/22/2025 11:39:00	8.7668	29.680
1,562	11/22/2025 11:40:00	8.7668	29.750
1,563	11/22/2025 11:41:00	8.7658	29.750
1,564	11/22/2025 11:42:00	8.7668	29.688
1,565	11/22/2025 11:43:00	8.7678	29.625
1,566	11/22/2025 11:44:00	8.7648	29.633
1,567	11/22/2025 11:45:00	8.7668	29.641
1,568	11/22/2025 11:46:00	8.7668	29.563
1,569	11/22/2025 11:47:00	8.7658	29.531
1,570	11/22/2025 11:48:00	8.7668	29.516
1,571	11/22/2025 11:49:00	8.7668	29.500
1,572	11/22/2025 11:50:00	8.7668	29.469
1,573	11/22/2025 11:51:00	8.7658	29.508
1,574	11/22/2025 11:52:00	8.7668	29.641
1,575	11/22/2025 11:53:00	8.7648	29.734
1,576	11/22/2025 11:54:00	8.7648	29.750
1,577	11/22/2025 11:55:00	8.7658	29.781
1,578	11/22/2025 11:56:00	8.7658	29.820
1,579	11/22/2025 11:57:00	8.7658	29.766
1,580	11/22/2025 11:58:00	8.7648	29.680
1,581	11/22/2025 11:59:00	8.7648	29.672
1,582	11/22/2025 12:00:00	8.7668	29.672
1,583	11/22/2025 12:01:00	8.7658	29.711
1,584	11/22/2025 12:02:00	8.7648	29.875
1,585	11/22/2025 12:03:00	8.7638	29.992
1,586	11/22/2025 12:04:00	8.7638	30.117
1,587	11/22/2025 12:05:00	8.7638	30.094
1,588	11/22/2025 12:06:00	8.7627	30.086
1,589	11/22/2025 12:07:00	8.7617	30.234
1,590	11/22/2025 12:08:00	8.7597	30.570
1,591	11/22/2025 12:09:00	8.7607	30.711
1,592	11/22/2025 12:10:00	8.7627	30.711
1,593	11/22/2025 12:11:00	8.7607	30.883
1,594	11/22/2025 12:12:00	8.7607	31.039
1,595	11/22/2025 12:13:00	8.7597	31.219
1,596	11/22/2025 12:14:00	8.7587	31.344
1,597	11/22/2025 12:15:00	8.7566	31.555
1,598	11/22/2025 12:16:00	8.7576	31.836
1,599	11/22/2025 12:17:00	8.7556	32.164
1,600	11/22/2025 12:18:00	8.7566	32.414
1,601	11/22/2025 12:19:00	8.7566	32.477
1,602	11/22/2025 12:20:00	8.7587	32.438
1,603	11/22/2025 12:21:00	8.7566	32.555
1,604	11/22/2025 12:22:00	8.7576	32.492
1,605	11/22/2025 12:23:00	8.7566	32.625
1,606	11/22/2025 12:24:00	8.7556	32.672
1,607	11/22/2025 12:25:00	8.7566	32.648
1,608	11/22/2025 12:26:00	8.7546	32.758
1,609	11/22/2025 12:27:00	8.7556	32.945
1,610	11/22/2025 12:28:00	8.7556	33.000
1,611	11/22/2025 12:29:00	8.7566	32.953
1,612	11/22/2025 12:30:00	8.7556	32.867
1,613	11/22/2025 12:31:00	8.7546	32.852
1,614	11/22/2025 12:32:00	8.7556	32.766
1,615	11/22/2025 12:33:00	8.7546	32.578
1,616	11/22/2025 12:34:00	8.7556	32.508
1,617	11/22/2025 12:35:00	8.7546	32.531
1,618	11/22/2025 12:36:00	8.7546	32.547
1,619	11/22/2025 12:37:00	8.7556	32.352
1,620	11/22/2025 12:38:00	8.7546	32.383
1,621	11/22/2025 12:39:00	8.7556	32.211
1,622	11/22/2025 12:40:00	8.7556	32.000
1,623	11/22/2025 12:41:00	8.7546	31.984
1,624	11/22/2025 12:42:00	8.7566	31.891
1,625	11/22/2025 12:43:00	8.7576	31.625
1,626	11/22/2025 12:44:00	8.7556	31.508
1,627	11/22/2025 12:45:00	8.7546	31.438
1,628	11/22/2025 12:46:00	8.7566	31.266
1,629	11/22/2025 12:47:00	8.7576	31.117
1,630	11/22/2025 12:48:00	8.7566	31.094
1,631	11/22/2025 12:49:00	8.7566	30.953
1,632	11/22/2025 12:50:00	8.7556	30.930
1,633	11/22/2025 12:51:00	8.7546	30.914
1,634	11/22/2025 12:52:00	8.7566	30.719
1,635	11/22/2025 12:53:00	8.7556	30.391
1,636	11/22/2025 12:54:00	8.7566	30.141
1,637	11/22/2025 12:55:00	8.7556	29.922
1,638	11/22/2025 12:56:00	8.7566	29.711
1,639	11/22/2025 12:57:00	8.7566	29.523
1,640	11/22/2025 12:58:00	8.7566	29.375
1,641	11/22/2025 12:59:00	8.7566	29.289
1,642	11/22/2025 13:00:00	8.7566	29.211
1,643	11/22/2025 13:01:00	8.7566	29.156
1,644	11/22/2025 13:02:00	8.7566	29.094
1,645	11/22/2025 13:03:00	8.7566	29.023
1,646	11/22/2025 13:04:00	8.7566	28.953
1,647	11/22/2025 13:05:00	8.7556	28.922
1,648	11/22/2025 13:06:00	8.7546	28.883
1,649	11/22/2025 13:07:00	8.7556	28.906
1,650	11/22/2025 13:08:00	8.7536	29.047
1,651	11/22/2025 13:09:00	8.7546	29.188
1,652	11/22/2025 13:10:00	8.7515	29.367
1,653	11/22/2025 13:11:00	8.7525	29.586
1,654	11/22/2025 13:12:00	8.7525	29.766
1,655	11/22/2025 13:13:00	8.7515	29.984
1,656	11/22/2025 13:14:00	8.7505	30.203
1,657	11/22/2025 13:15:00	8.7505	30.391
1,658	11/22/2025 13:16:00	8.7495	30.500
1,659	11/22/2025 13:17:00	8.7485	30.539
1,660	11/22/2025 13:18:00	8.7485	30.563
1,661	11/22/2025 13:19:00	8.7495	30.477
1,662	11/22/2025 13:20:00	8.7495	30.375
1,663	11/22/2025 13:21:00	8.7485	30.250
1,664	11/22/2025 13:22:00	8.7505	30.180
1,665	11/22/2025 13:23:00	8.7485	30.305
1,666	11/22/2025 13:24:00	8.7485	30.508
1,667	11/22/2025 13:25:00	8.7485	30.523
1,668	11/22/2025 13:26:00	8.7475	30.523
1,669	11/22/2025 13:27:00	8.7475	30.547
1,670	11/22/2025 13:28:00	8.7485	30.516
1,671	11/22/2025 13:29:00	8.7464	30.555
1,672	11/22/2025 13:30:00	8.7475	30.523
1,673	11/22/2025 13:31:00	8.7485	30.438
1,674	11/22/2025 13:32:00	8.7475	30.367
1,675	11/22/2025 13:33:00	8.7464	30.398
1,676	11/22/2025 13:34:00	8.7485	30.477
1,677	11/22/2025 13:35:00	8.7475	30.703
1,678	11/22/2025 13:36:00	8.7454	31.031
1,679	11/22/2025 13:37:00	8.7444	31.383
1,680	11/22/2025 13:38:00	8.7434	31.617
1,681	11/22/2025 13:39:00	8.7424	31.859
1,682	11/22/2025 13:40:00	8.7434	32.133
1,683	11/22/2025 13:41:00	8.7424	32.398
1,684	11/22/2025 13:42:00	8.7424	32.680
1,685	11/22/2025 13:43:00	8.7413	32.852
1,686	11/22/2025 13:44:00	8.7424	32.766
1,687	11/22/2025 13:45:00	8.7413	32.773
1,688	11/22/2025 13:46:00	8.7424	32.680
1,689	11/22/2025 13:47:00	8.7434	32.578
1,690	11/22/2025 13:48:00	8.7434	32.398
1,691	11/22/2025 13:49:00	8.7444	32.000
1,692	11/22/2025 13:50:00	8.7454	31.719
1,693	11/22/2025 13:51:00	8.7434	31.711
1,694	11/22/2025 13:52:00	8.7413	31.625
1,695	11/22/2025 13:53:00	8.7413	31.609
1,696	11/22/2025 13:54:00	8.7403	31.758
1,697	11/22/2025 13:55:00	8.7403	31.977
1,698	11/22/2025 13:56:00	8.7403	32.180
1,699	11/22/2025 13:57:00	8.7373	32.484
1,700	11/22/2025 13:58:00	8.7393	32.656
1,701	11/22/2025 13:59:00	8.7393	32.805
1,702	11/22/2025 14:00:00	8.7413	32.633
1,703	11/22/2025 14:01:00	8.7393	32.313
1,704	11/22/2025 14:02:00	8.7413	31.891
1,705	11/22/2025 14:03:00	8.7434	31.516
1,706	11/22/2025 14:04:00	8.7444	31.188
1,707	11/22/2025 14:05:00	8.7434	30.953
1,708	11/22/2025 14:06:00	8.7434	30.672
1,709	11/22/2025 14:07:00	8.7434	30.477
1,710	11/22/2025 14:08:00	8.7444	30.414
1,711	11/22/2025 14:09:00	8.7444	30.445
1,712	11/22/2025 14:10:00	8.7434	30.531
1,713	11/22/2025 14:11:00	8.7424	30.648
1,714	11/22/2025 14:12:00	8.7413	30.828
1,715	11/22/2025 14:13:00	8.7413	30.992
1,716	11/22/2025 14:14:00	8.7413	31.070
1,717	11/22/2025 14:15:00	8.7383	31.445
1,718	11/22/2025 14:16:00	8.7383	31.961
1,719	11/22/2025 14:17:00	8.7362	32.539
1,720	11/22/2025 14:18:00	8.7352	33.047
1,721	11/22/2025 14:19:00	8.7383	33.250
1,722	11/22/2025 14:20:00	8.7373	33.430
1,723	11/22/2025 14:21:00	8.7373	33.289
1,724	11/22/2025 14:22:00	8.7383	33.344
1,725	11/22/2025 14:23:00	8.7352	33.563
1,726	11/22/2025 14:24:00	8.7332	33.945
1,727	11/22/2025 14:25:00	8.7352	34.242
1,728	11/22/2025 14:26:00	8.7362	34.297
1,729	11/22/2025 14:27:00	8.7342	34.391
1,730	11/22/2025 14:28:00	8.7373	34.398
1,731	11/22/2025 14:29:00	8.7383	34.234
1,732	11/22/2025 14:30:00	8.7393	33.758
1,733	11/22/2025 14:31:00	8.7383	33.477
1,734	11/22/2025 14:32:00	8.7362	33.477
1,735	11/22/2025 14:33:00	8.7352	33.656
1,736	11/22/2025 14:34:00	8.7362	33.859
1,737	11/22/2025 14:35:00	8.7362	33.961
1,738	11/22/2025 14:36:00	8.7352	34.109
1,739	11/22/2025 14:37:00	8.7332	34.352
1,740	11/22/2025 14:38:00	8.7332	34.719
1,741	11/22/2025 14:39:00	8.7322	35.141
1,742	11/22/2025 14:40:00	8.7352	35.289
1,743	11/22/2025 14:41:00	8.7342	35.164
1,744	11/22/2025 14:42:00	8.7362	34.930
1,745	11/22/2025 14:43:00	8.7332	34.828
1,746	11/22/2025 14:44:00	8.7332	34.875
1,747	11/22/2025 14:45:00	8.7332	35.156
1,748	11/22/2025 14:46:00	8.7322	35.477
1,749	11/22/2025 14:47:00	8.7332	35.656
1,750	11/22/2025 14:48:00	8.7342	35.516
1,751	11/22/2025 14:49:00	8.7311	35.602
1,752	11/22/2025 14:50:00	8.7301	35.727
1,753	11/22/2025 14:51:00	8.7291	35.914
1,754	11/22/2025 14:52:00	8.7291	36.117
1,755	11/22/2025 14:53:00	8.7281	36.398
1,756	11/22/2025 14:54:00	8.7311	36.531
1,757	11/22/2025 14:55:00	8.7291	36.516
1,758	11/22/2025 14:56:00	8.7291	36.320
1,759	11/22/2025 14:57:00	8.7291	36.352
1,760	11/22/2025 14:58:00	8.7281	36.508
1,761	11/22/2025 14:59:00	8.7291	36.617
1,762	11/22/2025 15:00:00	8.7281	36.742
1,763	11/22/2025 15:01:00	8.7271	36.516
1,764	11/22/2025 15:02:00	8.7281	36.383
1,765	11/22/2025 15:03:00	8.7271	36.438
1,766	11/22/2025 15:04:00	8.7291	36.477
1,767	11/22/2025 15:05:00	8.7291	36.117
1,768	11/22/2025 15:06:00	8.7322	35.680
1,769	11/22/2025 15:07:00	8.7311	35.328
1,770	11/22/2025 15:08:00	8.7311	34.898
1,771	11/22/2025 15:09:00	8.7322	34.344
1,772	11/22/2025 15:10:00	8.7332	33.781
1,773	11/22/2025 15:11:00	8.7322	33.328
1,774	11/22/2025 15:12:00	8.7342	32.945
1,775	11/22/2025 15:13:00	8.7322	32.852
1,776	11/22/2025 15:14:00	8.7322	32.938
1,777	11/22/2025 15:15:00	8.7301	33.141
1,778	11/22/2025 15:16:00	8.7281	33.508
1,779	11/22/2025 15:17:00	8.7281	33.977
1,780	11/22/2025 15:18:00	8.7271	34.438
1,781	11/22/2025 15:19:00	8.7271	34.719
1,782	11/22/2025 15:20:00	8.7260	35.063
1,783	11/22/2025 15:21:00	8.7271	35.227
1,784	11/22/2025 15:22:00	8.7260	35.148
1,785	11/22/2025 15:23:00	8.7281	34.891
1,786	11/22/2025 15:24:00	8.7271	34.641
1,787	11/22/2025 15:25:00	8.7271	34.570
1,788	11/22/2025 15:26:00	8.7260	34.680
1,789	11/22/2025 15:27:00	8.7260	35.023
1,790	11/22/2025 15:28:00	8.7281	35.281
1,791	11/22/2025 15:29:00	8.7301	35.195
1,792	11/22/2025 15:30:00	8.7281	35.211
1,793	11/22/2025 15:31:00	8.7271	35.391
1,794	11/22/2025 15:32:00	8.7281	35.461
1,795	11/22/2025 15:33:00	8.7260	35.516
1,796	11/22/2025 15:34:00	8.7271	35.555
1,797	11/22/2025 15:35:00	8.7271	35.516
1,798	11/22/2025 15:36:00	8.7281	35.539
1,799	11/22/2025 15:37:00	8.7271	35.547
1,800	11/22/2025 15:38:00	8.7281	35.539
1,801	11/22/2025 15:39:00	8.7260	35.406
1,802	11/22/2025 15:40:00	8.7271	35.461
1,803	11/22/2025 15:41:00	8.7260	35.539
1,804	11/22/2025 15:42:00	8.7271	35.484
1,805	11/22/2025 15:43:00	8.7291	35.344
1,806	11/22/2025 15:44:00	8.7281	35.297
1,807	11/22/2025 15:45:00	8.7250	35.516
1,808	11/22/2025 15:46:00	8.7240	35.867
1,809	11/22/2025 15:47:00	8.7250	35.930
1,810	11/22/2025 15:48:00	8.7250	35.813
1,811	11/22/2025 15:49:00	8.7230	35.563
1,812	11/22/2025 15:50:00	8.7250	35.469
1,813	11/22/2025 15:51:00	8.7271	35.422
1,814	11/22/2025 15:52:00	8.7291	35.148
1,815	11/22/2025 15:53:00	8.7291	34.867
1,816	11/22/2025 15:54:00	8.7291	34.516
1,817	11/22/2025 15:55:00	8.7291	34.156
1,818	11/22/2025 15:56:00	8.7301	33.742
1,819	11/22/2025 15:57:00	8.7311	33.164
1,820	11/22/2025 15:58:00	8.7301	32.672
1,821	11/22/2025 15:59:00	8.7322	32.320
1,822	11/22/2025 16:00:00	8.7301	32.203
1,823	11/22/2025 16:01:00	8.7281	32.273
1,824	11/22/2025 16:02:00	8.7260	32.547
1,825	11/22/2025 16:03:00	8.7250	32.930
1,826	11/22/2025 16:04:00	8.7260	33.250
1,827	11/22/2025 16:05:00	8.7271	33.602
1,828	11/22/2025 16:06:00	8.7250	33.977
1,829	11/22/2025 16:07:00	8.7281	34.055
1,830	11/22/2025 16:08:00	8.7301	33.703
1,831	11/22/2025 16:09:00	8.7291	33.156
1,832	11/22/2025 16:10:00	8.7311	32.586
1,833	11/22/2025 16:11:00	8.7301	32.156
1,834	11/22/2025 16:12:00	8.7311	31.766
1,835	11/22/2025 16:13:00	8.7322	31.398
1,836	11/22/2025 16:14:00	8.7322	31.078
1,837	11/22/2025 16:15:00	8.7332	30.766
1,838	11/22/2025 16:16:00	8.7301	30.656
1,839	11/22/2025 16:17:00	8.7291	30.914
1,840	11/22/2025 16:18:00	8.7291	31.391
1,841	11/22/2025 16:19:00	8.7281	31.922
1,842	11/22/2025 16:20:00	8.7271	32.328
1,843	11/22/2025 16:21:00	8.7250	32.688
1,844	11/22/2025 16:22:00	8.7250	33.117
1,845	11/22/2025 16:23:00	8.7271	33.305
1,846	11/22/2025 16:24:00	8.7301	33.047
1,847	11/22/2025 16:25:00	8.7311	32.656
1,848	11/22/2025 16:26:00	8.7301	32.500
1,849	11/22/2025 16:27:00	8.7301	32.383
1,850	11/22/2025 16:28:00	8.7301	32.359
1,851	11/22/2025 16:29:00	8.7301	32.328
1,852	11/22/2025 16:30:00	8.7311	32.234
1,853	11/22/2025 16:31:00	8.7311	32.039
1,854	11/22/2025 16:32:00	8.7311	31.945
1,855	11/22/2025 16:33:00	8.7322	31.805
1,856	11/22/2025 16:34:00	8.7322	31.711
1,857	11/22/2025 16:35:00	8.7322	31.594
1,858	11/22/2025 16:36:00	8.7322	31.375
1,859	11/22/2025 16:37:00	8.7332	31.180
1,860	11/22/2025 16:38:00	8.7332	31.047
1,861	11/22/2025 16:39:00	8.7332	30.883
1,862	11/22/2025 16:40:00	8.7332	30.680
1,863	11/22/2025 16:41:00	8.7342	30.453
1,864	11/22/2025 16:42:00	8.7332	30.227
1,865	11/22/2025 16:43:00	8.7332	30.008
1,866	11/22/2025 16:44:00	8.7352	29.773
1,867	11/22/2025 16:45:00	8.7352	29.547
1,868	11/22/2025 16:46:00	8.7342	29.328
1,869	11/22/2025 16:47:00	8.7352	29.172
1,870	11/22/2025 16:48:00	8.7362	29.008
1,871	11/22/2025 16:49:00	8.7362	28.844
1,872	11/22/2025 16:50:00	8.7362	28.680
1,873	11/22/2025 16:51:00	8.7373	28.531
1,874	11/22/2025 16:52:00	8.7373	28.398
1,875	11/22/2025 16:53:00	8.7383	28.250
1,876	11/22/2025 16:54:00	8.7373	28.109
1,877	11/22/2025 16:55:00	8.7373	27.977
1,878	11/22/2025 16:56:00	8.7383	27.891
1,879	11/22/2025 16:57:00	8.7383	27.805
1,880	11/22/2025 16:58:00	8.7383	27.727
1,881	11/22/2025 16:59:00	8.7393	27.656
1,882	11/22/2025 17:00:00	8.7403	27.570
1,883	11/22/2025 17:01:00	8.7383	27.484
1,884	11/22/2025 17:02:00	8.7393	27.422
1,885	11/22/2025 17:03:00	8.7393	27.383
1,886	11/22/2025 17:04:00	8.7362	27.492
1,887	11/22/2025 17:05:00	8.7342	27.875
1,888	11/22/2025 17:06:00	8.7342	28.391
1,889	11/22/2025 17:07:00	8.7332	28.930
1,890	11/22/2025 17:08:00	8.7322	29.469
1,891	11/22/2025 17:09:00	8.7322	29.930
1,892	11/22/2025 17:10:00	8.7322	30.273
1,893	11/22/2025 17:11:00	8.7342	30.398
1,894	11/22/2025 17:12:00	8.7342	30.461
1,895	11/22/2025 17:13:00	8.7311	30.617
1,896	11/22/2025 17:14:00	8.7311	30.852
1,897	11/22/2025 17:15:00	8.7301	31.156
1,898	11/22/2025 17:16:00	8.7322	31.453
1,899	11/22/2025 17:17:00	8.7291	31.797
1,900	11/22/2025 17:18:00	8.7281	32.188
1,901	11/22/2025 17:19:00	8.7281	32.586
1,902	11/22/2025 17:20:00	8.7281	32.922
1,903	11/22/2025 17:21:00	8.7271	33.211
1,904	11/22/2025 17:22:00	8.7271	33.516
1,905	11/22/2025 17:23:00	8.7271	33.727
1,906	11/22/2025 17:24:00	8.7271	33.930
1,907	11/22/2025 17:25:00	8.7271	33.984
1,908	11/22/2025 17:26:00	8.7281	34.047
1,909	11/22/2025 17:27:00	8.7271	34.078
1,910	11/22/2025 17:28:00	8.7260	33.977
1,911	11/22/2025 17:29:00	8.7271	33.875
1,912	11/22/2025 17:30:00	8.7291	33.688
1,913	11/22/2025 17:31:00	8.7291	33.602
1,914	11/22/2025 17:32:00	8.7281	33.609
1,915	11/22/2025 17:33:00	8.7301	33.648
1,916	11/22/2025 17:34:00	8.7301	33.617
1,917	11/22/2025 17:35:00	8.7301	33.477
1,918	11/22/2025 17:36:00	8.7301	33.242
1,919	11/22/2025 17:37:00	8.7332	32.961
1,920	11/22/2025 17:38:00	8.7332	32.625
1,921	11/22/2025 17:39:00	8.7342	32.258
1,922	11/22/2025 17:40:00	8.7342	31.898
1,923	11/22/2025 17:41:00	8.7332	31.633
1,924	11/22/2025 17:42:00	8.7342	31.383
1,925	11/22/2025 17:43:00	8.7342	31.148
1,926	11/22/2025 17:44:00	8.7352	30.906
1,927	11/22/2025 17:45:00	8.7362	30.641
1,928	11/22/2025 17:46:00	8.7352	30.445
1,929	11/22/2025 17:47:00	8.7352	30.273
1,930	11/22/2025 17:48:00	8.7362	30.063
1,931	11/22/2025 17:49:00	8.7352	29.875
1,932	11/22/2025 17:50:00	8.7373	29.688
1,933	11/22/2025 17:51:00	8.7362	29.516
1,934	11/22/2025 17:52:00	8.7383	29.352
1,935	11/22/2025 17:53:00	8.7373	29.227
1,936	11/22/2025 17:54:00	8.7383	29.117
1,937	11/22/2025 17:55:00	8.7383	29.039
1,938	11/22/2025 17:56:00	8.7393	28.922
1,939	11/22/2025 17:57:00	8.7393	28.813
1,940	11/22/2025 17:58:00	8.7383	28.695
1,941	11/22/2025 17:59:00	8.7403	28.578
1,942	11/22/2025 18:00:00	8.7393	28.492
1,943	11/22/2025 18:01:00	8.7403	28.422
1,944	11/22/2025 18:02:00	8.7403	28.367
1,945	11/22/2025 18:03:00	8.7393	28.281
1,946	11/22/2025 18:04:00	8.7403	28.172
1,947	11/22/2025 18:05:00	8.7403	28.055
1,948	11/22/2025 18:06:00	8.7403	27.930
1,949	11/22/2025 18:07:00	8.7413	27.805
1,950	11/22/2025 18:08:00	8.7403	27.695
1,951	11/22/2025 18:09:00	8.7424	27.594
1,952	11/22/2025 18:10:00	8.7434	27.523
1,953	11/22/2025 18:11:00	8.7424	27.438
1,954	11/22/2025 18:12:00	8.7424	27.359
1,955	11/22/2025 18:13:00	8.7444	27.250
1,956	11/22/2025 18:14:00	8.7434	27.164
1,957	11/22/2025 18:15:00	8.7444	27.070
1,958	11/22/2025 18:16:00	8.7444	26.969
1,959	11/22/2025 18:17:00	8.7444	26.852
1,960	11/22/2025 18:18:00	8.7454	26.727
1,961	11/22/2025 18:19:00	8.7454	26.609
1,962	11/22/2025 18:20:00	8.7454	26.469
1,963	11/22/2025 18:21:00	8.7464	26.344
1,964	11/22/2025 18:22:00	8.7464	26.211
1,965	11/22/2025 18:23:00	8.7464	26.086
1,966	11/22/2025 18:24:00	8.7475	25.961
1,967	11/22/2025 18:25:00	8.7475	25.813
1,968	11/22/2025 18:26:00	8.7464	25.656
1,969	11/22/2025 18:27:00	8.7475	25.531
1,970	11/22/2025 18:28:00	8.7475	25.383
1,971	11/22/2025 18:29:00	8.7485	25.250
1,972	11/22/2025 18:30:00	8.7485	25.117
1,973	11/22/2025 18:31:00	8.7485	25.000
1,974	11/22/2025 18:32:00	8.7485	24.883
1,975	11/22/2025 18:33:00	8.7505	24.773
1,976	11/22/2025 18:34:00	8.7495	24.672
1,977	11/22/2025 18:35:00	8.7495	24.570
1,978	11/22/2025 18:36:00	8.7495	24.461
1,979	11/22/2025 18:37:00	8.7495	24.375
1,980	11/22/2025 18:38:00	8.7495	24.289
1,981	11/22/2025 18:39:00	8.7505	24.219
1,982	11/22/2025 18:40:00	8.7505	24.141
1,983	11/22/2025 18:41:00	8.7505	24.063
1,984	11/22/2025 18:42:00	8.7505	24.000
1,985	11/22/2025 18:43:00	8.7515	23.930
1,986	11/22/2025 18:44:00	8.7515	23.844
1,987	11/22/2025 18:45:00	8.7515	23.773
1,988	11/22/2025 18:46:00	8.7515	23.695
1,989	11/22/2025 18:47:00	8.7515	23.641
1,990	11/22/2025 18:48:00	8.7515	23.602
1,991	11/22/2025 18:49:00	8.7515	23.563
1,992	11/22/2025 18:50:00	8.7525	23.500
1,993	11/22/2025 18:51:00	8.7525	23.445
1,994	11/22/2025 18:52:00	8.7536	23.383
1,995	11/22/2025 18:53:00	8.7536	23.313
1,996	11/22/2025 18:54:00	8.7536	23.258
1,997	11/22/2025 18:55:00	8.7546	23.203
1,998	11/22/2025 18:56:00	8.7546	23.148
1,999	11/22/2025 18:57:00	8.7546	23.094
2,000	11/22/2025 18:58:00	8.7556	23.063
2,001	11/22/2025 18:59:00	8.7556	23.016
2,002	11/22/2025 19:00:00	8.7546	22.977
2,003	11/22/2025 19:01:00	8.7546	22.945
2,004	11/22/2025 19:02:00	8.7556	22.906
2,005	11/22/2025 19:03:00	8.7566	22.875
2,006	11/22/2025 19:04:00	8.7576	22.844
2,007	11/22/2025 19:05:00	8.7576	22.820
2,008	11/22/2025 19:06:00	8.7576	22.813
2,009	11/22/2025 19:07:00	8.7566	22.813
2,010	11/22/2025 19:08:00	8.7566	22.813
2,011	11/22/2025 19:09:00	8.7566	22.813
2,012	11/22/2025 19:10:00	8.7576	22.813
2,013	11/22/2025 19:11:00	8.7576	22.805
2,014	11/22/2025 19:12:00	8.7566	22.813
2,015	11/22/2025 19:13:00	8.7566	22.820
2,016	11/22/2025 19:14:00	8.7576	22.828
2,017	11/22/2025 19:15:00	8.7587	22.813
2,018	11/22/2025 19:16:00	8.7576	22.789
2,019	11/22/2025 19:17:00	8.7576	22.750
2,020	11/22/2025 19:18:00	8.7587	22.727
2,021	11/22/2025 19:19:00	8.7587	22.695
2,022	11/22/2025 19:20:00	8.7587	22.680
2,023	11/22/2025 19:21:00	8.7597	22.656
2,024	11/22/2025 19:22:00	8.7587	22.633
2,025	11/22/2025 19:23:00	8.7597	22.609
2,026	11/22/2025 19:24:00	8.7587	22.578
2,027	11/22/2025 19:25:00	8.7597	22.563
2,028	11/22/2025 19:26:00	8.7607	22.555
2,029	11/22/2025 19:27:00	8.7597	22.547
2,030	11/22/2025 19:28:00	8.7597	22.547
2,031	11/22/2025 19:29:00	8.7597	22.555
2,032	11/22/2025 19:30:00	8.7597	22.547
2,033	11/22/2025 19:31:00	8.7597	22.547
2,034	11/22/2025 19:32:00	8.7607	22.531
2,035	11/22/2025 19:33:00	8.7597	22.523
2,036	11/22/2025 19:34:00	8.7607	22.508
2,037	11/22/2025 19:35:00	8.7617	22.492
2,038	11/22/2025 19:36:00	8.7617	22.477
2,039	11/22/2025 19:37:00	8.7617	22.430
2,040	11/22/2025 19:38:00	8.7617	22.391
2,041	11/22/2025 19:39:00	8.7617	22.359
2,042	11/22/2025 19:40:00	8.7617	22.320
2,043	11/22/2025 19:41:00	8.7638	22.297
2,044	11/22/2025 19:42:00	8.7638	22.289
2,045	11/22/2025 19:43:00	8.7627	22.273
2,046	11/22/2025 19:44:00	8.7638	22.281
2,047	11/22/2025 19:45:00	8.7627	22.281
2,048	11/22/2025 19:46:00	8.7617	22.281
2,049	11/22/2025 19:47:00	8.7638	22.258
2,050	11/22/2025 19:48:00	8.7638	22.242
2,051	11/22/2025 19:49:00	8.7627	22.219
2,052	11/22/2025 19:50:00	8.7638	22.203
2,053	11/22/2025 19:51:00	8.7638	22.180
2,054	11/22/2025 19:52:00	8.7648	22.148
2,055	11/22/2025 19:53:00	8.7648	22.125
2,056	11/22/2025 19:54:00	8.7648	22.102
2,057	11/22/2025 19:55:00	8.7648	22.070
2,058	11/22/2025 19:56:00	8.7648	22.031
2,059	11/22/2025 19:57:00	8.7648	22.000
2,060	11/22/2025 19:58:00	8.7648	21.969
2,061	11/22/2025 19:59:00	8.7648	21.938
2,062	11/22/2025 20:00:00	8.7648	21.906
2,063	11/22/2025 20:01:00	8.7648	21.883
2,064	11/22/2025 20:02:00	8.7658	21.852
2,065	11/22/2025 20:03:00	8.7658	21.813
2,066	11/22/2025 20:04:00	8.7658	21.758
2,067	11/22/2025 20:05:00	8.7668	21.703
2,068	11/22/2025 20:06:00	8.7668	21.641
2,069	11/22/2025 20:07:00	8.7668	21.563
2,070	11/22/2025 20:08:00	8.7668	21.484
2,071	11/22/2025 20:09:00	8.7678	21.414
2,072	11/22/2025 20:10:00	8.7668	21.359
2,073	11/22/2025 20:11:00	8.7678	21.313
2,074	11/22/2025 20:12:00	8.7678	21.273
2,075	11/22/2025 20:13:00	8.7678	21.242
2,076	11/22/2025 20:14:00	8.7678	21.203
2,077	11/22/2025 20:15:00	8.7678	21.156
2,078	11/22/2025 20:16:00	8.7678	21.125
2,079	11/22/2025 20:17:00	8.7678	21.109
2,080	11/22/2025 20:18:00	8.7668	21.086
2,081	11/22/2025 20:19:00	8.7678	21.086
2,082	11/22/2025 20:20:00	8.7668	21.086
2,083	11/22/2025 20:21:00	8.7678	21.086
2,084	11/22/2025 20:22:00	8.7678	21.078
2,085	11/22/2025 20:23:00	8.7668	21.070
2,086	11/22/2025 20:24:00	8.7668	21.070
2,087	11/22/2025 20:25:00	8.7668	21.063
2,088	11/22/2025 20:26:00	8.7678	21.047
2,089	11/22/2025 20:27:00	8.7678	21.039
2,090	11/22/2025 20:28:00	8.7689	21.023
2,091	11/22/2025 20:29:00	8.7668	21.016
2,092	11/22/2025 20:30:00	8.7689	20.992
2,093	11/22/2025 20:31:00	8.7689	20.969
2,094	11/22/2025 20:32:00	8.7689	20.922
2,095	11/22/2025 20:33:00	8.7689	20.906
2,096	11/22/2025 20:34:00	8.7689	20.891
2,097	11/22/2025 20:35:00	8.7689	20.891
2,098	11/22/2025 20:36:00	8.7689	20.930
2,099	11/22/2025 20:37:00	8.7689	21.008
2,100	11/22/2025 20:38:00	8.7678	21.125
2,101	11/22/2025 20:39:00	8.7678	21.234
2,102	11/22/2025 20:40:00	8.7668	21.336
2,103	11/22/2025 20:41:00	8.7678	21.438
2,104	11/22/2025 20:42:00	8.7678	21.508
2,105	11/22/2025 20:43:00	8.7668	21.594
2,106	11/22/2025 20:44:00	8.7678	21.656
2,107	11/22/2025 20:45:00	8.7678	21.727
2,108	11/22/2025 20:46:00	8.7668	21.773
2,109	11/22/2025 20:47:00	8.7689	21.789
2,110	11/22/2025 20:48:00	8.7689	21.758
2,111	11/22/2025 20:49:00	8.7689	21.703
2,112	11/22/2025 20:50:00	8.7709	21.633
2,113	11/22/2025 20:51:00	8.7709	21.570
2,114	11/22/2025 20:52:00	8.7709	21.508
2,115	11/22/2025 20:53:00	8.7699	21.477
2,116	11/22/2025 20:54:00	8.7699	21.516
2,117	11/22/2025 20:55:00	8.7699	21.594
2,118	11/22/2025 20:56:00	8.7689	21.680
2,119	11/22/2025 20:57:00	8.7699	21.750
2,120	11/22/2025 20:58:00	8.7699	21.805
2,121	11/22/2025 20:59:00	8.7699	21.852
2,122	11/22/2025 21:00:00	8.7699	21.898
2,123	11/22/2025 21:01:00	8.7699	21.922
2,124	11/22/2025 21:02:00	8.7709	21.938
2,125	11/22/2025 21:03:00	8.7709	21.953
2,126	11/22/2025 21:04:00	8.7709	21.930
2,127	11/22/2025 21:05:00	8.7709	21.883
2,128	11/22/2025 21:06:00	8.7709	21.852
2,129	11/22/2025 21:07:00	8.7709	21.813
2,130	11/22/2025 21:08:00	8.7719	21.766
2,131	11/22/2025 21:09:00	8.7719	21.688
2,132	11/22/2025 21:10:00	8.7719	21.609
2,133	11/22/2025 21:11:00	8.7719	21.531
2,134	11/22/2025 21:12:00	8.7740	21.453
2,135	11/22/2025 21:13:00	8.7740	21.375
2,136	11/22/2025 21:14:00	8.7740	21.289
2,137	11/22/2025 21:15:00	8.7740	21.195
2,138	11/22/2025 21:16:00	8.7740	21.117
2,139	11/22/2025 21:17:00	8.7740	21.055
2,140	11/22/2025 21:18:00	8.7750	21.000
2,141	11/22/2025 21:19:00	8.7750	20.961
2,142	11/22/2025 21:20:00	8.7740	20.922
2,143	11/22/2025 21:21:00	8.7750	20.898
2,144	11/22/2025 21:22:00	8.7750	20.859
2,145	11/22/2025 21:23:00	8.7750	20.820
2,146	11/22/2025 21:24:00	8.7750	20.781
2,147	11/22/2025 21:25:00	8.7760	20.734
2,148	11/22/2025 21:26:00	8.7760	20.703
2,149	11/22/2025 21:27:00	8.7770	20.680
2,150	11/22/2025 21:28:00	8.7760	20.656
2,151	11/22/2025 21:29:00	8.7760	20.641
2,152	11/22/2025 21:30:00	8.7760	20.641
2,153	11/22/2025 21:31:00	8.7770	20.641
2,154	11/22/2025 21:32:00	8.7770	20.633
2,155	11/22/2025 21:33:00	8.7770	20.633
2,156	11/22/2025 21:34:00	8.7780	20.602
2,157	11/22/2025 21:35:00	8.7780	20.586
2,158	11/22/2025 21:36:00	8.7770	20.563
2,159	11/22/2025 21:37:00	8.7770	20.547
2,160	11/22/2025 21:38:00	8.7780	20.547
2,161	11/22/2025 21:39:00	8.7780	20.531
2,162	11/22/2025 21:40:00	8.7780	20.516
2,163	11/22/2025 21:41:00	8.7780	20.516
2,164	11/22/2025 21:42:00	8.7791	20.500
2,165	11/22/2025 21:43:00	8.7780	20.492
2,166	11/22/2025 21:44:00	8.7780	20.477
2,167	11/22/2025 21:45:00	8.7791	20.461
2,168	11/22/2025 21:46:00	8.7801	20.461
2,169	11/22/2025 21:47:00	8.7791	20.445
2,170	11/22/2025 21:48:00	8.7791	20.438
2,171	11/22/2025 21:49:00	8.7801	20.422
2,172	11/22/2025 21:50:00	8.7801	20.398
2,173	11/22/2025 21:51:00	8.7791	20.367
2,174	11/22/2025 21:52:00	8.7791	20.344
2,175	11/22/2025 21:53:00	8.7801	20.336
2,176	11/22/2025 21:54:00	8.7801	20.313
2,177	11/22/2025 21:55:00	8.7801	20.297
2,178	11/22/2025 21:56:00	8.7801	20.281
2,179	11/22/2025 21:57:00	8.7801	20.273
2,180	11/22/2025 21:58:00	8.7801	20.258
2,181	11/22/2025 21:59:00	8.7791	20.250
2,182	11/22/2025 22:00:00	8.7801	20.242
2,183	11/22/2025 22:01:00	8.7801	20.242
2,184	11/22/2025 22:02:00	8.7801	20.234
2,185	11/22/2025 22:03:00	8.7801	20.234
2,186	11/22/2025 22:04:00	8.7801	20.227
2,187	11/22/2025 22:05:00	8.7801	20.219
2,188	11/22/2025 22:06:00	8.7801	20.219
2,189	11/22/2025 22:07:00	8.7801	20.227
2,190	11/22/2025 22:08:00	8.7801	20.227
2,191	11/22/2025 22:09:00	8.7821	20.227
2,192	11/22/2025 22:10:00	8.7821	20.227
2,193	11/22/2025 22:11:00	8.7811	20.227
2,194	11/22/2025 22:12:00	8.7811	20.211
2,195	11/22/2025 22:13:00	8.7821	20.211
2,196	11/22/2025 22:14:00	8.7821	20.211
2,197	11/22/2025 22:15:00	8.7821	20.234
2,198	11/22/2025 22:16:00	8.7821	20.297
2,199	11/22/2025 22:17:00	8.7821	20.344
2,200	11/22/2025 22:18:00	8.7821	20.367
2,201	11/22/2025 22:19:00	8.7821	20.383
2,202	11/22/2025 22:20:00	8.7821	20.430
2,203	11/22/2025 22:21:00	8.7811	20.516
2,204	11/22/2025 22:22:00	8.7811	20.625
2,205	11/22/2025 22:23:00	8.7821	20.758
2,206	11/22/2025 22:24:00	8.7811	20.922
2,207	11/22/2025 22:25:00	8.7821	21.133
2,208	11/22/2025 22:26:00	8.7811	21.328
2,209	11/22/2025 22:27:00	8.7811	21.500
2,210	11/22/2025 22:28:00	8.7811	21.625
2,211	11/22/2025 22:29:00	8.7801	21.742
2,212	11/22/2025 22:30:00	8.7791	21.844
2,213	11/22/2025 22:31:00	8.7801	21.914
2,214	11/22/2025 22:32:00	8.7801	21.961
2,215	11/22/2025 22:33:00	8.7791	21.992
2,216	11/22/2025 22:34:00	8.7791	22.055
2,217	11/22/2025 22:35:00	8.7791	22.109
2,218	11/22/2025 22:36:00	8.7791	22.156
2,219	11/22/2025 22:37:00	8.7791	22.195
2,220	11/22/2025 22:38:00	8.7801	22.211
2,221	11/22/2025 22:39:00	8.7791	22.211
2,222	11/22/2025 22:40:00	8.7791	22.203
2,223	11/22/2025 22:41:00	8.7791	22.203
2,224	11/22/2025 22:42:00	8.7801	22.195
2,225	11/22/2025 22:43:00	8.7791	22.180
2,226	11/22/2025 22:44:00	8.7801	22.148
2,227	11/22/2025 22:45:00	8.7801	22.125
2,228	11/22/2025 22:46:00	8.7801	22.102
2,229	11/22/2025 22:47:00	8.7811	22.070
2,230	11/22/2025 22:48:00	8.7801	22.055
2,231	11/22/2025 22:49:00	8.7801	22.031
2,232	11/22/2025 22:50:00	8.7801	22.008
2,233	11/22/2025 22:51:00	8.7791	21.992
2,234	11/22/2025 22:52:00	8.7801	21.969
2,235	11/22/2025 22:53:00	8.7791	21.945
2,236	11/22/2025 22:54:00	8.7801	21.938
2,237	11/22/2025 22:55:00	8.7791	21.922
2,238	11/22/2025 22:56:00	8.7801	21.906
2,239	11/22/2025 22:57:00	8.7821	21.891
2,240	11/22/2025 22:58:00	8.7811	21.867
2,241	11/22/2025 22:59:00	8.7811	21.852
2,242	11/22/2025 23:00:00	8.7811	21.844
2,243	11/22/2025 23:01:00	8.7811	21.844
2,244	11/22/2025 23:02:00	8.7811	21.852
2,245	11/22/2025 23:03:00	8.7811	21.852
2,246	11/22/2025 23:04:00	8.7811	21.867
2,247	11/22/2025 23:05:00	8.7811	21.898
2,248	11/22/2025 23:06:00	8.7811	21.914
2,249	11/22/2025 23:07:00	8.7811	21.961
2,250	11/22/2025 23:08:00	8.7801	22.008
2,251	11/22/2025 23:09:00	8.7811	22.078
2,252	11/22/2025 23:10:00	8.7811	22.164
2,253	11/22/2025 23:11:00	8.7811	22.211
2,254	11/22/2025 23:12:00	8.7811	22.258
2,255	11/22/2025 23:13:00	8.7811	22.281
2,256	11/22/2025 23:14:00	8.7801	22.305
2,257	11/22/2025 23:15:00	8.7811	22.320
2,258	11/22/2025 23:16:00	8.7821	22.320
2,259	11/22/2025 23:17:00	8.7821	22.336
2,260	11/22/2025 23:18:00	8.7811	22.336
2,261	11/22/2025 23:19:00	8.7811	22.336
2,262	11/22/2025 23:20:00	8.7811	22.352
2,263	11/22/2025 23:21:00	8.7801	22.359
2,264	11/22/2025 23:22:00	8.7811	22.367
2,265	11/22/2025 23:23:00	8.7801	22.367
2,266	11/22/2025 23:24:00	8.7811	22.375
2,267	11/22/2025 23:25:00	8.7811	22.375
2,268	11/22/2025 23:26:00	8.7811	22.352
2,269	11/22/2025 23:27:00	8.7811	22.328
2,270	11/22/2025 23:28:00	8.7811	22.313
2,271	11/22/2025 23:29:00	8.7801	22.328
2,272	11/22/2025 23:30:00	8.7811	22.336
2,273	11/22/2025 23:31:00	8.7811	22.336
2,274	11/22/2025 23:32:00	8.7801	22.320
2,275	11/22/2025 23:33:00	8.7811	22.297
2,276	11/22/2025 23:34:00	8.7811	22.281
2,277	11/22/2025 23:35:00	8.7811	22.297
2,278	11/22/2025 23:36:00	8.7801	22.305
2,279	11/22/2025 23:37:00	8.7811	22.297
2,280	11/22/2025 23:38:00	8.7801	22.305
2,281	11/22/2025 23:39:00	8.7801	22.320
2,282	11/22/2025 23:40:00	8.7801	22.336
2,283	11/22/2025 23:41:00	8.7811	22.336
2,284	11/22/2025 23:42:00	8.7811	22.344
2,285	11/22/2025 23:43:00	8.7811	22.344
2,286	11/22/2025 23:44:00	8.7811	22.328
2,287	11/22/2025 23:45:00	8.7811	22.297
2,288	11/22/2025 23:46:00	8.7821	22.266
2,289	11/22/2025 23:47:00	8.7811	22.242
2,290	11/22/2025 23:48:00	8.7821	22.211
2,291	11/22/2025 23:49:00	8.7831	22.172
2,292	11/22/2025 23:50:00	8.7821	22.156
2,293	11/22/2025 23:51:00	8.7821	22.148
2,294	11/22/2025 23:52:00	8.7821	22.141
2,295	11/22/2025 23:53:00	8.7821	22.141
2,296	11/22/2025 23:54:00	8.7821	22.133
2,297	11/22/2025 23:55:00	8.7811	22.133
2,298	11/22/2025 23:56:00	8.7811	22.125
2,299	11/22/2025 23:57:00	8.7811	22.117
2,300	11/22/2025 23:58:00	8.7801	22.117
2,301	11/22/2025 23:59:00	8.7811	22.133
2,302	11/23/2025 0:00:00	8.7811	22.125
2,303	11/23/2025 0:01:00	8.7811	22.109
2,304	11/23/2025 0:02:00	8.7801	22.086
2,305	11/23/2025 0:03:00	8.7801	22.078
2,306	11/23/2025 0:04:00	8.7811	22.063
2,307	11/23/2025 0:05:00	8.7791	22.039
2,308	11/23/2025 0:06:00	8.7811	22.023
2,309	11/23/2025 0:07:00	8.7801	22.000
2,310	11/23/2025 0:08:00	8.7801	21.969
2,311	11/23/2025 0:09:00	8.7801	21.945
2,312	11/23/2025 0:10:00	8.7801	21.922
2,313	11/23/2025 0:11:00	8.7801	21.914
2,314	11/23/2025 0:12:00	8.7801	21.875
2,315	11/23/2025 0:13:00	8.7791	21.852
2,316	11/23/2025 0:14:00	8.7801	21.813
2,317	11/23/2025 0:15:00	8.7801	21.781
2,318	11/23/2025 0:16:00	8.7801	21.758
2,319	11/23/2025 0:17:00	8.7811	21.742
2,320	11/23/2025 0:18:00	8.7801	21.711
2,321	11/23/2025 0:19:00	8.7811	21.680
2,322	11/23/2025 0:20:00	8.7801	21.648
2,323	11/23/2025 0:21:00	8.7801	21.633
2,324	11/23/2025 0:22:00	8.7811	21.609
2,325	11/23/2025 0:23:00	8.7811	21.586
2,326	11/23/2025 0:24:00	8.7811	21.570
2,327	11/23/2025 0:25:00	8.7811	21.539
2,328	11/23/2025 0:26:00	8.7811	21.516
2,329	11/23/2025 0:27:00	8.7811	21.492
2,330	11/23/2025 0:28:00	8.7811	21.469
2,331	11/23/2025 0:29:00	8.7801	21.461
2,332	11/23/2025 0:30:00	8.7811	21.445
2,333	11/23/2025 0:31:00	8.7811	21.438
2,334	11/23/2025 0:32:00	8.7801	21.422
2,335	11/23/2025 0:33:00	8.7811	21.422
2,336	11/23/2025 0:34:00	8.7811	21.414
2,337	11/23/2025 0:35:00	8.7811	21.422
2,338	11/23/2025 0:36:00	8.7811	21.438
2,339	11/23/2025 0:37:00	8.7801	21.453
2,340	11/23/2025 0:38:00	8.7801	21.469
2,341	11/23/2025 0:39:00	8.7801	21.461
2,342	11/23/2025 0:40:00	8.7801	21.445
2,343	11/23/2025 0:41:00	8.7811	21.453
2,344	11/23/2025 0:42:00	8.7801	21.438
2,345	11/23/2025 0:43:00	8.7811	21.414
2,346	11/23/2025 0:44:00	8.7811	21.391
2,347	11/23/2025 0:45:00	8.7801	21.383
2,348	11/23/2025 0:46:00	8.7811	21.375
2,349	11/23/2025 0:47:00	8.7811	21.359
2,350	11/23/2025 0:48:00	8.7811	21.352
2,351	11/23/2025 0:49:00	8.7811	21.352
2,352	11/23/2025 0:50:00	8.7811	21.336
2,353	11/23/2025 0:51:00	8.7811	21.320
2,354	11/23/2025 0:52:00	8.7811	21.313
2,355	11/23/2025 0:53:00	8.7811	21.297
2,356	11/23/2025 0:54:00	8.7821	21.273
2,357	11/23/2025 0:55:00	8.7811	21.266
2,358	11/23/2025 0:56:00	8.7811	21.242
2,359	11/23/2025 0:57:00	8.7811	21.227
2,360	11/23/2025 0:58:00	8.7821	21.203
2,361	11/23/2025 0:59:00	8.7811	21.188
2,362	11/23/2025 1:00:00	8.7821	21.180
2,363	11/23/2025 1:01:00	8.7811	21.156
2,364	11/23/2025 1:02:00	8.7811	21.148
2,365	11/23/2025 1:03:00	8.7811	21.156
2,366	11/23/2025 1:04:00	8.7801	21.164
2,367	11/23/2025 1:05:00	8.7801	21.180
2,368	11/23/2025 1:06:00	8.7801	21.172
2,369	11/23/2025 1:07:00	8.7801	21.164
2,370	11/23/2025 1:08:00	8.7801	21.148
2,371	11/23/2025 1:09:00	8.7801	21.133
2,372	11/23/2025 1:10:00	8.7801	21.125
2,373	11/23/2025 1:11:00	8.7801	21.109
2,374	11/23/2025 1:12:00	8.7791	21.102
2,375	11/23/2025 1:13:00	8.7801	21.094
2,376	11/23/2025 1:14:00	8.7801	21.086
2,377	11/23/2025 1:15:00	8.7791	21.070
2,378	11/23/2025 1:16:00	8.7791	21.063
2,379	11/23/2025 1:17:00	8.7801	21.055
2,380	11/23/2025 1:18:00	8.7791	21.039
2,381	11/23/2025 1:19:00	8.7801	21.023
2,382	11/23/2025 1:20:00	8.7801	21.000
2,383	11/23/2025 1:21:00	8.7801	20.984
2,384	11/23/2025 1:22:00	8.7791	20.961
2,385	11/23/2025 1:23:00	8.7801	20.938
2,386	11/23/2025 1:24:00	8.7791	20.922
2,387	11/23/2025 1:25:00	8.7791	20.914
2,388	11/23/2025 1:26:00	8.7801	20.891
2,389	11/23/2025 1:27:00	8.7791	20.875
2,390	11/23/2025 1:28:00	8.7791	20.875
2,391	11/23/2025 1:29:00	8.7791	20.867
2,392	11/23/2025 1:30:00	8.7780	20.852
2,393	11/23/2025 1:31:00	8.7791	20.852
2,394	11/23/2025 1:32:00	8.7780	20.836
2,395	11/23/2025 1:33:00	8.7791	20.836
2,396	11/23/2025 1:34:00	8.7791	20.828
2,397	11/23/2025 1:35:00	8.7780	20.813
2,398	11/23/2025 1:36:00	8.7780	20.797
2,399	11/23/2025 1:37:00	8.7780	20.781
2,400	11/23/2025 1:38:00	8.7780	20.773
2,401	11/23/2025 1:39:00	8.7770	20.750
2,402	11/23/2025 1:40:00	8.7780	20.742
2,403	11/23/2025 1:41:00	8.7780	20.734
2,404	11/23/2025 1:42:00	8.7791	20.734
2,405	11/23/2025 1:43:00	8.7780	20.727
2,406	11/23/2025 1:44:00	8.7780	20.719
2,407	11/23/2025 1:45:00	8.7780	20.711
2,408	11/23/2025 1:46:00	8.7780	20.695
2,409	11/23/2025 1:47:00	8.7780	20.695
2,410	11/23/2025 1:48:00	8.7791	20.680
2,411	11/23/2025 1:49:00	8.7780	20.672
2,412	11/23/2025 1:50:00	8.7780	20.656
2,413	11/23/2025 1:51:00	8.7780	20.641
2,414	11/23/2025 1:52:00	8.7780	20.625
2,415	11/23/2025 1:53:00	8.7780	20.609
2,416	11/23/2025 1:54:00	8.7780	20.617
2,417	11/23/2025 1:55:00	8.7780	20.602
2,418	11/23/2025 1:56:00	8.7780	20.586
2,419	11/23/2025 1:57:00	8.7780	20.578
2,420	11/23/2025 1:58:00	8.7780	20.570
2,421	11/23/2025 1:59:00	8.7780	20.563
2,422	11/23/2025 2:00:00	8.7791	20.563
2,423	11/23/2025 2:01:00	8.7770	20.555
2,424	11/23/2025 2:02:00	8.7791	20.555
2,425	11/23/2025 2:03:00	8.7791	20.547
2,426	11/23/2025 2:04:00	8.7780	20.539
2,427	11/23/2025 2:05:00	8.7780	20.523
2,428	11/23/2025 2:06:00	8.7780	20.508
2,429	11/23/2025 2:07:00	8.7791	20.492
2,430	11/23/2025 2:08:00	8.7791	20.453
2,431	11/23/2025 2:09:00	8.7791	20.438
2,432	11/23/2025 2:10:00	8.7801	20.406
2,433	11/23/2025 2:11:00	8.7791	20.383
2,434	11/23/2025 2:12:00	8.7791	20.359
2,435	11/23/2025 2:13:00	8.7791	20.344
2,436	11/23/2025 2:14:00	8.7791	20.320
2,437	11/23/2025 2:15:00	8.7791	20.297
2,438	11/23/2025 2:16:00	8.7791	20.281
2,439	11/23/2025 2:17:00	8.7791	20.289
2,440	11/23/2025 2:18:00	8.7791	20.273
2,441	11/23/2025 2:19:00	8.7801	20.266
2,442	11/23/2025 2:20:00	8.7791	20.273
2,443	11/23/2025 2:21:00	8.7801	20.289
2,444	11/23/2025 2:22:00	8.7801	20.297
2,445	11/23/2025 2:23:00	8.7801	20.289
2,446	11/23/2025 2:24:00	8.7791	20.281
2,447	11/23/2025 2:25:00	8.7801	20.281
2,448	11/23/2025 2:26:00	8.7801	20.273
2,449	11/23/2025 2:27:00	8.7801	20.273
2,450	11/23/2025 2:28:00	8.7801	20.258
2,451	11/23/2025 2:29:00	8.7801	20.242
2,452	11/23/2025 2:30:00	8.7791	20.234
2,453	11/23/2025 2:31:00	8.7791	20.219
2,454	11/23/2025 2:32:00	8.7791	20.203
2,455	11/23/2025 2:33:00	8.7791	20.188
2,456	11/23/2025 2:34:00	8.7791	20.172
2,457	11/23/2025 2:35:00	8.7791	20.172
2,458	11/23/2025 2:36:00	8.7780	20.164
2,459	11/23/2025 2:37:00	8.7791	20.156
2,460	11/23/2025 2:38:00	8.7791	20.148
2,461	11/23/2025 2:39:00	8.7791	20.148
2,462	11/23/2025 2:40:00	8.7791	20.148
2,463	11/23/2025 2:41:00	8.7791	20.141
2,464	11/23/2025 2:42:00	8.7791	20.133
2,465	11/23/2025 2:43:00	8.7791	20.133
2,466	11/23/2025 2:44:00	8.7791	20.125
2,467	11/23/2025 2:45:00	8.7791	20.125
2,468	11/23/2025 2:46:00	8.7780	20.125
2,469	11/23/2025 2:47:00	8.7801	20.109
2,470	11/23/2025 2:48:00	8.7791	20.102
2,471	11/23/2025 2:49:00	8.7791	20.102
2,472	11/23/2025 2:50:00	8.7791	20.086
2,473	11/23/2025 2:51:00	8.7791	20.070
2,474	11/23/2025 2:52:00	8.7791	20.070
2,475	11/23/2025 2:53:00	8.7791	20.063
2,476	11/23/2025 2:54:00	8.7791	20.063
2,477	11/23/2025 2:55:00	8.7791	20.055
2,478	11/23/2025 2:56:00	8.7791	20.039
2,479	11/23/2025 2:57:00	8.7801	20.047
2,480	11/23/2025 2:58:00	8.7791	20.039
2,481	11/23/2025 2:59:00	8.7791	20.039
2,482	11/23/2025 3:00:00	8.7801	20.023
2,483	11/23/2025 3:01:00	8.7791	20.008
2,484	11/23/2025 3:02:00	8.7791	19.992
2,485	11/23/2025 3:03:00	8.7791	19.977
2,486	11/23/2025 3:04:00	8.7801	19.961
2,487	11/23/2025 3:05:00	8.7801	19.953
2,488	11/23/2025 3:06:00	8.7791	19.930
2,489	11/23/2025 3:07:00	8.7791	19.906
2,490	11/23/2025 3:08:00	8.7791	19.883
2,491	11/23/2025 3:09:00	8.7791	19.867
2,492	11/23/2025 3:10:00	8.7791	19.859
2,493	11/23/2025 3:11:00	8.7801	19.852
2,494	11/23/2025 3:12:00	8.7791	19.828
2,495	11/23/2025 3:13:00	8.7801	19.805
2,496	11/23/2025 3:14:00	8.7801	19.797
2,497	11/23/2025 3:15:00	8.7791	19.805
2,498	11/23/2025 3:16:00	8.7791	19.820
2,499	11/23/2025 3:17:00	8.7791	19.828
2,500	11/23/2025 3:18:00	8.7791	19.820
2,501	11/23/2025 3:19:00	8.7801	19.805
2,502	11/23/2025 3:20:00	8.7801	19.805
2,503	11/23/2025 3:21:00	8.7801	19.805
2,504	11/23/2025 3:22:00	8.7801	19.828
2,505	11/23/2025 3:23:00	8.7791	19.828
2,506	11/23/2025 3:24:00	8.7801	19.828
2,507	11/23/2025 3:25:00	8.7791	19.820
2,508	11/23/2025 3:26:00	8.7791	19.805
2,509	11/23/2025 3:27:00	8.7791	19.789
2,510	11/23/2025 3:28:00	8.7791	19.773
2,511	11/23/2025 3:29:00	8.7791	19.758
2,512	11/23/2025 3:30:00	8.7780	19.734
2,513	11/23/2025 3:31:00	8.7801	19.711
2,514	11/23/2025 3:32:00	8.7791	19.695
2,515	11/23/2025 3:33:00	8.7791	19.680
2,516	11/23/2025 3:34:00	8.7791	19.664
2,517	11/23/2025 3:35:00	8.7791	19.648
2,518	11/23/2025 3:36:00	8.7791	19.625
2,519	11/23/2025 3:37:00	8.7791	19.625
2,520	11/23/2025 3:38:00	8.7780	19.625
2,521	11/23/2025 3:39:00	8.7780	19.609
2,522	11/23/2025 3:40:00	8.7780	19.594
2,523	11/23/2025 3:41:00	8.7780	19.586
2,524	11/23/2025 3:42:00	8.7780	19.578
2,525	11/23/2025 3:43:00	8.7780	19.563
2,526	11/23/2025 3:44:00	8.7780	19.531
2,527	11/23/2025 3:45:00	8.7780	19.508
2,528	11/23/2025 3:46:00	8.7780	19.477
2,529	11/23/2025 3:47:00	8.7791	19.453
2,530	11/23/2025 3:48:00	8.7791	19.422
2,531	11/23/2025 3:49:00	8.7791	19.398
2,532	11/23/2025 3:50:00	8.7801	19.383
2,533	11/23/2025 3:51:00	8.7801	19.359
2,534	11/23/2025 3:52:00	8.7791	19.352
2,535	11/23/2025 3:53:00	8.7791	19.344
2,536	11/23/2025 3:54:00	8.7801	19.328
2,537	11/23/2025 3:55:00	8.7780	19.336
2,538	11/23/2025 3:56:00	8.7791	19.352
2,539	11/23/2025 3:57:00	8.7791	19.359
2,540	11/23/2025 3:58:00	8.7791	19.375
2,541	11/23/2025 3:59:00	8.7780	19.391
2,542	11/23/2025 4:00:00	8.7780	19.391
2,543	11/23/2025 4:01:00	8.7780	19.406
2,544	11/23/2025 4:02:00	8.7780	19.422
2,545	11/23/2025 4:03:00	8.7780	19.430
2,546	11/23/2025 4:04:00	8.7791	19.430
2,547	11/23/2025 4:05:00	8.7791	19.430
2,548	11/23/2025 4:06:00	8.7780	19.422
2,549	11/23/2025 4:07:00	8.7780	19.422
2,550	11/23/2025 4:08:00	8.7791	19.422
2,551	11/23/2025 4:09:00	8.7780	19.414
2,552	11/23/2025 4:10:00	8.7791	19.422
2,553	11/23/2025 4:11:00	8.7780	19.422
2,554	11/23/2025 4:12:00	8.7791	19.406
2,555	11/23/2025 4:13:00	8.7791	19.398
2,556	11/23/2025 4:14:00	8.7791	19.383
2,557	11/23/2025 4:15:00	8.7791	19.367
2,558	11/23/2025 4:16:00	8.7791	19.359
2,559	11/23/2025 4:17:00	8.7801	19.344
2,560	11/23/2025 4:18:00	8.7801	19.328
2,561	11/23/2025 4:19:00	8.7791	19.328
2,562	11/23/2025 4:20:00	8.7791	19.344
2,563	11/23/2025 4:21:00	8.7801	19.344
2,564	11/23/2025 4:22:00	8.7801	19.352
2,565	11/23/2025 4:23:00	8.7801	19.344
2,566	11/23/2025 4:24:00	8.7801	19.344
2,567	11/23/2025 4:25:00	8.7791	19.344
2,568	11/23/2025 4:26:00	8.7811	19.352
2,569	11/23/2025 4:27:00	8.7801	19.344
2,570	11/23/2025 4:28:00	8.7801	19.344
2,571	11/23/2025 4:29:00	8.7801	19.336
2,572	11/23/2025 4:30:00	8.7801	19.336
2,573	11/23/2025 4:31:00	8.7801	19.328
2,574	11/23/2025 4:32:00	8.7801	19.313
2,575	11/23/2025 4:33:00	8.7801	19.305
2,576	11/23/2025 4:34:00	8.7811	19.305
2,577	11/23/2025 4:35:00	8.7811	19.305
2,578	11/23/2025 4:36:00	8.7811	19.305
2,579	11/23/2025 4:37:00	8.7811	19.313
2,580	11/23/2025 4:38:00	8.7801	19.320
2,581	11/23/2025 4:39:00	8.7811	19.336
2,582	11/23/2025 4:40:00	8.7811	19.344
2,583	11/23/2025 4:41:00	8.7801	19.352
2,584	11/23/2025 4:42:00	8.7811	19.383
2,585	11/23/2025 4:43:00	8.7811	19.398
2,586	11/23/2025 4:44:00	8.7811	19.398
2,587	11/23/2025 4:45:00	8.7811	19.422
2,588	11/23/2025 4:46:00	8.7811	19.430
2,589	11/23/2025 4:47:00	8.7811	19.445
2,590	11/23/2025 4:48:00	8.7811	19.453
2,591	11/23/2025 4:49:00	8.7811	19.469
2,592	11/23/2025 4:50:00	8.7811	19.477
2,593	11/23/2025 4:51:00	8.7811	19.500
2,594	11/23/2025 4:52:00	8.7811	19.508
2,595	11/23/2025 4:53:00	8.7811	19.516
2,596	11/23/2025 4:54:00	8.7811	19.508
2,597	11/23/2025 4:55:00	8.7821	19.516
2,598	11/23/2025 4:56:00	8.7811	19.523
2,599	11/23/2025 4:57:00	8.7811	19.531
2,600	11/23/2025 4:58:00	8.7811	19.516
2,601	11/23/2025 4:59:00	8.7811	19.531
2,602	11/23/2025 5:00:00	8.7821	19.531
2,603	11/23/2025 5:01:00	8.7811	19.547
2,604	11/23/2025 5:02:00	8.7811	19.539
2,605	11/23/2025 5:03:00	8.7821	19.539
2,606	11/23/2025 5:04:00	8.7811	19.539
2,607	11/23/2025 5:05:00	8.7821	19.531
2,608	11/23/2025 5:06:00	8.7821	19.516
2,609	11/23/2025 5:07:00	8.7831	19.508
2,610	11/23/2025 5:08:00	8.7821	19.484
2,611	11/23/2025 5:09:00	8.7821	19.469
2,612	11/23/2025 5:10:00	8.7821	19.461
2,613	11/23/2025 5:11:00	8.7821	19.453
2,614	11/23/2025 5:12:00	8.7831	19.430
2,615	11/23/2025 5:13:00	8.7821	19.414
2,616	11/23/2025 5:14:00	8.7821	19.398
2,617	11/23/2025 5:15:00	8.7821	19.367
2,618	11/23/2025 5:16:00	8.7831	19.328
2,619	11/23/2025 5:17:00	8.7831	19.273
2,620	11/23/2025 5:18:00	8.7831	19.219
2,621	11/23/2025 5:19:00	8.7841	19.180
2,622	11/23/2025 5:20:00	8.7841	19.156
2,623	11/23/2025 5:21:00	8.7831	19.148
2,624	11/23/2025 5:22:00	8.7841	19.141
2,625	11/23/2025 5:23:00	8.7841	19.141
2,626	11/23/2025 5:24:00	8.7841	19.148
2,627	11/23/2025 5:25:00	8.7841	19.148
2,628	11/23/2025 5:26:00	8.7841	19.156
2,629	11/23/2025 5:27:00	8.7852	19.164
2,630	11/23/2025 5:28:00	8.7841	19.156
2,631	11/23/2025 5:29:00	8.7841	19.148
2,632	11/23/2025 5:30:00	8.7841	19.148
2,633	11/23/2025 5:31:00	8.7852	19.164
2,634	11/23/2025 5:32:00	8.7852	19.156
2,635	11/23/2025 5:33:00	8.7852	19.148
2,636	11/23/2025 5:34:00	8.7852	19.141
2,637	11/23/2025 5:35:00	8.7852	19.125
2,638	11/23/2025 5:36:00	8.7852	19.102
2,639	11/23/2025 5:37:00	8.7852	19.078
2,640	11/23/2025 5:38:00	8.7852	19.063
2,641	11/23/2025 5:39:00	8.7841	19.047
2,642	11/23/2025 5:40:00	8.7852	19.031
2,643	11/23/2025 5:41:00	8.7852	19.016
2,644	11/23/2025 5:42:00	8.7841	18.992
2,645	11/23/2025 5:43:00	8.7852	18.984
2,646	11/23/2025 5:44:00	8.7852	18.969
2,647	11/23/2025 5:45:00	8.7862	18.969
2,648	11/23/2025 5:46:00	8.7852	18.969
2,649	11/23/2025 5:47:00	8.7862	18.969
2,650	11/23/2025 5:48:00	8.7862	18.945
2,651	11/23/2025 5:49:00	8.7852	18.930
2,652	11/23/2025 5:50:00	8.7862	18.922
2,653	11/23/2025 5:51:00	8.7872	18.930
2,654	11/23/2025 5:52:00	8.7862	18.961
2,655	11/23/2025 5:53:00	8.7862	19.000
2,656	11/23/2025 5:54:00	8.7862	19.031
2,657	11/23/2025 5:55:00	8.7872	19.031
2,658	11/23/2025 5:56:00	8.7872	19.031
2,659	11/23/2025 5:57:00	8.7872	19.055
2,660	11/23/2025 5:58:00	8.7862	19.086
2,661	11/23/2025 5:59:00	8.7862	19.133
2,662	11/23/2025 6:00:00	8.7862	19.203
2,663	11/23/2025 6:01:00	8.7852	19.297
2,664	11/23/2025 6:02:00	8.7852	19.383
2,665	11/23/2025 6:03:00	8.7852	19.492
2,666	11/23/2025 6:04:00	8.7852	19.578
2,667	11/23/2025 6:05:00	8.7852	19.672
2,668	11/23/2025 6:06:00	8.7852	19.805
2,669	11/23/2025 6:07:00	8.7841	19.992
2,670	11/23/2025 6:08:00	8.7841	20.195
2,671	11/23/2025 6:09:00	8.7841	20.414
2,672	11/23/2025 6:10:00	8.7841	20.617
2,673	11/23/2025 6:11:00	8.7841	20.797
2,674	11/23/2025 6:12:00	8.7841	20.969
2,675	11/23/2025 6:13:00	8.7841	21.109
2,676	11/23/2025 6:14:00	8.7852	21.203
2,677	11/23/2025 6:15:00	8.7841	21.289
2,678	11/23/2025 6:16:00	8.7852	21.281
2,679	11/23/2025 6:17:00	8.7862	21.188
2,680	11/23/2025 6:18:00	8.7862	21.086
2,681	11/23/2025 6:19:00	8.7862	20.984
2,682	11/23/2025 6:20:00	8.7872	20.969
2,683	11/23/2025 6:21:00	8.7862	21.031
2,684	11/23/2025 6:22:00	8.7841	21.234
2,685	11/23/2025 6:23:00	8.7831	21.570
2,686	11/23/2025 6:24:00	8.7831	21.930
2,687	11/23/2025 6:25:00	8.7811	22.297
2,688	11/23/2025 6:26:00	8.7821	22.578
2,689	11/23/2025 6:27:00	8.7821	22.758
2,690	11/23/2025 6:28:00	8.7831	22.883
2,691	11/23/2025 6:29:00	8.7831	22.969
2,692	11/23/2025 6:30:00	8.7831	23.063
2,693	11/23/2025 6:31:00	8.7852	23.141
2,694	11/23/2025 6:32:00	8.7841	23.141
2,695	11/23/2025 6:33:00	8.7852	23.102
2,696	11/23/2025 6:34:00	8.7862	22.984
2,697	11/23/2025 6:35:00	8.7862	22.844
2,698	11/23/2025 6:36:00	8.7872	22.688
2,699	11/23/2025 6:37:00	8.7872	22.516
2,700	11/23/2025 6:38:00	8.7882	22.406
2,701	11/23/2025 6:39:00	8.7872	22.367
2,702	11/23/2025 6:40:00	8.7872	22.391
2,703	11/23/2025 6:41:00	8.7872	22.453
2,704	11/23/2025 6:42:00	8.7872	22.594
2,705	11/23/2025 6:43:00	8.7852	22.805
2,706	11/23/2025 6:44:00	8.7852	23.070
2,707	11/23/2025 6:45:00	8.7841	23.266
2,708	11/23/2025 6:46:00	8.7841	23.391
2,709	11/23/2025 6:47:00	8.7852	23.484
2,710	11/23/2025 6:48:00	8.7841	23.555
2,711	11/23/2025 6:49:00	8.7841	23.727
2,712	11/23/2025 6:50:00	8.7841	23.961
2,713	11/23/2025 6:51:00	8.7831	24.180
2,714	11/23/2025 6:52:00	8.7831	24.289
2,715	11/23/2025 6:53:00	8.7831	24.422
2,716	11/23/2025 6:54:00	8.7831	24.547
2,717	11/23/2025 6:55:00	8.7811	24.727
2,718	11/23/2025 6:56:00	8.7821	24.914
2,719	11/23/2025 6:57:00	8.7811	25.086
2,720	11/23/2025 6:58:00	8.7811	25.266
2,721	11/23/2025 6:59:00	8.7831	25.328
2,722	11/23/2025 7:00:00	8.7831	25.250
2,723	11/23/2025 7:01:00	8.7821	25.219
2,724	11/23/2025 7:02:00	8.7831	25.422
2,725	11/23/2025 7:03:00	8.7821	25.703
2,726	11/23/2025 7:04:00	8.7831	25.875
2,727	11/23/2025 7:05:00	8.7821	25.945
2,728	11/23/2025 7:06:00	8.7841	25.930
2,729	11/23/2025 7:07:00	8.7831	25.914
2,730	11/23/2025 7:08:00	8.7831	25.930
2,731	11/23/2025 7:09:00	8.7852	25.789
2,732	11/23/2025 7:10:00	8.7852	25.586
2,733	11/23/2025 7:11:00	8.7852	25.320
2,734	11/23/2025 7:12:00	8.7872	25.063
2,735	11/23/2025 7:13:00	8.7862	24.938
2,736	11/23/2025 7:14:00	8.7862	24.797
2,737	11/23/2025 7:15:00	8.7872	24.617
2,738	11/23/2025 7:16:00	8.7872	24.445
2,739	11/23/2025 7:17:00	8.7862	24.297
2,740	11/23/2025 7:18:00	8.7872	24.180
2,741	11/23/2025 7:19:00	8.7882	24.102
2,742	11/23/2025 7:20:00	8.7882	24.023
2,743	11/23/2025 7:21:00	8.7872	24.000
2,744	11/23/2025 7:22:00	8.7882	23.945
2,745	11/23/2025 7:23:00	8.7872	23.906
2,746	11/23/2025 7:24:00	8.7882	23.922
2,747	11/23/2025 7:25:00	8.7872	24.039
2,748	11/23/2025 7:26:00	8.7872	24.156
2,749	11/23/2025 7:27:00	8.7862	24.266
2,750	11/23/2025 7:28:00	8.7872	24.359
2,751	11/23/2025 7:29:00	8.7872	24.375
2,752	11/23/2025 7:30:00	8.7892	24.297
2,753	11/23/2025 7:31:00	8.7882	24.172
2,754	11/23/2025 7:32:00	8.7882	24.102
2,755	11/23/2025 7:33:00	8.7882	24.070
2,756	11/23/2025 7:34:00	8.7872	24.102
2,757	11/23/2025 7:35:00	8.7872	24.234
2,758	11/23/2025 7:36:00	8.7872	24.383
2,759	11/23/2025 7:37:00	8.7872	24.500
2,760	11/23/2025 7:38:00	8.7862	24.664
2,761	11/23/2025 7:39:00	8.7862	24.828
2,762	11/23/2025 7:40:00	8.7852	24.984
2,763	11/23/2025 7:41:00	8.7862	25.063
2,764	11/23/2025 7:42:00	8.7862	25.000
2,765	11/23/2025 7:43:00	8.7872	25.000
2,766	11/23/2025 7:44:00	8.7852	25.039
2,767	11/23/2025 7:45:00	8.7862	25.086
2,768	11/23/2025 7:46:00	8.7852	25.156
2,769	11/23/2025 7:47:00	8.7852	25.219
2,770	11/23/2025 7:48:00	8.7841	25.258
2,771	11/23/2025 7:49:00	8.7862	25.313
2,772	11/23/2025 7:50:00	8.7852	25.305
2,773	11/23/2025 7:51:00	8.7852	25.344
2,774	11/23/2025 7:52:00	8.7852	25.383
2,775	11/23/2025 7:53:00	8.7862	25.398
2,776	11/23/2025 7:54:00	8.7852	25.469
2,777	11/23/2025 7:55:00	8.7862	25.547
2,778	11/23/2025 7:56:00	8.7862	25.523
2,779	11/23/2025 7:57:00	8.7852	25.508
2,780	11/23/2025 7:58:00	8.7852	25.523
2,781	11/23/2025 7:59:00	8.7852	25.672
2,782	11/23/2025 8:00:00	8.7852	25.773
2,783	11/23/2025 8:01:00	8.7852	25.719
2,784	11/23/2025 8:02:00	8.7852	25.695
2,785	11/23/2025 8:03:00	8.7852	25.719
2,786	11/23/2025 8:04:00	8.7841	25.859
2,787	11/23/2025 8:05:00	8.7841	25.938
2,788	11/23/2025 8:06:00	8.7852	26.086
2,789	11/23/2025 8:07:00	8.7841	26.188
2,790	11/23/2025 8:08:00	8.7852	26.281
2,791	11/23/2025 8:09:00	8.7831	26.352
2,792	11/23/2025 8:10:00	8.7841	26.305
2,793	11/23/2025 8:11:00	8.7841	26.281
2,794	11/23/2025 8:12:00	8.7852	26.281
2,795	11/23/2025 8:13:00	8.7841	26.297
2,796	11/23/2025 8:14:00	8.7841	26.195
2,797	11/23/2025 8:15:00	8.7841	26.008
2,798	11/23/2025 8:16:00	8.7841	25.992
2,799	11/23/2025 8:17:00	8.7841	25.984
2,800	11/23/2025 8:18:00	8.7841	25.938
2,801	11/23/2025 8:19:00	8.7852	25.828
2,802	11/23/2025 8:20:00	8.7852	25.711
2,803	11/23/2025 8:21:00	8.7852	25.625
2,804	11/23/2025 8:22:00	8.7862	25.539
2,805	11/23/2025 8:23:00	8.7841	25.570
2,806	11/23/2025 8:24:00	8.7852	25.609
2,807	11/23/2025 8:25:00	8.7852	25.609
2,808	11/23/2025 8:26:00	8.7862	25.563
2,809	11/23/2025 8:27:00	8.7841	25.586
2,810	11/23/2025 8:28:00	8.7862	25.555
2,811	11/23/2025 8:29:00	8.7862	25.547
2,812	11/23/2025 8:30:00	8.7862	25.555
2,813	11/23/2025 8:31:00	8.7872	25.625
2,814	11/23/2025 8:32:00	8.7852	25.586
2,815	11/23/2025 8:33:00	8.7862	25.477
2,816	11/23/2025 8:34:00	8.7862	25.445
2,817	11/23/2025 8:35:00	8.7862	25.414
2,818	11/23/2025 8:36:00	8.7872	25.367
2,819	11/23/2025 8:37:00	8.7852	25.391
2,820	11/23/2025 8:38:00	8.7872	25.445
2,821	11/23/2025 8:39:00	8.7852	25.555
2,822	11/23/2025 8:40:00	8.7862	25.672
2,823	11/23/2025 8:41:00	8.7852	25.703
2,824	11/23/2025 8:42:00	8.7862	25.680
2,825	11/23/2025 8:43:00	8.7852	25.664
2,826	11/23/2025 8:44:00	8.7852	25.719
2,827	11/23/2025 8:45:00	8.7852	25.742
2,828	11/23/2025 8:46:00	8.7841	25.766
2,829	11/23/2025 8:47:00	8.7852	25.820
2,830	11/23/2025 8:48:00	8.7841	25.844
2,831	11/23/2025 8:49:00	8.7852	25.828
2,832	11/23/2025 8:50:00	8.7852	25.852
2,833	11/23/2025 8:51:00	8.7841	25.914
2,834	11/23/2025 8:52:00	8.7841	25.961
2,835	11/23/2025 8:53:00	8.7831	26.078
2,836	11/23/2025 8:54:00	8.7852	26.227
2,837	11/23/2025 8:55:00	8.7831	26.344
2,838	11/23/2025 8:56:00	8.7831	26.328
2,839	11/23/2025 8:57:00	8.7841	26.234
2,840	11/23/2025 8:58:00	8.7852	26.180
2,841	11/23/2025 8:59:00	8.7841	26.211
2,842	11/23/2025 9:00:00	8.7841	26.273
2,843	11/23/2025 9:01:00	8.7852	26.344
2,844	11/23/2025 9:02:00	8.7841	26.391
2,845	11/23/2025 9:03:00	8.7841	26.453
2,846	11/23/2025 9:04:00	8.7841	26.508
2,847	11/23/2025 9:05:00	8.7841	26.578
2,848	11/23/2025 9:06:00	8.7841	26.695
2,849	11/23/2025 9:07:00	8.7841	26.813
2,850	11/23/2025 9:08:00	8.7831	26.875
2,851	11/23/2025 9:09:00	8.7841	26.891
2,852	11/23/2025 9:10:00	8.7841	26.891
2,853	11/23/2025 9:11:00	8.7841	26.836
2,854	11/23/2025 9:12:00	8.7841	26.859
2,855	11/23/2025 9:13:00	8.7841	26.859
2,856	11/23/2025 9:14:00	8.7841	26.906
2,857	11/23/2025 9:15:00	8.7852	26.953
2,858	11/23/2025 9:16:00	8.7841	27.031
2,859	11/23/2025 9:17:00	8.7821	27.156
2,860	11/23/2025 9:18:00	8.7821	27.305
2,861	11/23/2025 9:19:00	8.7831	27.391
2,862	11/23/2025 9:20:00	8.7811	27.484
2,863	11/23/2025 9:21:00	8.7821	27.484
2,864	11/23/2025 9:22:00	8.7821	27.438
2,865	11/23/2025 9:23:00	8.7831	27.430
2,866	11/23/2025 9:24:00	8.7831	27.422
2,867	11/23/2025 9:25:00	8.7831	27.352
2,868	11/23/2025 9:26:00	8.7841	27.305
2,869	11/23/2025 9:27:00	8.7841	27.344
2,870	11/23/2025 9:28:00	8.7831	27.430
2,871	11/23/2025 9:29:00	8.7831	27.500
2,872	11/23/2025 9:30:00	8.7831	27.570
2,873	11/23/2025 9:31:00	8.7831	27.664
2,874	11/23/2025 9:32:00	8.7831	27.781
2,875	11/23/2025 9:33:00	8.7831	27.844
2,876	11/23/2025 9:34:00	8.7831	27.828
2,877	11/23/2025 9:35:00	8.7821	27.805
2,878	11/23/2025 9:36:00	8.7831	27.797
2,879	11/23/2025 9:37:00	8.7831	27.750
2,880	11/23/2025 9:38:00	8.7821	27.695
2,881	11/23/2025 9:39:00	8.7821	27.766
2,882	11/23/2025 9:40:00	8.7821	27.836
2,883	11/23/2025 9:41:00	8.7831	27.805
2,884	11/23/2025 9:42:00	8.7831	27.781
2,885	11/23/2025 9:43:00	8.7821	27.813
2,886	11/23/2025 9:44:00	8.7821	27.773
2,887	11/23/2025 9:45:00	8.7831	27.758
2,888	11/23/2025 9:46:00	8.7821	27.625
2,889	11/23/2025 9:47:00	8.7831	27.547
2,890	11/23/2025 9:48:00	8.7821	27.609
2,891	11/23/2025 9:49:00	8.7831	27.617
2,892	11/23/2025 9:50:00	8.7831	27.594
2,893	11/23/2025 9:51:00	8.7831	27.625
2,894	11/23/2025 9:52:00	8.7821	27.641
2,895	11/23/2025 9:53:00	8.7831	27.633
2,896	11/23/2025 9:54:00	8.7831	27.656
2,897	11/23/2025 9:55:00	8.7821	27.633
2,898	11/23/2025 9:56:00	8.7821	27.641
2,899	11/23/2025 9:57:00	8.7811	27.750
2,900	11/23/2025 9:58:00	8.7811	27.875
2,901	11/23/2025 9:59:00	8.7811	27.883
2,902	11/23/2025 10:00:00	8.7801	27.906
2,903	11/23/2025 10:01:00	8.7811	28.016
2,904	11/23/2025 10:02:00	8.7811	28.055
2,905	11/23/2025 10:03:00	8.7801	28.141
2,906	11/23/2025 10:04:00	8.7801	28.234
2,907	11/23/2025 10:05:00	8.7811	28.305
2,908	11/23/2025 10:06:00	8.7801	28.391
2,909	11/23/2025 10:07:00	8.7801	28.359
2,910	11/23/2025 10:08:00	8.7811	28.305
2,911	11/23/2025 10:09:00	8.7801	28.438
2,912	11/23/2025 10:10:00	8.7801	28.547
2,913	11/23/2025 10:11:00	8.7791	28.664
2,914	11/23/2025 10:12:00	8.7801	28.766
2,915	11/23/2025 10:13:00	8.7801	28.859
2,916	11/23/2025 10:14:00	8.7780	28.898
2,917	11/23/2025 10:15:00	8.7791	28.961
2,918	11/23/2025 10:16:00	8.7780	29.039
2,919	11/23/2025 10:17:00	8.7791	29.070
2,920	11/23/2025 10:18:00	8.7791	29.070
2,921	11/23/2025 10:19:00	8.7801	29.023
2,922	11/23/2025 10:20:00	8.7801	29.031
2,923	11/23/2025 10:21:00	8.7791	29.008
2,924	11/23/2025 10:22:00	8.7801	28.945
2,925	11/23/2025 10:23:00	8.7791	28.945
2,926	11/23/2025 10:24:00	8.7801	28.906
2,927	11/23/2025 10:25:00	8.7801	28.852
2,928	11/23/2025 10:26:00	8.7801	28.719
2,929	11/23/2025 10:27:00	8.7801	28.578
2,930	11/23/2025 10:28:00	8.7801	28.445
2,931	11/23/2025 10:29:00	8.7811	28.234
2,932	11/23/2025 10:30:00	8.7801	28.031
2,933	11/23/2025 10:31:00	8.7811	27.906
2,934	11/23/2025 10:32:00	8.7811	27.742
2,935	11/23/2025 10:33:00	8.7801	27.773
2,936	11/23/2025 10:34:00	8.7801	27.898
2,937	11/23/2025 10:35:00	8.7791	28.086
2,938	11/23/2025 10:36:00	8.7791	28.328
2,939	11/23/2025 10:37:00	8.7780	28.555
2,940	11/23/2025 10:38:00	8.7780	28.688
2,941	11/23/2025 10:39:00	8.7770	28.875
2,942	11/23/2025 10:40:00	8.7770	29.117
2,943	11/23/2025 10:41:00	8.7760	29.367
2,944	11/23/2025 10:42:00	8.7760	29.695
2,945	11/23/2025 10:43:00	8.7760	29.953
2,946	11/23/2025 10:44:00	8.7740	30.094
2,947	11/23/2025 10:45:00	8.7750	30.070
2,948	11/23/2025 10:46:00	8.7760	30.016
2,949	11/23/2025 10:47:00	8.7750	29.961
2,950	11/23/2025 10:48:00	8.7750	29.859
2,951	11/23/2025 10:49:00	8.7760	29.664
2,952	11/23/2025 10:50:00	8.7770	29.516
2,953	11/23/2025 10:51:00	8.7760	29.398
2,954	11/23/2025 10:52:00	8.7770	29.273
2,955	11/23/2025 10:53:00	8.7770	29.102
2,956	11/23/2025 10:54:00	8.7760	28.906
2,957	11/23/2025 10:55:00	8.7770	28.844
2,958	11/23/2025 10:56:00	8.7770	28.773
2,959	11/23/2025 10:57:00	8.7770	28.758
2,960	11/23/2025 10:58:00	8.7770	28.766
2,961	11/23/2025 10:59:00	8.7760	28.758
2,962	11/23/2025 11:00:00	8.7760	28.711
2,963	11/23/2025 11:01:00	8.7750	28.648
2,964	11/23/2025 11:02:00	8.7760	28.750
2,965	11/23/2025 11:03:00	8.7750	28.852
2,966	11/23/2025 11:04:00	8.7760	28.820
2,967	11/23/2025 11:05:00	8.7740	28.742
2,968	11/23/2025 11:06:00	8.7750	28.672
2,969	11/23/2025 11:07:00	8.7750	28.680
2,970	11/23/2025 11:08:00	8.7750	28.680
2,971	11/23/2025 11:09:00	8.7750	28.727
2,972	11/23/2025 11:10:00	8.7750	28.773
2,973	11/23/2025 11:11:00	8.7740	28.883
2,974	11/23/2025 11:12:00	8.7729	29.063
2,975	11/23/2025 11:13:00	8.7709	29.234
2,976	11/23/2025 11:14:00	8.7719	29.266
2,977	11/23/2025 11:15:00	8.7719	29.219
2,978	11/23/2025 11:16:00	8.7740	29.094
2,979	11/23/2025 11:17:00	8.7729	29.070
2,980	11/23/2025 11:18:00	8.7709	29.195
2,981	11/23/2025 11:19:00	8.7719	29.375
2,982	11/23/2025 11:20:00	8.7699	29.555
2,983	11/23/2025 11:21:00	8.7689	29.742
2,984	11/23/2025 11:22:00	8.7699	29.898
2,985	11/23/2025 11:23:00	8.7699	30.070
2,986	11/23/2025 11:24:00	8.7699	30.047
2,987	11/23/2025 11:25:00	8.7699	29.922
2,988	11/23/2025 11:26:00	8.7709	29.852
2,989	11/23/2025 11:27:00	8.7699	29.727
2,990	11/23/2025 11:28:00	8.7699	29.719
2,991	11/23/2025 11:29:00	8.7709	29.711
2,992	11/23/2025 11:30:00	8.7709	29.602
2,993	11/23/2025 11:31:00	8.7709	29.555
2,994	11/23/2025 11:32:00	8.7699	29.547
2,995	11/23/2025 11:33:00	8.7709	29.484
2,996	11/23/2025 11:34:00	8.7699	29.375
2,997	11/23/2025 11:35:00	8.7709	29.328
2,998	11/23/2025 11:36:00	8.7699	29.234
2,999	11/23/2025 11:37:00	8.7709	29.031
3,000	11/23/2025 11:38:00	8.7719	28.883
3,001	11/23/2025 11:39:00	8.7709	28.734
3,002	11/23/2025 11:40:00	8.7709	28.586
3,003	11/23/2025 11:41:00	8.7709	28.492
3,004	11/23/2025 11:42:00	8.7709	28.469
3,005	11/23/2025 11:43:00	8.7719	28.445
3,006	11/23/2025 11:44:00	8.7709	28.438
3,007	11/23/2025 11:45:00	8.7719	28.367
3,008	11/23/2025 11:46:00	8.7719	28.336
3,009	11/23/2025 11:47:00	8.7719	28.289
3,010	11/23/2025 11:48:00	8.7709	28.234
3,011	11/23/2025 11:49:00	8.7689	28.234
3,012	11/23/2025 11:50:00	8.7699	28.242
3,013	11/23/2025 11:51:00	8.7699	28.258
3,014	11/23/2025 11:52:00	8.7689	28.320
3,015	11/23/2025 11:53:00	8.7689	28.375
3,016	11/23/2025 11:54:00	8.7689	28.578
3,017	11/23/2025 11:55:00	8.7668	28.758
3,018	11/23/2025 11:56:00	8.7668	28.969
3,019	11/23/2025 11:57:00	8.7668	29.227
3,020	11/23/2025 11:58:00	8.7648	29.469
3,021	11/23/2025 11:59:00	8.7658	29.633
3,022	11/23/2025 12:00:00	8.7658	29.672
3,023	11/23/2025 12:01:00	8.7648	29.531
3,024	11/23/2025 12:02:00	8.7668	29.453
3,025	11/23/2025 12:03:00	8.7648	29.500
3,026	11/23/2025 12:04:00	8.7658	29.555
3,027	11/23/2025 12:05:00	8.7648	29.625
3,028	11/23/2025 12:06:00	8.7648	29.672
3,029	11/23/2025 12:07:00	8.7638	29.758
3,030	11/23/2025 12:08:00	8.7648	29.820
3,031	11/23/2025 12:09:00	8.7638	29.750
3,032	11/23/2025 12:10:00	8.7627	29.758
3,033	11/23/2025 12:11:00	8.7617	29.883
3,034	11/23/2025 12:12:00	8.7607	30.125
3,035	11/23/2025 12:13:00	8.7607	30.367
3,036	11/23/2025 12:14:00	8.7617	30.469
3,037	11/23/2025 12:15:00	8.7597	30.633
3,038	11/23/2025 12:16:00	8.7587	30.797
3,039	11/23/2025 12:17:00	8.7597	30.750
3,040	11/23/2025 12:18:00	8.7607	30.656
3,041	11/23/2025 12:19:00	8.7607	30.547
3,042	11/23/2025 12:20:00	8.7597	30.453
3,043	11/23/2025 12:21:00	8.7617	30.375
3,044	11/23/2025 12:22:00	8.7597	30.305
3,045	11/23/2025 12:23:00	8.7607	30.250
3,046	11/23/2025 12:24:00	8.7597	30.211
3,047	11/23/2025 12:25:00	8.7597	30.172
3,048	11/23/2025 12:26:00	8.7587	30.109
3,049	11/23/2025 12:27:00	8.7587	30.125
3,050	11/23/2025 12:28:00	8.7597	30.195
3,051	11/23/2025 12:29:00	8.7576	30.195
3,052	11/23/2025 12:30:00	8.7597	30.156
3,053	11/23/2025 12:31:00	8.7587	30.094
3,054	11/23/2025 12:32:00	8.7587	30.195
3,055	11/23/2025 12:33:00	8.7576	30.406
3,056	11/23/2025 12:34:00	8.7566	30.609
3,057	11/23/2025 12:35:00	8.7566	30.773
3,058	11/23/2025 12:36:00	8.7556	30.906
3,059	11/23/2025 12:37:00	8.7556	31.055
3,060	11/23/2025 12:38:00	8.7536	31.047
3,061	11/23/2025 12:39:00	8.7566	30.844
3,062	11/23/2025 12:40:00	8.7566	30.719
3,063	11/23/2025 12:41:00	8.7556	30.578
3,064	11/23/2025 12:42:00	8.7546	30.563
3,065	11/23/2025 12:43:00	8.7556	30.508
3,066	11/23/2025 12:44:00	8.7556	30.445
3,067	11/23/2025 12:45:00	8.7546	30.445
3,068	11/23/2025 12:46:00	8.7536	30.484
3,069	11/23/2025 12:47:00	8.7536	30.469
3,070	11/23/2025 12:48:00	8.7556	30.375
3,071	11/23/2025 12:49:00	8.7536	30.344
3,072	11/23/2025 12:50:00	8.7546	30.430
3,073	11/23/2025 12:51:00	8.7546	30.461
3,074	11/23/2025 12:52:00	8.7556	30.328
3,075	11/23/2025 12:53:00	8.7525	30.195
3,076	11/23/2025 12:54:00	8.7525	30.125
3,077	11/23/2025 12:55:00	8.7525	30.094
3,078	11/23/2025 12:56:00	8.7525	30.055
3,079	11/23/2025 12:57:00	8.7505	30.125
3,080	11/23/2025 12:58:00	8.7525	30.258
3,081	11/23/2025 12:59:00	8.7505	30.438
3,082	11/23/2025 13:00:00	8.7505	30.578
3,083	11/23/2025 13:01:00	8.7505	30.609
3,084	11/23/2025 13:02:00	8.7495	30.734
3,085	11/23/2025 13:03:00	8.7495	30.883
3,086	11/23/2025 13:04:00	8.7485	31.031
3,087	11/23/2025 13:05:00	8.7495	31.055
3,088	11/23/2025 13:06:00	8.7505	31.078
3,089	11/23/2025 13:07:00	8.7485	31.164
3,090	11/23/2025 13:08:00	8.7485	31.398
3,091	11/23/2025 13:09:00	8.7505	31.563
3,092	11/23/2025 13:10:00	8.7485	31.609
3,093	11/23/2025 13:11:00	8.7475	31.703
3,094	11/23/2025 13:12:00	8.7485	31.820
3,095	11/23/2025 13:13:00	8.7475	31.828
3,096	11/23/2025 13:14:00	8.7505	31.672
3,097	11/23/2025 13:15:00	8.7495	31.563
3,098	11/23/2025 13:16:00	8.7485	31.469
3,099	11/23/2025 13:17:00	8.7485	31.328
3,100	11/23/2025 13:18:00	8.7495	31.227
3,101	11/23/2025 13:19:00	8.7475	31.219
3,102	11/23/2025 13:20:00	8.7495	31.188
3,103	11/23/2025 13:21:00	8.7485	31.180
3,104	11/23/2025 13:22:00	8.7475	31.242
3,105	11/23/2025 13:23:00	8.7475	31.297
3,106	11/23/2025 13:24:00	8.7475	31.391
3,107	11/23/2025 13:25:00	8.7485	31.313
3,108	11/23/2025 13:26:00	8.7475	31.375
3,109	11/23/2025 13:27:00	8.7475	31.516
3,110	11/23/2025 13:28:00	8.7464	31.688
3,111	11/23/2025 13:29:00	8.7475	31.813
3,112	11/23/2025 13:30:00	8.7464	31.922
3,113	11/23/2025 13:31:00	8.7464	32.031
3,114	11/23/2025 13:32:00	8.7444	32.008
3,115	11/23/2025 13:33:00	8.7454	32.039
3,116	11/23/2025 13:34:00	8.7464	32.109
3,117	11/23/2025 13:35:00	8.7454	32.078
3,118	11/23/2025 13:36:00	8.7444	31.992
3,119	11/23/2025 13:37:00	8.7475	31.914
3,120	11/23/2025 13:38:00	8.7475	31.789
3,121	11/23/2025 13:39:00	8.7454	31.781
3,122	11/23/2025 13:40:00	8.7464	31.773
3,123	11/23/2025 13:41:00	8.7454	31.914
3,124	11/23/2025 13:42:00	8.7444	32.086
3,125	11/23/2025 13:43:00	8.7434	32.086
3,126	11/23/2025 13:44:00	8.7434	32.086
3,127	11/23/2025 13:45:00	8.7444	32.156
3,128	11/23/2025 13:46:00	8.7424	32.266
3,129	11/23/2025 13:47:00	8.7434	32.406
3,130	11/23/2025 13:48:00	8.7424	32.477
3,131	11/23/2025 13:49:00	8.7424	32.547
3,132	11/23/2025 13:50:00	8.7403	32.633
3,133	11/23/2025 13:51:00	8.7434	32.695
3,134	11/23/2025 13:52:00	8.7444	32.508
3,135	11/23/2025 13:53:00	8.7434	32.266
3,136	11/23/2025 13:54:00	8.7413	32.258
3,137	11/23/2025 13:55:00	8.7393	32.398
3,138	11/23/2025 13:56:00	8.7403	32.648
3,139	11/23/2025 13:57:00	8.7413	32.844
3,140	11/23/2025 13:58:00	8.7403	32.898
3,141	11/23/2025 13:59:00	8.7413	32.797
3,142	11/23/2025 14:00:00	8.7413	32.680
3,143	11/23/2025 14:01:00	8.7413	32.461
3,144	11/23/2025 14:02:00	8.7413	32.438
3,145	11/23/2025 14:03:00	8.7403	32.641
3,146	11/23/2025 14:04:00	8.7393	32.977
3,147	11/23/2025 14:05:00	8.7393	33.242
3,148	11/23/2025 14:06:00	8.7393	33.406
3,149	11/23/2025 14:07:00	8.7362	33.625
3,150	11/23/2025 14:08:00	8.7362	33.820
3,151	11/23/2025 14:09:00	8.7373	33.992
3,152	11/23/2025 14:10:00	8.7383	34.242
3,153	11/23/2025 14:11:00	8.7383	34.430
3,154	11/23/2025 14:12:00	8.7383	34.461
3,155	11/23/2025 14:13:00	8.7373	34.406
3,156	11/23/2025 14:14:00	8.7373	34.430
3,157	11/23/2025 14:15:00	8.7373	34.516
3,158	11/23/2025 14:16:00	8.7403	34.492
3,159	11/23/2025 14:17:00	8.7383	34.531
3,160	11/23/2025 14:18:00	8.7383	34.703
3,161	11/23/2025 14:19:00	8.7352	34.859
3,162	11/23/2025 14:20:00	8.7332	34.930
3,163	11/23/2025 14:21:00	8.7373	34.859
3,164	11/23/2025 14:22:00	8.7362	34.789
3,165	11/23/2025 14:23:00	8.7352	34.719
3,166	11/23/2025 14:24:00	8.7362	34.797
3,167	11/23/2025 14:25:00	8.7342	34.844
3,168	11/23/2025 14:26:00	8.7332	34.695
3,169	11/23/2025 14:27:00	8.7373	34.305
3,170	11/23/2025 14:28:00	8.7383	34.188
3,171	11/23/2025 14:29:00	8.7383	33.961
3,172	11/23/2025 14:30:00	8.7383	33.758
3,173	11/23/2025 14:31:00	8.7393	33.398
3,174	11/23/2025 14:32:00	8.7393	33.188
3,175	11/23/2025 14:33:00	8.7393	32.984
3,176	11/23/2025 14:34:00	8.7383	32.914
3,177	11/23/2025 14:35:00	8.7362	33.086
3,178	11/23/2025 14:36:00	8.7373	33.328
3,179	11/23/2025 14:37:00	8.7352	33.719
3,180	11/23/2025 14:38:00	8.7352	34.023
3,181	11/23/2025 14:39:00	8.7332	34.320
3,182	11/23/2025 14:40:00	8.7332	34.578
3,183	11/23/2025 14:41:00	8.7332	34.672
3,184	11/23/2025 14:42:00	8.7322	34.883
3,185	11/23/2025 14:43:00	8.7332	35.063
3,186	11/23/2025 14:44:00	8.7332	35.195
3,187	11/23/2025 14:45:00	8.7322	35.148
3,188	11/23/2025 14:46:00	8.7311	35.055
3,189	11/23/2025 14:47:00	8.7352	34.898
3,190	11/23/2025 14:48:00	8.7352	34.555
3,191	11/23/2025 14:49:00	8.7352	34.094
3,192	11/23/2025 14:50:00	8.7352	33.648
3,193	11/23/2025 14:51:00	8.7383	33.211
3,194	11/23/2025 14:52:00	8.7373	32.891
3,195	11/23/2025 14:53:00	8.7383	32.641
3,196	11/23/2025 14:54:00	8.7383	32.398
3,197	11/23/2025 14:55:00	8.7373	32.117
3,198	11/23/2025 14:56:00	8.7393	31.859
3,199	11/23/2025 14:57:00	8.7393	31.719
3,200	11/23/2025 14:58:00	8.7393	31.609
3,201	11/23/2025 14:59:00	8.7383	31.531
3,202	11/23/2025 15:00:00	8.7383	31.445
3,203	11/23/2025 15:01:00	8.7362	31.352
3,204	11/23/2025 15:02:00	8.7373	31.313
3,205	11/23/2025 15:03:00	8.7352	31.484
3,206	11/23/2025 15:04:00	8.7342	31.938
3,207	11/23/2025 15:05:00	8.7322	32.477
3,208	11/23/2025 15:06:00	8.7311	33.070
3,209	11/23/2025 15:07:00	8.7301	33.703
3,210	11/23/2025 15:08:00	8.7342	33.992
3,211	11/23/2025 15:09:00	8.7322	33.930
3,212	11/23/2025 15:10:00	8.7342	33.828
3,213	11/23/2025 15:11:00	8.7342	33.664
3,214	11/23/2025 15:12:00	8.7342	33.445
3,215	11/23/2025 15:13:00	8.7342	33.328
3,216	11/23/2025 15:14:00	8.7342	33.188
3,217	11/23/2025 15:15:00	8.7342	32.945
3,218	11/23/2025 15:16:00	8.7332	32.742
3,219	11/23/2025 15:17:00	8.7342	32.586
3,220	11/23/2025 15:18:00	8.7362	32.367
3,221	11/23/2025 15:19:00	8.7352	32.141
3,222	11/23/2025 15:20:00	8.7352	31.898
3,223	11/23/2025 15:21:00	8.7352	31.719
3,224	11/23/2025 15:22:00	8.7352	31.453
3,225	11/23/2025 15:23:00	8.7362	31.227
3,226	11/23/2025 15:24:00	8.7352	31.078
3,227	11/23/2025 15:25:00	8.7362	30.930
3,228	11/23/2025 15:26:00	8.7352	30.750
3,229	11/23/2025 15:27:00	8.7352	30.664
3,230	11/23/2025 15:28:00	8.7362	30.531
3,231	11/23/2025 15:29:00	8.7352	30.500
3,232	11/23/2025 15:30:00	8.7332	30.820
3,233	11/23/2025 15:31:00	8.7322	31.313
3,234	11/23/2025 15:32:00	8.7352	31.586
3,235	11/23/2025 15:33:00	8.7342	31.445
3,236	11/23/2025 15:34:00	8.7352	30.953
3,237	11/23/2025 15:35:00	8.7383	30.445
3,238	11/23/2025 15:36:00	8.7383	29.977
3,239	11/23/2025 15:37:00	8.7393	29.586
3,240	11/23/2025 15:38:00	8.7403	29.180
3,241	11/23/2025 15:39:00	8.7403	28.852
3,242	11/23/2025 15:40:00	8.7424	28.547
3,243	11/23/2025 15:41:00	8.7424	28.273
3,244	11/23/2025 15:42:00	8.7434	28.000
3,245	11/23/2025 15:43:00	8.7434	27.734
3,246	11/23/2025 15:44:00	8.7434	27.367
3,247	11/23/2025 15:45:00	8.7434	26.836
3,248	11/23/2025 15:46:00	8.7464	25.734
3,249	11/23/2025 15:47:00	8.7505	24.266
3,250	11/23/2025 15:48:00	8.7525	23.156
3,251	11/23/2025 15:49:00	8.7536	22.414
3,252	11/23/2025 15:50:00	8.7546	21.852
3,253	11/23/2025 15:51:00	8.7536	21.492
3,254	11/23/2025 15:52:00	8.7546	21.258
3,255	11/23/2025 15:53:00	8.7556	21.109
3,256	11/23/2025 15:54:00	8.7546	21.055
3,257	11/23/2025 15:55:00	8.7536	21.086
3,258	11/23/2025 15:56:00	8.7536	21.156
3,259	11/23/2025 15:57:00	8.7546	21.227
3,260	11/23/2025 15:58:00	8.7546	21.297
3,261	11/23/2025 15:59:00	8.7546	21.391
3,262	11/23/2025 16:00:00	8.7546	21.500
3,263	11/23/2025 16:01:00	8.7536	21.602
3,264	11/23/2025 16:02:00	8.7525	21.672
3,265	11/23/2025 16:03:00	8.7515	21.734
3,266	11/23/2025 16:04:00	8.7525	21.781
3,267	11/23/2025 16:05:00	8.7515	21.867
3,268	11/23/2025 16:06:00	8.7515	21.969
3,269	11/23/2025 16:07:00	8.7505	22.063
3,270	11/23/2025 16:08:00	8.7505	22.172
3,271	11/23/2025 16:09:00	8.7505	22.273
3,272	11/23/2025 16:10:00	8.7505	22.359
3,273	11/23/2025 16:11:00	8.7515	22.398
3,274	11/23/2025 16:12:00	8.7525	22.430
3,275	11/23/2025 16:13:00	8.7546	22.469
3,276	11/23/2025 16:14:00	8.7556	22.516
3,277	11/23/2025 16:15:00	8.7546	22.523
3,278	11/23/2025 16:16:00	8.7546	22.438
3,279	11/23/2025 16:17:00	8.7556	22.313
3,280	11/23/2025 16:18:00	8.7566	22.203
3,281	11/23/2025 16:19:00	8.7576	22.094
3,282	11/23/2025 16:20:00	8.7566	22.031
3,283	11/23/2025 16:21:00	8.7576	22.008
3,284	11/23/2025 16:22:00	8.7587	22.000
3,285	11/23/2025 16:23:00	8.7587	21.977
3,286	11/23/2025 16:24:00	8.7607	21.781
3,287	11/23/2025 16:25:00	8.7617	21.453
3,288	11/23/2025 16:26:00	8.7627	21.016
3,289	11/23/2025 16:27:00	8.7638	20.586
3,290	11/23/2025 16:28:00	8.7627	20.250
3,291	11/23/2025 16:29:00	8.7668	19.891
3,292	11/23/2025 16:30:00	8.7668	19.563
3,293	11/23/2025 16:31:00	8.7678	19.297
3,294	11/23/2025 16:32:00	8.7678	19.039
3,295	11/23/2025 16:33:00	8.7689	18.805
3,296	11/23/2025 16:34:00	8.7678	18.641
3,297	11/23/2025 16:35:00	8.7699	18.555
3,298	11/23/2025 16:36:00	8.7699	18.500
3,299	11/23/2025 16:37:00	8.7699	18.438
3,300	11/23/2025 16:38:00	8.7699	18.352
3,301	11/23/2025 16:39:00	8.7709	18.234
3,302	11/23/2025 16:40:00	8.7699	18.125
3,303	11/23/2025 16:41:00	8.7689	18.023
3,304	11/23/2025 16:42:00	8.7699	17.922
3,305	11/23/2025 16:43:00	8.7719	17.859
3,306	11/23/2025 16:44:00	8.7709	17.781
3,307	11/23/2025 16:45:00	8.7740	17.703
3,308	11/23/2025 16:46:00	8.7719	17.648
3,309	11/23/2025 16:47:00	8.7719	17.617
3,310	11/23/2025 16:48:00	8.7729	17.617
3,311	11/23/2025 16:49:00	8.7740	17.656
3,312	11/23/2025 16:50:00	8.7729	17.625
3,313	11/23/2025 16:51:00	8.7740	17.563
3,314	11/23/2025 16:52:00	8.7740	17.523
3,315	11/23/2025 16:53:00	8.7729	17.469
3,316	11/23/2025 16:54:00	8.7699	17.430
3,317	11/23/2025 16:55:00	8.7709	17.414
3,318	11/23/2025 16:56:00	8.7709	17.391
3,319	11/23/2025 16:57:00	8.7709	17.328
3,320	11/23/2025 16:58:00	8.7729	17.281
3,321	11/23/2025 16:59:00	8.7729	17.273
3,322	11/23/2025 17:00:00	8.7719	17.266
3,323	11/23/2025 17:01:00	8.7719	17.320
3,324	11/23/2025 17:02:00	8.7729	17.336
3,325	11/23/2025 17:03:00	8.7719	17.344
3,326	11/23/2025 17:04:00	8.7719	17.336
3,327	11/23/2025 17:05:00	8.7709	17.328
3,328	11/23/2025 17:06:00	8.7719	17.328
3,329	11/23/2025 17:07:00	8.7729	17.352
3,330	11/23/2025 17:08:00	8.7719	17.359
3,331	11/23/2025 17:09:00	8.7729	17.383
3,332	11/23/2025 17:10:00	8.7729	17.391
3,333	11/23/2025 17:11:00	8.7740	17.406
3,334	11/23/2025 17:12:00	8.7770	17.375
3,335	11/23/2025 17:13:00	8.7760	17.352
3,336	11/23/2025 17:14:00	8.7760	17.336
3,337	11/23/2025 17:15:00	8.7770	17.352
3,338	11/23/2025 17:16:00	8.7760	17.375
3,339	11/23/2025 17:17:00	8.7770	17.391
3,340	11/23/2025 17:18:00	8.7770	17.367
3,341	11/23/2025 17:19:00	8.7770	17.320
3,342	11/23/2025 17:20:00	8.7780	17.273
3,343	11/23/2025 17:21:00	8.7780	17.227
3,344	11/23/2025 17:22:00	8.7791	17.195
3,345	11/23/2025 17:23:00	8.7791	17.203
3,346	11/23/2025 17:24:00	8.7760	17.289
3,347	11/23/2025 17:25:00	8.7770	17.375
3,348	11/23/2025 17:26:00	8.7770	17.445
3,349	11/23/2025 17:27:00	8.7770	17.500
3,350	11/23/2025 17:28:00	8.7760	17.531
3,351	11/23/2025 17:29:00	8.7760	17.555
3,352	11/23/2025 17:30:00	8.7770	17.570
3,353	11/23/2025 17:31:00	8.7770	17.594
3,354	11/23/2025 17:32:00	8.7760	17.578
3,355	11/23/2025 17:33:00	8.7760	17.563
3,356	11/23/2025 17:34:00	8.7770	17.555
3,357	11/23/2025 17:35:00	8.7760	17.547
3,358	11/23/2025 17:36:00	8.7750	17.539
3,359	11/23/2025 17:37:00	8.7750	17.547
3,360	11/23/2025 17:38:00	8.7750	17.555
3,361	11/23/2025 17:39:00	8.7740	17.563
3,362	11/23/2025 17:40:00	8.7750	17.563
3,363	11/23/2025 17:41:00	8.7740	17.555
3,364	11/23/2025 17:42:00	8.7740	17.555
3,365	11/23/2025 17:43:00	8.7729	17.555
3,366	11/23/2025 17:44:00	8.7729	17.563
3,367	11/23/2025 17:45:00	8.7729	17.602
3,368	11/23/2025 17:46:00	8.7729	17.625
3,369	11/23/2025 17:47:00	8.7740	17.641
3,370	11/23/2025 17:48:00	8.7740	17.641
3,371	11/23/2025 17:49:00	8.7729	17.625
3,372	11/23/2025 17:50:00	8.7740	17.609
3,373	11/23/2025 17:51:00	8.7729	17.586
3,374	11/23/2025 17:52:00	8.7729	17.570
3,375	11/23/2025 17:53:00	8.7740	17.555
3,376	11/23/2025 17:54:00	8.7729	17.563
3,377	11/23/2025 17:55:00	8.7729	17.563
3,378	11/23/2025 17:56:00	8.7729	17.570
3,379	11/23/2025 17:57:00	8.7740	17.563
3,380	11/23/2025 17:58:00	8.7740	17.555
3,381	11/23/2025 17:59:00	8.7729	17.578
3,382	11/23/2025 18:00:00	8.7719	17.578
3,383	11/23/2025 18:01:00	8.7729	17.578
3,384	11/23/2025 18:02:00	8.7729	17.602
3,385	11/23/2025 18:03:00	8.7729	17.633
3,386	11/23/2025 18:04:00	8.7709	17.672
3,387	11/23/2025 18:05:00	8.7719	17.711
3,388	11/23/2025 18:06:00	8.7719	17.719
3,389	11/23/2025 18:07:00	8.7709	17.719
3,390	11/23/2025 18:08:00	8.7729	17.719
3,391	11/23/2025 18:09:00	8.7729	17.734
3,392	11/23/2025 18:10:00	8.7729	17.820
3,393	11/23/2025 18:11:00	8.7729	17.945
3,394	11/23/2025 18:12:00	8.7740	18.070
3,395	11/23/2025 18:13:00	8.7729	18.156
3,396	11/23/2025 18:14:00	8.7740	18.234
3,397	11/23/2025 18:15:00	8.7740	18.289
3,398	11/23/2025 18:16:00	8.7740	18.328
3,399	11/23/2025 18:17:00	8.7729	18.359
3,400	11/23/2025 18:18:00	8.7740	18.367
3,401	11/23/2025 18:19:00	8.7740	18.391
3,402	11/23/2025 18:20:00	8.7740	18.438
3,403	11/23/2025 18:21:00	8.7740	18.492
3,404	11/23/2025 18:22:00	8.7740	18.555
3,405	11/23/2025 18:23:00	8.7740	18.586
3,406	11/23/2025 18:24:00	8.7740	18.570
3,407	11/23/2025 18:25:00	8.7750	18.547
3,408	11/23/2025 18:26:00	8.7750	18.523
3,409	11/23/2025 18:27:00	8.7750	18.508
3,410	11/23/2025 18:28:00	8.7750	18.531
3,411	11/23/2025 18:29:00	8.7750	18.570
3,412	11/23/2025 18:30:00	8.7750	18.633
3,413	11/23/2025 18:31:00	8.7750	18.734
3,414	11/23/2025 18:32:00	8.7750	18.852
3,415	11/23/2025 18:33:00	8.7740	18.945
3,416	11/23/2025 18:34:00	8.7740	18.977
3,417	11/23/2025 18:35:00	8.7729	18.977
3,418	11/23/2025 18:36:00	8.7740	19.000
3,419	11/23/2025 18:37:00	8.7740	19.016
3,420	11/23/2025 18:38:00	8.7729	19.031
3,421	11/23/2025 18:39:00	8.7740	19.055
3,422	11/23/2025 18:40:00	8.7740	19.063
3,423	11/23/2025 18:41:00	8.7740	19.078
3,424	11/23/2025 18:42:00	8.7740	19.102
3,425	11/23/2025 18:43:00	8.7740	19.156
3,426	11/23/2025 18:44:00	8.7729	19.180
3,427	11/23/2025 18:45:00	8.7729	19.195
3,428	11/23/2025 18:46:00	8.7729	19.242
3,429	11/23/2025 18:47:00	8.7740	19.289
3,430	11/23/2025 18:48:00	8.7729	19.352
3,431	11/23/2025 18:49:00	8.7729	19.406
3,432	11/23/2025 18:50:00	8.7740	19.461
3,433	11/23/2025 18:51:00	8.7729	19.516
3,434	11/23/2025 18:52:00	8.7719	19.570
3,435	11/23/2025 18:53:00	8.7719	19.625
3,436	11/23/2025 18:54:00	8.7729	19.688
3,437	11/23/2025 18:55:00	8.7729	19.750
3,438	11/23/2025 18:56:00	8.7729	19.797
3,439	11/23/2025 18:57:00	8.7729	19.836
3,440	11/23/2025 18:58:00	8.7729	19.875
3,441	11/23/2025 18:59:00	8.7729	19.883
3,442	11/23/2025 19:00:00	8.7729	19.875
3,443	11/23/2025 19:01:00	8.7729	19.891
3,444	11/23/2025 19:02:00	8.7729	19.891
3,445	11/23/2025 19:03:00	8.7740	19.891
3,446	11/23/2025 19:04:00	8.7740	19.891
3,447	11/23/2025 19:05:00	8.7740	19.883
3,448	11/23/2025 19:06:00	8.7740	19.875
3,449	11/23/2025 19:07:00	8.7740	19.906
3,450	11/23/2025 19:08:00	8.7750	19.945
3,451	11/23/2025 19:09:00	8.7740	19.992
3,452	11/23/2025 19:10:00	8.7740	20.023
3,453	11/23/2025 19:11:00	8.7740	20.047
3,454	11/23/2025 19:12:00	8.7750	20.047
3,455	11/23/2025 19:13:00	8.7750	20.055
3,456	11/23/2025 19:14:00	8.7750	20.055
3,457	11/23/2025 19:15:00	8.7750	20.055
3,458	11/23/2025 19:16:00	8.7750	20.063
3,459	11/23/2025 19:17:00	8.7750	20.063
3,460	11/23/2025 19:18:00	8.7760	20.047
3,461	11/23/2025 19:19:00	8.7760	20.031
3,462	11/23/2025 19:20:00	8.7760	20.016
3,463	11/23/2025 19:21:00	8.7760	20.016
3,464	11/23/2025 19:22:00	8.7750	20.008
3,465	11/23/2025 19:23:00	8.7760	20.000
3,466	11/23/2025 19:24:00	8.7770	20.008
3,467	11/23/2025 19:25:00	8.7760	20.023
3,468	11/23/2025 19:26:00	8.7770	20.047
3,469	11/23/2025 19:27:00	8.7770	20.063
3,470	11/23/2025 19:28:00	8.7780	20.078
3,471	11/23/2025 19:29:00	8.7780	20.078
3,472	11/23/2025 19:30:00	8.7780	20.070
3,473	11/23/2025 19:31:00	8.7791	20.063
3,474	11/23/2025 19:32:00	8.7791	20.055
3,475	11/23/2025 19:33:00	8.7801	20.039
3,476	11/23/2025 19:34:00	8.7801	20.039
3,477	11/23/2025 19:35:00	8.7811	20.023
3,478	11/23/2025 19:36:00	8.7811	20.000
3,479	11/23/2025 19:37:00	8.7821	19.961
3,480	11/23/2025 19:38:00	8.7821	19.953
3,481	11/23/2025 19:39:00	8.7831	19.969
3,482	11/23/2025 19:40:00	8.7831	20.008
3,483	11/23/2025 19:41:00	8.7831	20.055
3,484	11/23/2025 19:42:00	8.7831	20.094
3,485	11/23/2025 19:43:00	8.7852	20.117
3,486	11/23/2025 19:44:00	8.7841	20.125
3,487	11/23/2025 19:45:00	8.7852	20.133
3,488	11/23/2025 19:46:00	8.7852	20.133
3,489	11/23/2025 19:47:00	8.7852	20.086
3,490	11/23/2025 19:48:00	8.7862	20.031
3,491	11/23/2025 19:49:00	8.7852	19.969
3,492	11/23/2025 19:50:00	8.7872	19.906
3,493	11/23/2025 19:51:00	8.7872	19.844
3,494	11/23/2025 19:52:00	8.7882	19.773
3,495	11/23/2025 19:53:00	8.7892	19.703
3,496	11/23/2025 19:54:00	8.7892	19.641
3,497	11/23/2025 19:55:00	8.7892	19.578
3,498	11/23/2025 19:56:00	8.7892	19.523
3,499	11/23/2025 19:57:00	8.7892	19.461
3,500	11/23/2025 19:58:00	8.7892	19.430
3,501	11/23/2025 19:59:00	8.7892	19.398
3,502	11/23/2025 20:00:00	8.7882	19.398
3,503	11/23/2025 20:01:00	8.7882	19.391
3,504	11/23/2025 20:02:00	8.7892	19.367
3,505	11/23/2025 20:03:00	8.7892	19.336
3,506	11/23/2025 20:04:00	8.7892	19.305
3,507	11/23/2025 20:05:00	8.7903	19.266
3,508	11/23/2025 20:06:00	8.7903	19.242
3,509	11/23/2025 20:07:00	8.7903	19.227
3,510	11/23/2025 20:08:00	8.7913	19.203
3,511	11/23/2025 20:09:00	8.7903	19.180
3,512	11/23/2025 20:10:00	8.7913	19.148
3,513	11/23/2025 20:11:00	8.7903	19.109
3,514	11/23/2025 20:12:00	8.7913	19.078
3,515	11/23/2025 20:13:00	8.7923	19.055
3,516	11/23/2025 20:14:00	8.7923	19.031
3,517	11/23/2025 20:15:00	8.7933	19.008
3,518	11/23/2025 20:16:00	8.7923	19.000
3,519	11/23/2025 20:17:00	8.7923	18.977
3,520	11/23/2025 20:18:00	8.7933	18.977
3,521	11/23/2025 20:19:00	8.7933	18.969
3,522	11/23/2025 20:20:00	8.7943	18.961
3,523	11/23/2025 20:21:00	8.7943	18.969
3,524	11/23/2025 20:22:00	8.7933	18.977
3,525	11/23/2025 20:23:00	8.7943	18.977
3,526	11/23/2025 20:24:00	8.7954	18.992
3,527	11/23/2025 20:25:00	8.7943	19.031
3,528	11/23/2025 20:26:00	8.7954	19.063
3,529	11/23/2025 20:27:00	8.7943	19.078
3,530	11/23/2025 20:28:00	8.7954	19.086
3,531	11/23/2025 20:29:00	8.7943	19.086
3,532	11/23/2025 20:30:00	8.7943	19.070
3,533	11/23/2025 20:31:00	8.7943	19.063
3,534	11/23/2025 20:32:00	8.7943	19.070
3,535	11/23/2025 20:33:00	8.7954	19.078
3,536	11/23/2025 20:34:00	8.7943	19.094
3,537	11/23/2025 20:35:00	8.7954	19.109
3,538	11/23/2025 20:36:00	8.7954	19.117
3,539	11/23/2025 20:37:00	8.7954	19.125
3,540	11/23/2025 20:38:00	8.7954	19.148
3,541	11/23/2025 20:39:00	8.7954	19.156
3,542	11/23/2025 20:40:00	8.7954	19.172
3,543	11/23/2025 20:41:00	8.7954	19.195
3,544	11/23/2025 20:42:00	8.7954	19.219
3,545	11/23/2025 20:43:00	8.7964	19.250
3,546	11/23/2025 20:44:00	8.7964	19.258
3,547	11/23/2025 20:45:00	8.7964	19.266
3,548	11/23/2025 20:46:00	8.7964	19.281
3,549	11/23/2025 20:47:00	8.7954	19.289
3,550	11/23/2025 20:48:00	8.7964	19.281
3,551	11/23/2025 20:49:00	8.7954	19.273
3,552	11/23/2025 20:50:00	8.7954	19.266
3,553	11/23/2025 20:51:00	8.7964	19.258
3,554	11/23/2025 20:52:00	8.7964	19.250
3,555	11/23/2025 20:53:00	8.7964	19.234
3,556	11/23/2025 20:54:00	8.7964	19.211
3,557	11/23/2025 20:55:00	8.7974	19.180
3,558	11/23/2025 20:56:00	8.7964	19.156
3,559	11/23/2025 20:57:00	8.7974	19.133
3,560	11/23/2025 20:58:00	8.7974	19.117
3,561	11/23/2025 20:59:00	8.7984	19.109
3,562	11/23/2025 21:00:00	8.7984	19.070
3,563	11/23/2025 21:01:00	8.7984	19.023
3,564	11/23/2025 21:02:00	8.7994	18.977
3,565	11/23/2025 21:03:00	8.7984	18.945
3,566	11/23/2025 21:04:00	8.7984	18.922
3,567	11/23/2025 21:05:00	8.7974	18.906
3,568	11/23/2025 21:06:00	8.7994	18.891
3,569	11/23/2025 21:07:00	8.7984	18.875
3,570	11/23/2025 21:08:00	8.7994	18.852
3,571	11/23/2025 21:09:00	8.7984	18.828
3,572	11/23/2025 21:10:00	8.7984	18.797
3,573	11/23/2025 21:11:00	8.7994	18.781
3,574	11/23/2025 21:12:00	8.7974	18.758
3,575	11/23/2025 21:13:00	8.7994	18.742
3,576	11/23/2025 21:14:00	8.7994	18.734
3,577	11/23/2025 21:15:00	8.7984	18.742
3,578	11/23/2025 21:16:00	8.7984	18.734
3,579	11/23/2025 21:17:00	8.7984	18.719
3,580	11/23/2025 21:18:00	8.7984	18.703
3,581	11/23/2025 21:19:00	8.7994	18.695
3,582	11/23/2025 21:20:00	8.8005	18.688
3,583	11/23/2025 21:21:00	8.8005	18.680
3,584	11/23/2025 21:22:00	8.8005	18.680
3,585	11/23/2025 21:23:00	8.7994	18.680
3,586	11/23/2025 21:24:00	8.8005	18.688
3,587	11/23/2025 21:25:00	8.7994	18.695
3,588	11/23/2025 21:26:00	8.8005	18.695
3,589	11/23/2025 21:27:00	8.7984	18.688
3,590	11/23/2025 21:28:00	8.7984	18.695
3,591	11/23/2025 21:29:00	8.7984	18.695
3,592	11/23/2025 21:30:00	8.7994	18.695
3,593	11/23/2025 21:31:00	8.7994	18.695
3,594	11/23/2025 21:32:00	8.7984	18.672
3,595	11/23/2025 21:33:00	8.8015	18.664
3,596	11/23/2025 21:34:00	8.8005	18.648
3,597	11/23/2025 21:35:00	8.8005	18.633
3,598	11/23/2025 21:36:00	8.8005	18.594
3,599	11/23/2025 21:37:00	8.7994	18.586
3,600	11/23/2025 21:38:00	8.8005	18.586
3,601	11/23/2025 21:39:00	8.8005	18.594
3,602	11/23/2025 21:40:00	8.8005	18.594
3,603	11/23/2025 21:41:00	8.7994	18.586
3,604	11/23/2025 21:42:00	8.7994	18.594
3,605	11/23/2025 21:43:00	8.7994	18.586
3,606	11/23/2025 21:44:00	8.7994	18.586
3,607	11/23/2025 21:45:00	8.8005	18.578
3,608	11/23/2025 21:46:00	8.8005	18.570
3,609	11/23/2025 21:47:00	8.8005	18.570
3,610	11/23/2025 21:48:00	8.8015	18.570
3,611	11/23/2025 21:49:00	8.8005	18.563
3,612	11/23/2025 21:50:00	8.8005	18.555
3,613	11/23/2025 21:51:00	8.8005	18.563
3,614	11/23/2025 21:52:00	8.8005	18.570
3,615	11/23/2025 21:53:00	8.8015	18.570
3,616	11/23/2025 21:54:00	8.8015	18.570
3,617	11/23/2025 21:55:00	8.8015	18.570
3,618	11/23/2025 21:56:00	8.8015	18.563
3,619	11/23/2025 21:57:00	8.8015	18.570
3,620	11/23/2025 21:58:00	8.8025	18.586
3,621	11/23/2025 21:59:00	8.8005	18.594
3,622	11/23/2025 22:00:00	8.8015	18.602
3,623	11/23/2025 22:01:00	8.8015	18.602
3,624	11/23/2025 22:02:00	8.8005	18.594
3,625	11/23/2025 22:03:00	8.8015	18.586
3,626	11/23/2025 22:04:00	8.8015	18.578
3,627	11/23/2025 22:05:00	8.8025	18.563
3,628	11/23/2025 22:06:00	8.8025	18.555
3,629	11/23/2025 22:07:00	8.8015	18.539
3,630	11/23/2025 22:08:00	8.8015	18.531
3,631	11/23/2025 22:09:00	8.8025	18.508
3,632	11/23/2025 22:10:00	8.8025	18.477
3,633	11/23/2025 22:11:00	8.8035	18.461
3,634	11/23/2025 22:12:00	8.8025	18.438
3,635	11/23/2025 22:13:00	8.8035	18.422
3,636	11/23/2025 22:14:00	8.8025	18.398
3,637	11/23/2025 22:15:00	8.8025	18.375
3,638	11/23/2025 22:16:00	8.8035	18.352
3,639	11/23/2025 22:17:00	8.8035	18.336
3,640	11/23/2025 22:18:00	8.8035	18.344
3,641	11/23/2025 22:19:00	8.8035	18.336
3,642	11/23/2025 22:20:00	8.8045	18.336
3,643	11/23/2025 22:21:00	8.8035	18.336
3,644	11/23/2025 22:22:00	8.8035	18.344
3,645	11/23/2025 22:23:00	8.8025	18.344
3,646	11/23/2025 22:24:00	8.8025	18.352
3,647	11/23/2025 22:25:00	8.8025	18.359
3,648	11/23/2025 22:26:00	8.8025	18.359
3,649	11/23/2025 22:27:00	8.8025	18.352
3,650	11/23/2025 22:28:00	8.8025	18.344
3,651	11/23/2025 22:29:00	8.8025	18.336
3,652	11/23/2025 22:30:00	8.8015	18.352
3,653	11/23/2025 22:31:00	8.8025	18.352
3,654	11/23/2025 22:32:00	8.8025	18.352
3,655	11/23/2025 22:33:00	8.8015	18.352
3,656	11/23/2025 22:34:00	8.8025	18.352
3,657	11/23/2025 22:35:00	8.8015	18.352
3,658	11/23/2025 22:36:00	8.8015	18.344
3,659	11/23/2025 22:37:00	8.8005	18.352
3,660	11/23/2025 22:38:00	8.8015	18.359
3,661	11/23/2025 22:39:00	8.8015	18.383
3,662	11/23/2025 22:40:00	8.8015	18.406
3,663	11/23/2025 22:41:00	8.8045	18.430
3,664	11/23/2025 22:42:00	8.8045	18.461
3,665	11/23/2025 22:43:00	8.8045	18.477
3,666	11/23/2025 22:44:00	8.8045	18.500
3,667	11/23/2025 22:45:00	8.8045	18.516
3,668	11/23/2025 22:46:00	8.8045	18.539
3,669	11/23/2025 22:47:00	8.8045	18.539
3,670	11/23/2025 22:48:00	8.8045	18.539
3,671	11/23/2025 22:49:00	8.8035	18.539
3,672	11/23/2025 22:50:00	8.8045	18.531
3,673	11/23/2025 22:51:00	8.8045	18.523
3,674	11/23/2025 22:52:00	8.8035	18.516
3,675	11/23/2025 22:53:00	8.8045	18.516
3,676	11/23/2025 22:54:00	8.8045	18.516
3,677	11/23/2025 22:55:00	8.8035	18.508
3,678	11/23/2025 22:56:00	8.8045	18.500
3,679	11/23/2025 22:57:00	8.8035	18.492
3,680	11/23/2025 22:58:00	8.8035	18.484
3,681	11/23/2025 22:59:00	8.8035	18.477
3,682	11/23/2025 23:00:00	8.8035	18.477
3,683	11/23/2025 23:01:00	8.8035	18.469
3,684	11/23/2025 23:02:00	8.8035	18.477
3,685	11/23/2025 23:03:00	8.8045	18.484
3,686	11/23/2025 23:04:00	8.8045	18.492
3,687	11/23/2025 23:05:00	8.8045	18.484
3,688	11/23/2025 23:06:00	8.8045	18.484
3,689	11/23/2025 23:07:00	8.8056	18.469
3,690	11/23/2025 23:08:00	8.8045	18.461
3,691	11/23/2025 23:09:00	8.8045	18.453
3,692	11/23/2025 23:10:00	8.8045	18.453
3,693	11/23/2025 23:11:00	8.8045	18.461
3,694	11/23/2025 23:12:00	8.8045	18.453
3,695	11/23/2025 23:13:00	8.8035	18.445
3,696	11/23/2025 23:14:00	8.8035	18.461
3,697	11/23/2025 23:15:00	8.8035	18.469
3,698	11/23/2025 23:16:00	8.8035	18.461
3,699	11/23/2025 23:17:00	8.8035	18.461
3,700	11/23/2025 23:18:00	8.8025	18.445
3,701	11/23/2025 23:19:00	8.8035	18.430
3,702	11/23/2025 23:20:00	8.8035	18.422
3,703	11/23/2025 23:21:00	8.8035	18.414
3,704	11/23/2025 23:22:00	8.8035	18.406
3,705	11/23/2025 23:23:00	8.8035	18.398
3,706	11/23/2025 23:24:00	8.8035	18.391
3,707	11/23/2025 23:25:00	8.8045	18.383
3,708	11/23/2025 23:26:00	8.8035	18.375
3,709	11/23/2025 23:27:00	8.8035	18.367
3,710	11/23/2025 23:28:00	8.8035	18.367
3,711	11/23/2025 23:29:00	8.8025	18.375
3,712	11/23/2025 23:30:00	8.8035	18.375
3,713	11/23/2025 23:31:00	8.8035	18.367
3,714	11/23/2025 23:32:00	8.8035	18.352
3,715	11/23/2025 23:33:00	8.8025	18.344
3,716	11/23/2025 23:34:00	8.8025	18.328
3,717	11/23/2025 23:35:00	8.8025	18.313
3,718	11/23/2025 23:36:00	8.8015	18.320
3,719	11/23/2025 23:37:00	8.8015	18.320
3,720	11/23/2025 23:38:00	8.8015	18.320
3,721	11/23/2025 23:39:00	8.8015	18.320
3,722	11/23/2025 23:40:00	8.8015	18.313
3,723	11/23/2025 23:41:00	8.8005	18.313
3,724	11/23/2025 23:42:00	8.8005	18.320
3,725	11/23/2025 23:43:00	8.8005	18.305
3,726	11/23/2025 23:44:00	8.8005	18.289
3,727	11/23/2025 23:45:00	8.8015	18.289
3,728	11/23/2025 23:46:00	8.8005	18.273
3,729	11/23/2025 23:47:00	8.8005	18.266
3,730	11/23/2025 23:48:00	8.8005	18.250
3,731	11/23/2025 23:49:00	8.8005	18.242
3,732	11/23/2025 23:50:00	8.8005	18.227
3,733	11/23/2025 23:51:00	8.8015	18.219
3,734	11/23/2025 23:52:00	8.8005	18.203
3,735	11/23/2025 23:53:00	8.8005	18.195
3,736	11/23/2025 23:54:00	8.8015	18.180
3,737	11/23/2025 23:55:00	8.8015	18.180
3,738	11/23/2025 23:56:00	8.8015	18.172
3,739	11/23/2025 23:57:00	8.8015	18.164
3,740	11/23/2025 23:58:00	8.8015	18.156
3,741	11/23/2025 23:59:00	8.8015	18.148
3,742	11/24/2025 0:00:00	8.8005	18.164
3,743	11/24/2025 0:01:00	8.8005	18.164
3,744	11/24/2025 0:02:00	8.8005	18.164
3,745	11/24/2025 0:03:00	8.8005	18.164
3,746	11/24/2025 0:04:00	8.8005	18.164
3,747	11/24/2025 0:05:00	8.7994	18.164
3,748	11/24/2025 0:06:00	8.7994	18.164
3,749	11/24/2025 0:07:00	8.8005	18.164
3,750	11/24/2025 0:08:00	8.7994	18.148
3,751	11/24/2025 0:09:00	8.7994	18.148
3,752	11/24/2025 0:10:00	8.7984	18.141
3,753	11/24/2025 0:11:00	8.7994	18.125
3,754	11/24/2025 0:12:00	8.7984	18.125
3,755	11/24/2025 0:13:00	8.7994	18.133
3,756	11/24/2025 0:14:00	8.7984	18.141
3,757	11/24/2025 0:15:00	8.7984	18.141
3,758	11/24/2025 0:16:00	8.7974	18.148
3,759	11/24/2025 0:17:00	8.7964	18.172
3,760	11/24/2025 0:18:00	8.7974	18.188
3,761	11/24/2025 0:19:00	8.7974	18.195
3,762	11/24/2025 0:20:00	8.7974	18.203
3,763	11/24/2025 0:21:00	8.7964	18.219
3,764	11/24/2025 0:22:00	8.7974	18.219
3,765	11/24/2025 0:23:00	8.7974	18.227
3,766	11/24/2025 0:24:00	8.7974	18.227
3,767	11/24/2025 0:25:00	8.7964	18.219
3,768	11/24/2025 0:26:00	8.7964	18.219
3,769	11/24/2025 0:27:00	8.7964	18.219
3,770	11/24/2025 0:28:00	8.7954	18.227
3,771	11/24/2025 0:29:00	8.7954	18.242
3,772	11/24/2025 0:30:00	8.7964	18.250
3,773	11/24/2025 0:31:00	8.7954	18.242
3,774	11/24/2025 0:32:00	8.7954	18.258
3,775	11/24/2025 0:33:00	8.7964	18.266
3,776	11/24/2025 0:34:00	8.7954	18.258
3,777	11/24/2025 0:35:00	8.7954	18.273
3,778	11/24/2025 0:36:00	8.7943	18.273
3,779	11/24/2025 0:37:00	8.7933	18.289
3,780	11/24/2025 0:38:00	8.7943	18.297
3,781	11/24/2025 0:39:00	8.7943	18.297
3,782	11/24/2025 0:40:00	8.7943	18.305
3,783	11/24/2025 0:41:00	8.7943	18.305
3,784	11/24/2025 0:42:00	8.7943	18.297
3,785	11/24/2025 0:43:00	8.7933	18.289
3,786	11/24/2025 0:44:00	8.7933	18.289
3,787	11/24/2025 0:45:00	8.7923	18.297
3,788	11/24/2025 0:46:00	8.7923	18.305
3,789	11/24/2025 0:47:00	8.7933	18.297
3,790	11/24/2025 0:48:00	8.7923	18.281
3,791	11/24/2025 0:49:00	8.7933	18.273
3,792	11/24/2025 0:50:00	8.7923	18.266
3,793	11/24/2025 0:51:00	8.7933	18.258
3,794	11/24/2025 0:52:00	8.7923	18.242
3,795	11/24/2025 0:53:00	8.7923	18.219
3,796	11/24/2025 0:54:00	8.7923	18.203
3,797	11/24/2025 0:55:00	8.7923	18.195
3,798	11/24/2025 0:56:00	8.7933	18.172
3,799	11/24/2025 0:57:00	8.7923	18.164
3,800	11/24/2025 0:58:00	8.7923	18.156
3,801	11/24/2025 0:59:00	8.7923	18.148
3,802	11/24/2025 1:00:00	8.7923	18.141
3,803	11/24/2025 1:01:00	8.7913	18.133
3,804	11/24/2025 1:02:00	8.7923	18.141
3,805	11/24/2025 1:03:00	8.7923	18.133
3,806	11/24/2025 1:04:00	8.7933	18.125
3,807	11/24/2025 1:05:00	8.7923	18.117
3,808	11/24/2025 1:06:00	8.7923	18.102
3,809	11/24/2025 1:07:00	8.7913	18.086
3,810	11/24/2025 1:08:00	8.7913	18.094
3,811	11/24/2025 1:09:00	8.7913	18.094
3,812	11/24/2025 1:10:00	8.7913	18.094
3,813	11/24/2025 1:11:00	8.7913	18.078
3,814	11/24/2025 1:12:00	8.7913	18.078
3,815	11/24/2025 1:13:00	8.7913	18.078
3,816	11/24/2025 1:14:00	8.7913	18.078
3,817	11/24/2025 1:15:00	8.7913	18.078
3,818	11/24/2025 1:16:00	8.7903	18.070
3,819	11/24/2025 1:17:00	8.7903	18.070
3,820	11/24/2025 1:18:00	8.7903	18.070
3,821	11/24/2025 1:19:00	8.7903	18.055
3,822	11/24/2025 1:20:00	8.7903	18.063
3,823	11/24/2025 1:21:00	8.7903	18.063
3,824	11/24/2025 1:22:00	8.7903	18.063
3,825	11/24/2025 1:23:00	8.7903	18.055
3,826	11/24/2025 1:24:00	8.7892	18.047
3,827	11/24/2025 1:25:00	8.7892	18.047
3,828	11/24/2025 1:26:00	8.7892	18.055
3,829	11/24/2025 1:27:00	8.7892	18.047
3,830	11/24/2025 1:28:00	8.7882	18.055
3,831	11/24/2025 1:29:00	8.7882	18.055
3,832	11/24/2025 1:30:00	8.7892	18.055
3,833	11/24/2025 1:31:00	8.7882	18.063
3,834	11/24/2025 1:32:00	8.7892	18.063
3,835	11/24/2025 1:33:00	8.7872	18.063
3,836	11/24/2025 1:34:00	8.7892	18.070
3,837	11/24/2025 1:35:00	8.7882	18.078
3,838	11/24/2025 1:36:00	8.7882	18.094
3,839	11/24/2025 1:37:00	8.7882	18.102
3,840	11/24/2025 1:38:00	8.7872	18.109
3,841	11/24/2025 1:39:00	8.7872	18.102
3,842	11/24/2025 1:40:00	8.7882	18.102
3,843	11/24/2025 1:41:00	8.7872	18.102
3,844	11/24/2025 1:42:00	8.7872	18.094
3,845	11/24/2025 1:43:00	8.7872	18.086
3,846	11/24/2025 1:44:00	8.7872	18.078
3,847	11/24/2025 1:45:00	8.7882	18.070
3,848	11/24/2025 1:46:00	8.7872	18.063
3,849	11/24/2025 1:47:00	8.7872	18.047
3,850	11/24/2025 1:48:00	8.7862	18.055
3,851	11/24/2025 1:49:00	8.7872	18.070
3,852	11/24/2025 1:50:00	8.7872	18.086
3,853	11/24/2025 1:51:00	8.7862	18.078
3,854	11/24/2025 1:52:00	8.7872	18.102
3,855	11/24/2025 1:53:00	8.7872	18.125
3,856	11/24/2025 1:54:00	8.7872	18.148
3,857	11/24/2025 1:55:00	8.7872	18.156
3,858	11/24/2025 1:56:00	8.7862	18.156
3,859	11/24/2025 1:57:00	8.7872	18.164
3,860	11/24/2025 1:58:00	8.7872	18.164
3,861	11/24/2025 1:59:00	8.7872	18.164
3,862	11/24/2025 2:00:00	8.7872	18.156
3,863	11/24/2025 2:01:00	8.7862	18.164
3,864	11/24/2025 2:02:00	8.7862	18.172
3,865	11/24/2025 2:03:00	8.7872	18.172
3,866	11/24/2025 2:04:00	8.7872	18.180
3,867	11/24/2025 2:05:00	8.7862	18.195
3,868	11/24/2025 2:06:00	8.7862	18.195
3,869	11/24/2025 2:07:00	8.7872	18.195
3,870	11/24/2025 2:08:00	8.7872	18.195
3,871	11/24/2025 2:09:00	8.7872	18.180
3,872	11/24/2025 2:10:00	8.7872	18.164
3,873	11/24/2025 2:11:00	8.7872	18.156
3,874	11/24/2025 2:12:00	8.7872	18.141
3,875	11/24/2025 2:13:00	8.7862	18.133
3,876	11/24/2025 2:14:00	8.7872	18.141
3,877	11/24/2025 2:15:00	8.7862	18.133
3,878	11/24/2025 2:16:00	8.7862	18.133
3,879	11/24/2025 2:17:00	8.7862	18.133
3,880	11/24/2025 2:18:00	8.7862	18.133
3,881	11/24/2025 2:19:00	8.7852	18.125
3,882	11/24/2025 2:20:00	8.7862	18.125
3,883	11/24/2025 2:21:00	8.7862	18.133
3,884	11/24/2025 2:22:00	8.7862	18.133
3,885	11/24/2025 2:23:00	8.7852	18.125
3,886	11/24/2025 2:24:00	8.7852	18.109
3,887	11/24/2025 2:25:00	8.7852	18.102
3,888	11/24/2025 2:26:00	8.7852	18.094
3,889	11/24/2025 2:27:00	8.7841	18.086
3,890	11/24/2025 2:28:00	8.7852	18.078
3,891	11/24/2025 2:29:00	8.7852	18.086
3,892	11/24/2025 2:30:00	8.7841	18.078
3,893	11/24/2025 2:31:00	8.7852	18.086
3,894	11/24/2025 2:32:00	8.7852	18.078
3,895	11/24/2025 2:33:00	8.7852	18.078
3,896	11/24/2025 2:34:00	8.7852	18.094
3,897	11/24/2025 2:35:00	8.7852	18.109
3,898	11/24/2025 2:36:00	8.7852	18.094
3,899	11/24/2025 2:37:00	8.7862	18.102
3,900	11/24/2025 2:38:00	8.7862	18.094
3,901	11/24/2025 2:39:00	8.7862	18.102
3,902	11/24/2025 2:40:00	8.7862	18.094
3,903	11/24/2025 2:41:00	8.7852	18.094
3,904	11/24/2025 2:42:00	8.7862	18.086
3,905	11/24/2025 2:43:00	8.7852	18.094
3,906	11/24/2025 2:44:00	8.7852	18.102
3,907	11/24/2025 2:45:00	8.7852	18.117
3,908	11/24/2025 2:46:00	8.7862	18.117
3,909	11/24/2025 2:47:00	8.7852	18.125
3,910	11/24/2025 2:48:00	8.7852	18.117
3,911	11/24/2025 2:49:00	8.7852	18.125
3,912	11/24/2025 2:50:00	8.7852	18.133
3,913	11/24/2025 2:51:00	8.7862	18.141
3,914	11/24/2025 2:52:00	8.7852	18.148
3,915	11/24/2025 2:53:00	8.7862	18.148
3,916	11/24/2025 2:54:00	8.7852	18.156
3,917	11/24/2025 2:55:00	8.7852	18.164
3,918	11/24/2025 2:56:00	8.7852	18.164
3,919	11/24/2025 2:57:00	8.7852	18.172
3,920	11/24/2025 2:58:00	8.7852	18.164
3,921	11/24/2025 2:59:00	8.7852	18.156
3,922	11/24/2025 3:00:00	8.7852	18.148
3,923	11/24/2025 3:01:00	8.7852	18.148
3,924	11/24/2025 3:02:00	8.7852	18.141
3,925	11/24/2025 3:03:00	8.7852	18.141
3,926	11/24/2025 3:04:00	8.7852	18.141
3,927	11/24/2025 3:05:00	8.7841	18.133
3,928	11/24/2025 3:06:00	8.7852	18.148
3,929	11/24/2025 3:07:00	8.7852	18.156
3,930	11/24/2025 3:08:00	8.7852	18.156
3,931	11/24/2025 3:09:00	8.7852	18.164
3,932	11/24/2025 3:10:00	8.7852	18.156
3,933	11/24/2025 3:11:00	8.7852	18.148
3,934	11/24/2025 3:12:00	8.7852	18.156
3,935	11/24/2025 3:13:00	8.7852	18.164
3,936	11/24/2025 3:14:00	8.7852	18.164
3,937	11/24/2025 3:15:00	8.7852	18.164
3,938	11/24/2025 3:16:00	8.7852	18.164
3,939	11/24/2025 3:17:00	8.7852	18.164
3,940	11/24/2025 3:18:00	8.7852	18.164
3,941	11/24/2025 3:19:00	8.7852	18.156
3,942	11/24/2025 3:20:00	8.7852	18.148
3,943	11/24/2025 3:21:00	8.7852	18.141
3,944	11/24/2025 3:22:00	8.7852	18.133
3,945	11/24/2025 3:23:00	8.7852	18.125
3,946	11/24/2025 3:24:00	8.7852	18.109
3,947	11/24/2025 3:25:00	8.7862	18.102
3,948	11/24/2025 3:26:00	8.7862	18.086
3,949	11/24/2025 3:27:00	8.7862	18.086
3,950	11/24/2025 3:28:00	8.7852	18.086
3,951	11/24/2025 3:29:00	8.7862	18.086
3,952	11/24/2025 3:30:00	8.7862	18.094
3,953	11/24/2025 3:31:00	8.7862	18.109
3,954	11/24/2025 3:32:00	8.7852	18.109
3,955	11/24/2025 3:33:00	8.7862	18.109
3,956	11/24/2025 3:34:00	8.7862	18.109
3,957	11/24/2025 3:35:00	8.7862	18.117
3,958	11/24/2025 3:36:00	8.7862	18.125
3,959	11/24/2025 3:37:00	8.7862	18.125
3,960	11/24/2025 3:38:00	8.7862	18.133
3,961	11/24/2025 3:39:00	8.7862	18.141
3,962	11/24/2025 3:40:00	8.7862	18.141
3,963	11/24/2025 3:41:00	8.7862	18.141
3,964	11/24/2025 3:42:00	8.7862	18.141
3,965	11/24/2025 3:43:00	8.7862	18.133
3,966	11/24/2025 3:44:00	8.7872	18.148
3,967	11/24/2025 3:45:00	8.7852	18.164
3,968	11/24/2025 3:46:00	8.7862	18.188
3,969	11/24/2025 3:47:00	8.7862	18.188
3,970	11/24/2025 3:48:00	8.7862	18.211
3,971	11/24/2025 3:49:00	8.7862	18.211
3,972	11/24/2025 3:50:00	8.7862	18.211
3,973	11/24/2025 3:51:00	8.7862	18.211
3,974	11/24/2025 3:52:00	8.7862	18.211
3,975	11/24/2025 3:53:00	8.7862	18.219
3,976	11/24/2025 3:54:00	8.7862	18.211
3,977	11/24/2025 3:55:00	8.7872	18.203
3,978	11/24/2025 3:56:00	8.7862	18.203
3,979	11/24/2025 3:57:00	8.7862	18.203
3,980	11/24/2025 3:58:00	8.7862	18.211
3,981	11/24/2025 3:59:00	8.7872	18.211
3,982	11/24/2025 4:00:00	8.7862	18.203
3,983	11/24/2025 4:01:00	8.7862	18.211
3,984	11/24/2025 4:02:00	8.7872	18.211
3,985	11/24/2025 4:03:00	8.7862	18.211
3,986	11/24/2025 4:04:00	8.7862	18.203
3,987	11/24/2025 4:05:00	8.7862	18.195
3,988	11/24/2025 4:06:00	8.7862	18.195
3,989	11/24/2025 4:07:00	8.7862	18.195
3,990	11/24/2025 4:08:00	8.7872	18.195
3,991	11/24/2025 4:09:00	8.7872	18.203
3,992	11/24/2025 4:10:00	8.7862	18.219
3,993	11/24/2025 4:11:00	8.7862	18.227
3,994	11/24/2025 4:12:00	8.7872	18.242
3,995	11/24/2025 4:13:00	8.7872	18.242
3,996	11/24/2025 4:14:00	8.7862	18.250
3,997	11/24/2025 4:15:00	8.7862	18.250
3,998	11/24/2025 4:16:00	8.7862	18.258
3,999	11/24/2025 4:17:00	8.7862	18.258
4,000	11/24/2025 4:18:00	8.7862	18.258
4,001	11/24/2025 4:19:00	8.7862	18.258
4,002	11/24/2025 4:20:00	8.7862	18.273
4,003	11/24/2025 4:21:00	8.7862	18.281
4,004	11/24/2025 4:22:00	8.7862	18.281
4,005	11/24/2025 4:23:00	8.7862	18.273
4,006	11/24/2025 4:24:00	8.7862	18.273
4,007	11/24/2025 4:25:00	8.7862	18.273
4,008	11/24/2025 4:26:00	8.7862	18.273
4,009	11/24/2025 4:27:00	8.7862	18.273
4,010	11/24/2025 4:28:00	8.7872	18.266
4,011	11/24/2025 4:29:00	8.7862	18.266
4,012	11/24/2025 4:30:00	8.7862	18.266
4,013	11/24/2025 4:31:00	8.7862	18.258
4,014	11/24/2025 4:32:00	8.7872	18.258
4,015	11/24/2025 4:33:00	8.7882	18.250
4,016	11/24/2025 4:34:00	8.7872	18.242
4,017	11/24/2025 4:35:00	8.7872	18.242
4,018	11/24/2025 4:36:00	8.7882	18.242
4,019	11/24/2025 4:37:00	8.7882	18.234
4,020	11/24/2025 4:38:00	8.7872	18.234
4,021	11/24/2025 4:39:00	8.7872	18.242
4,022	11/24/2025 4:40:00	8.7882	18.242
4,023	11/24/2025 4:41:00	8.7882	18.242
4,024	11/24/2025 4:42:00	8.7872	18.250
4,025	11/24/2025 4:43:00	8.7882	18.250
4,026	11/24/2025 4:44:00	8.7882	18.250
4,027	11/24/2025 4:45:00	8.7882	18.250
4,028	11/24/2025 4:46:00	8.7872	18.250
4,029	11/24/2025 4:47:00	8.7872	18.250
4,030	11/24/2025 4:48:00	8.7882	18.250
4,031	11/24/2025 4:49:00	8.7872	18.242
4,032	11/24/2025 4:50:00	8.7872	18.234
4,033	11/24/2025 4:51:00	8.7882	18.250
4,034	11/24/2025 4:52:00	8.7882	18.242
4,035	11/24/2025 4:53:00	8.7872	18.266
4,036	11/24/2025 4:54:00	8.7882	18.273
4,037	11/24/2025 4:55:00	8.7872	18.297
4,038	11/24/2025 4:56:00	8.7882	18.313
4,039	11/24/2025 4:57:00	8.7882	18.313
4,040	11/24/2025 4:58:00	8.7882	18.320
4,041	11/24/2025 4:59:00	8.7872	18.328
4,042	11/24/2025 5:00:00	8.7882	18.320
4,043	11/24/2025 5:01:00	8.7882	18.336
4,044	11/24/2025 5:02:00	8.7882	18.320
4,045	11/24/2025 5:03:00	8.7882	18.328
4,046	11/24/2025 5:04:00	8.7892	18.320
4,047	11/24/2025 5:05:00	8.7882	18.320
4,048	11/24/2025 5:06:00	8.7882	18.320
4,049	11/24/2025 5:07:00	8.7882	18.313
4,050	11/24/2025 5:08:00	8.7892	18.313
4,051	11/24/2025 5:09:00	8.7892	18.313
4,052	11/24/2025 5:10:00	8.7882	18.297
4,053	11/24/2025 5:11:00	8.7892	18.297
4,054	11/24/2025 5:12:00	8.7882	18.297
4,055	11/24/2025 5:13:00	8.7892	18.289
4,056	11/24/2025 5:14:00	8.7882	18.297
4,057	11/24/2025 5:15:00	8.7892	18.297
4,058	11/24/2025 5:16:00	8.7892	18.313
4,059	11/24/2025 5:17:00	8.7892	18.313
4,060	11/24/2025 5:18:00	8.7882	18.320
4,061	11/24/2025 5:19:00	8.7882	18.328
4,062	11/24/2025 5:20:00	8.7882	18.344
4,063	11/24/2025 5:21:00	8.7882	18.344
4,064	11/24/2025 5:22:00	8.7882	18.367
4,065	11/24/2025 5:23:00	8.7892	18.383
4,066	11/24/2025 5:24:00	8.7892	18.391
4,067	11/24/2025 5:25:00	8.7892	18.414
4,068	11/24/2025 5:26:00	8.7892	18.414
4,069	11/24/2025 5:27:00	8.7892	18.422
4,070	11/24/2025 5:28:00	8.7903	18.430
4,071	11/24/2025 5:29:00	8.7903	18.422
4,072	11/24/2025 5:30:00	8.7892	18.414
4,073	11/24/2025 5:31:00	8.7892	18.422
4,074	11/24/2025 5:32:00	8.7903	18.430
4,075	11/24/2025 5:33:00	8.7913	18.438
4,076	11/24/2025 5:34:00	8.7903	18.445
4,077	11/24/2025 5:35:00	8.7903	18.445
4,078	11/24/2025 5:36:00	8.7903	18.445
4,079	11/24/2025 5:37:00	8.7913	18.430
4,080	11/24/2025 5:38:00	8.7913	18.430
4,081	11/24/2025 5:39:00	8.7913	18.422
4,082	11/24/2025 5:40:00	8.7913	18.422
4,083	11/24/2025 5:41:00	8.7913	18.430
4,084	11/24/2025 5:42:00	8.7903	18.445
4,085	11/24/2025 5:43:00	8.7913	18.461
4,086	11/24/2025 5:44:00	8.7913	18.469
4,087	11/24/2025 5:45:00	8.7913	18.469
4,088	11/24/2025 5:46:00	8.7913	18.484
4,089	11/24/2025 5:47:00	8.7913	18.492
4,090	11/24/2025 5:48:00	8.7913	18.500
4,091	11/24/2025 5:49:00	8.7923	18.508
4,092	11/24/2025 5:50:00	8.7923	18.523
4,093	11/24/2025 5:51:00	8.7923	18.531
4,094	11/24/2025 5:52:00	8.7913	18.547
4,095	11/24/2025 5:53:00	8.7913	18.563
4,096	11/24/2025 5:54:00	8.7923	18.563
4,097	11/24/2025 5:55:00	8.7923	18.563
4,098	11/24/2025 5:56:00	8.7923	18.570
4,099	11/24/2025 5:57:00	8.7923	18.586
4,100	11/24/2025 5:58:00	8.7923	18.602
4,101	11/24/2025 5:59:00	8.7923	18.609
4,102	11/24/2025 6:00:00	8.7923	18.617
4,103	11/24/2025 6:01:00	8.7923	18.617
4,104	11/24/2025 6:02:00	8.7933	18.633
4,105	11/24/2025 6:03:00	8.7933	18.641
4,106	11/24/2025 6:04:00	8.7933	18.641
4,107	11/24/2025 6:05:00	8.7933	18.656
4,108	11/24/2025 6:06:00	8.7933	18.664
4,109	11/24/2025 6:07:00	8.7933	18.680
4,110	11/24/2025 6:08:00	8.7933	18.703
4,111	11/24/2025 6:09:00	8.7933	18.734
4,112	11/24/2025 6:10:00	8.7943	18.766
4,113	11/24/2025 6:11:00	8.7943	18.789
4,114	11/24/2025 6:12:00	8.7933	18.813
4,115	11/24/2025 6:13:00	8.7943	18.828
4,116	11/24/2025 6:14:00	8.7943	18.844
4,117	11/24/2025 6:15:00	8.7933	18.859
4,118	11/24/2025 6:16:00	8.7943	18.875
4,119	11/24/2025 6:17:00	8.7943	18.883
4,120	11/24/2025 6:18:00	8.7943	18.898
4,121	11/24/2025 6:19:00	8.7943	18.898
4,122	11/24/2025 6:20:00	8.7943	18.906
4,123	11/24/2025 6:21:00	8.7943	18.914
4,124	11/24/2025 6:22:00	8.7943	18.922
4,125	11/24/2025 6:23:00	8.7943	18.938
4,126	11/24/2025 6:24:00	8.7954	18.945
4,127	11/24/2025 6:25:00	8.7954	18.953
4,128	11/24/2025 6:26:00	8.7954	18.961
4,129	11/24/2025 6:27:00	8.7943	18.969
4,130	11/24/2025 6:28:00	8.7964	18.984
4,131	11/24/2025 6:29:00	8.7943	18.992
4,132	11/24/2025 6:30:00	8.7943	19.008
4,133	11/24/2025 6:31:00	8.7954	19.023
4,134	11/24/2025 6:32:00	8.7954	19.047
4,135	11/24/2025 6:33:00	8.7954	19.063
4,136	11/24/2025 6:34:00	8.7954	19.078
4,137	11/24/2025 6:35:00	8.7943	19.094
4,138	11/24/2025 6:36:00	8.7954	19.109
4,139	11/24/2025 6:37:00	8.7943	19.133
4,140	11/24/2025 6:38:00	8.7954	19.164
4,141	11/24/2025 6:39:00	8.7954	19.188
4,142	11/24/2025 6:40:00	8.7954	19.211
4,143	11/24/2025 6:41:00	8.7954	19.219
4,144	11/24/2025 6:42:00	8.7954	19.242
4,145	11/24/2025 6:43:00	8.7954	19.258
4,146	11/24/2025 6:44:00	8.7954	19.289
4,147	11/24/2025 6:45:00	8.7954	19.320
4,148	11/24/2025 6:46:00	8.7954	19.359
4,149	11/24/2025 6:47:00	8.7964	19.391
4,150	11/24/2025 6:48:00	8.7954	19.430
4,151	11/24/2025 6:49:00	8.7954	19.461
4,152	11/24/2025 6:50:00	8.7943	19.492
4,153	11/24/2025 6:51:00	8.7954	19.523
4,154	11/24/2025 6:52:00	8.7954	19.563
4,155	11/24/2025 6:53:00	8.7954	19.609
4,156	11/24/2025 6:54:00	8.7954	19.648
4,157	11/24/2025 6:55:00	8.7954	19.680
4,158	11/24/2025 6:56:00	8.7964	19.711
4,159	11/24/2025 6:57:00	8.7954	19.734
4,160	11/24/2025 6:58:00	8.7954	19.758
4,161	11/24/2025 6:59:00	8.7954	19.781
4,162	11/24/2025 7:00:00	8.7964	19.813
4,163	11/24/2025 7:01:00	8.7954	19.836
4,164	11/24/2025 7:02:00	8.7964	19.844
4,165	11/24/2025 7:03:00	8.7964	19.859
4,166	11/24/2025 7:04:00	8.7974	19.875
4,167	11/24/2025 7:05:00	8.7964	19.875
4,168	11/24/2025 7:06:00	8.7964	19.891
4,169	11/24/2025 7:07:00	8.7964	19.906
4,170	11/24/2025 7:08:00	8.7964	19.906
4,171	11/24/2025 7:09:00	8.7974	19.922
4,172	11/24/2025 7:10:00	8.7964	19.945
4,173	11/24/2025 7:11:00	8.7974	19.961
4,174	11/24/2025 7:12:00	8.7974	20.000
4,175	11/24/2025 7:13:00	8.7974	20.023
4,176	11/24/2025 7:14:00	8.7974	20.063
4,177	11/24/2025 7:15:00	8.7964	20.109
4,178	11/24/2025 7:16:00	8.7964	20.148
4,179	11/24/2025 7:17:00	8.7974	20.172
4,180	11/24/2025 7:18:00	8.7974	20.211
4,181	11/24/2025 7:19:00	8.7974	20.266
4,182	11/24/2025 7:20:00	8.7974	20.313
4,183	11/24/2025 7:21:00	8.7974	20.375
4,184	11/24/2025 7:22:00	8.7964	20.438
4,185	11/24/2025 7:23:00	8.7974	20.484
4,186	11/24/2025 7:24:00	8.7974	20.531
4,187	11/24/2025 7:25:00	8.7974	20.578
4,188	11/24/2025 7:26:00	8.7964	20.648
4,189	11/24/2025 7:27:00	8.7974	20.680
4,190	11/24/2025 7:28:00	8.7964	20.742
4,191	11/24/2025 7:29:00	8.7964	20.766
4,192	11/24/2025 7:30:00	8.7974	20.805
4,193	11/24/2025 7:31:00	8.7964	20.844
4,194	11/24/2025 7:32:00	8.7964	20.898
4,195	11/24/2025 7:33:00	8.7964	20.930
4,196	11/24/2025 7:34:00	8.7964	20.961
4,197	11/24/2025 7:35:00	8.7954	20.992
4,198	11/24/2025 7:36:00	8.7974	21.055
4,199	11/24/2025 7:37:00	8.7964	21.133
4,200	11/24/2025 7:38:00	8.7964	21.211
4,201	11/24/2025 7:39:00	8.7964	21.289
4,202	11/24/2025 7:40:00	8.7964	21.336
4,203	11/24/2025 7:41:00	8.7964	21.375
4,204	11/24/2025 7:42:00	8.7964	21.391
4,205	11/24/2025 7:43:00	8.7954	21.406
4,206	11/24/2025 7:44:00	8.7964	21.438
4,207	11/24/2025 7:45:00	8.7954	21.469
4,208	11/24/2025 7:46:00	8.7964	21.477
4,209	11/24/2025 7:47:00	8.7964	21.461
4,210	11/24/2025 7:48:00	8.7974	21.492
4,211	11/24/2025 7:49:00	8.7964	21.516
4,212	11/24/2025 7:50:00	8.7964	21.570
4,213	11/24/2025 7:51:00	8.7964	21.586
4,214	11/24/2025 7:52:00	8.7964	21.609
4,215	11/24/2025 7:53:00	8.7974	21.609
4,216	11/24/2025 7:54:00	8.7964	21.602
4,217	11/24/2025 7:55:00	8.7974	21.648
4,218	11/24/2025 7:56:00	8.7964	21.695
4,219	11/24/2025 7:57:00	8.7974	21.734
4,220	11/24/2025 7:58:00	8.7974	21.711
4,221	11/24/2025 7:59:00	8.7984	21.688
4,222	11/24/2025 8:00:00	8.7984	21.695
4,223	11/24/2025 8:01:00	8.7974	21.734
4,224	11/24/2025 8:02:00	8.7964	21.773
4,225	11/24/2025 8:03:00	8.7974	21.781
4,226	11/24/2025 8:04:00	8.7984	21.805
4,227	11/24/2025 8:05:00	8.7974	21.844
4,228	11/24/2025 8:06:00	8.7984	21.891
4,229	11/24/2025 8:07:00	8.7974	21.906
4,230	11/24/2025 8:08:00	8.7984	21.914
4,231	11/24/2025 8:09:00	8.7984	21.914
4,232	11/24/2025 8:10:00	8.7984	21.969
4,233	11/24/2025 8:11:00	8.7994	22.039
4,234	11/24/2025 8:12:00	8.7984	22.070
4,235	11/24/2025 8:13:00	8.7984	22.086
4,236	11/24/2025 8:14:00	8.7984	22.063
4,237	11/24/2025 8:15:00	8.7984	22.031
4,238	11/24/2025 8:16:00	8.7984	22.000
4,239	11/24/2025 8:17:00	8.7984	21.984
4,240	11/24/2025 8:18:00	8.7984	22.000
4,241	11/24/2025 8:19:00	8.7974	22.031
4,242	11/24/2025 8:20:00	8.7974	22.086
4,243	11/24/2025 8:21:00	8.7984	22.125
4,244	11/24/2025 8:22:00	8.7974	22.164
4,245	11/24/2025 8:23:00	8.7974	22.266
4,246	11/24/2025 8:24:00	8.7974	22.336
4,247	11/24/2025 8:25:00	8.7964	22.391
4,248	11/24/2025 8:26:00	8.7964	22.422
4,249	11/24/2025 8:27:00	8.7974	22.391
4,250	11/24/2025 8:28:00	8.7974	22.383
4,251	11/24/2025 8:29:00	8.7974	22.391
4,252	11/24/2025 8:30:00	8.7964	22.430
4,253	11/24/2025 8:31:00	8.7974	22.406
4,254	11/24/2025 8:32:00	8.7974	22.367
4,255	11/24/2025 8:33:00	8.7984	22.328
4,256	11/24/2025 8:34:00	8.7984	22.328
4,257	11/24/2025 8:35:00	8.7984	22.352
4,258	11/24/2025 8:36:00	8.7984	22.391
4,259	11/24/2025 8:37:00	8.7984	22.414
4,260	11/24/2025 8:38:00	8.7984	22.438
4,261	11/24/2025 8:39:00	8.7984	22.438
4,262	11/24/2025 8:40:00	8.7984	22.477
4,263	11/24/2025 8:41:00	8.7974	22.492
4,264	11/24/2025 8:42:00	8.7974	22.484
4,265	11/24/2025 8:43:00	8.7984	22.492
4,266	11/24/2025 8:44:00	8.7974	22.531
4,267	11/24/2025 8:45:00	8.7984	22.523
4,268	11/24/2025 8:46:00	8.7974	22.516
4,269	11/24/2025 8:47:00	8.7994	22.547
4,270	11/24/2025 8:48:00	8.7984	22.641
4,271	11/24/2025 8:49:00	8.7974	22.734
4,272	11/24/2025 8:50:00	8.7984	22.797
4,273	11/24/2025 8:51:00	8.7984	22.867
4,274	11/24/2025 8:52:00	8.7974	22.930
4,275	11/24/2025 8:53:00	8.7974	22.953
4,276	11/24/2025 8:54:00	8.7974	22.945
4,277	11/24/2025 8:55:00	8.7984	22.969
4,278	11/24/2025 8:56:00	8.7984	23.047
4,279	11/24/2025 8:57:00	8.7984	23.102
4,280	11/24/2025 8:58:00	8.7974	23.180
4,281	11/24/2025 8:59:00	8.7974	23.242
4,282	11/24/2025 9:00:00	8.7984	23.289
4,283	11/24/2025 9:01:00	8.7984	23.305
4,284	11/24/2025 9:02:00	8.7984	23.305
4,285	11/24/2025 9:03:00	8.7974	23.328
4,286	11/24/2025 9:04:00	8.7984	23.383
4,287	11/24/2025 9:05:00	8.7974	23.414
4,288	11/24/2025 9:06:00	8.7974	23.430
4,289	11/24/2025 9:07:00	8.7984	23.508
4,290	11/24/2025 9:08:00	8.7974	23.594
4,291	11/24/2025 9:09:00	8.7974	23.625
4,292	11/24/2025 9:10:00	8.7974	23.641
4,293	11/24/2025 9:11:00	8.7974	23.648
4,294	11/24/2025 9:12:00	8.7974	23.656
4,295	11/24/2025 9:13:00	8.7974	23.727
4,296	11/24/2025 9:14:00	8.7974	23.813
4,297	11/24/2025 9:15:00	8.7974	23.875
4,298	11/24/2025 9:16:00	8.7974	23.914
4,299	11/24/2025 9:17:00	8.7974	23.906
4,300	11/24/2025 9:18:00	8.7984	23.867
4,301	11/24/2025 9:19:00	8.7974	23.867
4,302	11/24/2025 9:20:00	8.7974	23.852
4,303	11/24/2025 9:21:00	8.7974	23.852
4,304	11/24/2025 9:22:00	8.7974	23.859
4,305	11/24/2025 9:23:00	8.7974	23.875
4,306	11/24/2025 9:24:00	8.7974	23.914
4,307	11/24/2025 9:25:00	8.7984	23.945
4,308	11/24/2025 9:26:00	8.7974	24.000
4,309	11/24/2025 9:27:00	8.7984	24.063
4,310	11/24/2025 9:28:00	8.7974	24.148
4,311	11/24/2025 9:29:00	8.7974	24.250
4,312	11/24/2025 9:30:00	8.7974	24.383
4,313	11/24/2025 9:31:00	8.7964	24.500
4,314	11/24/2025 9:32:00	8.7974	24.547
4,315	11/24/2025 9:33:00	8.7974	24.586
4,316	11/24/2025 9:34:00	8.7974	24.570
4,317	11/24/2025 9:35:00	8.7974	24.563
4,318	11/24/2025 9:36:00	8.7974	24.539
4,319	11/24/2025 9:37:00	8.7984	24.555
4,320	11/24/2025 9:38:00	8.7984	24.602
4,321	11/24/2025 9:39:00	8.7974	24.664
4,322	11/24/2025 9:40:00	8.7974	24.688
4,323	11/24/2025 9:41:00	8.7984	24.711
4,324	11/24/2025 9:42:00	8.7994	24.758
4,325	11/24/2025 9:43:00	8.7984	24.750
4,326	11/24/2025 9:44:00	8.7974	24.750
4,327	11/24/2025 9:45:00	8.7984	24.766
4,328	11/24/2025 9:46:00	8.7984	24.852
4,329	11/24/2025 9:47:00	8.7974	24.938
4,330	11/24/2025 9:48:00	8.7964	24.969
4,331	11/24/2025 9:49:00	8.7984	24.945
4,332	11/24/2025 9:50:00	8.7974	24.875
4,333	11/24/2025 9:51:00	8.7984	24.820
4,334	11/24/2025 9:52:00	8.7974	24.789
4,335	11/24/2025 9:53:00	8.7964	24.797
4,336	11/24/2025 9:54:00	8.7974	24.758
4,337	11/24/2025 9:55:00	8.7974	24.742
4,338	11/24/2025 9:56:00	8.7974	24.734
4,339	11/24/2025 9:57:00	8.7974	24.742
4,340	11/24/2025 9:58:00	8.7964	24.750
4,341	11/24/2025 9:59:00	8.7964	24.773
4,342	11/24/2025 10:00:00	8.7964	24.789
4,343	11/24/2025 10:01:00	8.7964	24.836
4,344	11/24/2025 10:02:00	8.7964	24.875
4,345	11/24/2025 10:03:00	8.7964	24.914
4,346	11/24/2025 10:04:00	8.7964	24.938
4,347	11/24/2025 10:05:00	8.7954	24.953
4,348	11/24/2025 10:06:00	8.7964	24.938
4,349	11/24/2025 10:07:00	8.7964	24.953
4,350	11/24/2025 10:08:00	8.7964	24.961
4,351	11/24/2025 10:09:00	8.7954	25.039
4,352	11/24/2025 10:10:00	8.7954	25.078
4,353	11/24/2025 10:11:00	8.7954	25.125
4,354	11/24/2025 10:12:00	8.7954	25.172
4,355	11/24/2025 10:13:00	8.7954	25.227
4,356	11/24/2025 10:14:00	8.7943	25.289
4,357	11/24/2025 10:15:00	8.7943	25.328
4,358	11/24/2025 10:16:00	8.7943	25.383
4,359	11/24/2025 10:17:00	8.7933	25.469
4,360	11/24/2025 10:18:00	8.7943	25.516
4,361	11/24/2025 10:19:00	8.7933	25.531
4,362	11/24/2025 10:20:00	8.7933	25.555
4,363	11/24/2025 10:21:00	8.7943	25.594
4,364	11/24/2025 10:22:00	8.7943	25.656
4,365	11/24/2025 10:23:00	8.7943	25.695
4,366	11/24/2025 10:24:00	8.7933	25.773
4,367	11/24/2025 10:25:00	8.7943	25.844
4,368	11/24/2025 10:26:00	8.7933	25.945
4,369	11/24/2025 10:27:00	8.7933	26.023
4,370	11/24/2025 10:28:00	8.7923	26.063
4,371	11/24/2025 10:29:00	8.7923	26.195
4,372	11/24/2025 10:30:00	8.7923	26.367
4,373	11/24/2025 10:31:00	8.7913	26.578
4,374	11/24/2025 10:32:00	8.7933	26.664
4,375	11/24/2025 10:33:00	8.7882	27.953
4,376	11/24/2025 10:34:00	8.7892	28.609
4,377	11/24/2025 10:35:00	8.7892	28.766
