Manufacturer,Heron Instruments
Device,bar-Log 128+
Logger ID,A16040
Project,APT PUMP TESTING
Deployment,MDW14 - CDT 2
Location,Unavailable
Number of Readings,"10,631"
Time Zone,Lusaka (CAT 2:00)
Export Timestamp,10/20/2025 17:11:12
,
No,Date,Total Pressure (mH2O),Temperature (°C)
1,10/13/2025 8:00:00,8.8637,31.273
2,10/13/2025 8:01:00,8.8626,31.438
3,10/13/2025 8:02:00,8.8647,31.500
4,10/13/2025 8:03:00,8.8637,31.367
5,10/13/2025 8:04:00,8.8657,31.117
6,10/13/2025 8:05:00,8.8667,30.898
7,10/13/2025 8:06:00,8.8677,30.734
8,10/13/2025 8:07:00,8.8657,30.703
9,10/13/2025 8:08:00,8.8657,30.727
10,10/13/2025 8:09:00,8.8677,30.734
11,10/13/2025 8:10:00,8.8667,30.828
12,10/13/2025 8:11:00,8.8647,30.883
13,10/13/2025 8:12:00,8.8677,30.781
14,10/13/2025 8:13:00,8.8688,30.695
15,10/13/2025 8:14:00,8.8677,30.703
16,10/13/2025 8:15:00,8.8688,30.602
17,10/13/2025 8:16:00,8.8667,30.742
18,10/13/2025 8:17:00,8.8667,30.914
19,10/13/2025 8:18:00,8.8657,31.164
20,10/13/2025 8:19:00,8.8637,31.469
21,10/13/2025 8:20:00,8.8667,31.578
22,10/13/2025 8:21:00,8.8667,31.609
23,10/13/2025 8:22:00,8.8657,31.625
24,10/13/2025 8:23:00,8.8667,31.633
25,10/13/2025 8:24:00,8.8647,31.766
26,10/13/2025 8:25:00,8.8657,31.844
27,10/13/2025 8:26:00,8.8667,31.766
28,10/13/2025 8:27:00,8.8657,31.570
29,10/13/2025 8:28:00,8.8677,31.594
30,10/13/2025 8:29:00,8.8667,31.773
31,10/13/2025 8:30:00,8.8667,31.898
32,10/13/2025 8:31:00,8.8667,31.891
33,10/13/2025 8:32:00,8.8657,32.008
34,10/13/2025 8:33:00,8.8657,32.289
35,10/13/2025 8:34:00,8.8647,32.648
36,10/13/2025 8:35:00,8.8657,32.953
37,10/13/2025 8:36:00,8.8667,32.945
38,10/13/2025 8:37:00,8.8677,32.820
39,10/13/2025 8:38:00,8.8677,32.672
40,10/13/2025 8:39:00,8.8667,32.742
41,10/13/2025 8:40:00,8.8657,32.852
42,10/13/2025 8:41:00,8.8647,32.789
43,10/13/2025 8:42:00,8.8667,32.727
44,10/13/2025 8:43:00,8.8657,32.766
45,10/13/2025 8:44:00,8.8667,32.844
46,10/13/2025 8:45:00,8.8647,32.867
47,10/13/2025 8:46:00,8.8677,32.781
48,10/13/2025 8:47:00,8.8667,32.664
49,10/13/2025 8:48:00,8.8657,32.750
50,10/13/2025 8:49:00,8.8667,32.656
51,10/13/2025 8:50:00,8.8647,32.617
52,10/13/2025 8:51:00,8.8667,32.641
53,10/13/2025 8:52:00,8.8647,32.758
54,10/13/2025 8:53:00,8.8657,32.820
55,10/13/2025 8:54:00,8.8647,32.883
56,10/13/2025 8:55:00,8.8677,32.820
57,10/13/2025 8:56:00,8.8667,32.781
58,10/13/2025 8:57:00,8.8657,32.859
59,10/13/2025 8:58:00,8.8647,33.039
60,10/13/2025 8:59:00,8.8657,33.047
61,10/13/2025 9:00:00,8.8667,32.969
62,10/13/2025 9:01:00,8.8667,32.898
63,10/13/2025 9:02:00,8.8677,32.797
64,10/13/2025 9:03:00,8.8657,32.852
65,10/13/2025 9:04:00,8.8647,33.023
66,10/13/2025 9:05:00,8.8647,33.188
67,10/13/2025 9:06:00,8.8647,33.305
68,10/13/2025 9:07:00,8.8647,33.391
69,10/13/2025 9:08:00,8.8667,33.477
70,10/13/2025 9:09:00,8.8647,33.523
71,10/13/2025 9:10:00,8.8657,33.422
72,10/13/2025 9:11:00,8.8667,33.367
73,10/13/2025 9:12:00,8.8647,33.453
74,10/13/2025 9:13:00,8.8626,33.391
75,10/13/2025 9:14:00,8.8647,33.195
76,10/13/2025 9:15:00,8.8647,33.031
77,10/13/2025 9:16:00,8.8647,32.977
78,10/13/2025 9:17:00,8.8647,33.148
79,10/13/2025 9:18:00,8.8657,33.188
80,10/13/2025 9:19:00,8.8647,33.141
81,10/13/2025 9:20:00,8.8647,32.945
82,10/13/2025 9:21:00,8.8657,32.813
83,10/13/2025 9:22:00,8.8637,32.688
84,10/13/2025 9:23:00,8.8647,32.805
85,10/13/2025 9:24:00,8.8616,33.109
86,10/13/2025 9:25:00,8.8626,33.336
87,10/13/2025 9:26:00,8.8616,33.586
88,10/13/2025 9:27:00,8.8626,33.844
89,10/13/2025 9:28:00,8.8626,33.883
90,10/13/2025 9:29:00,8.8616,34.016
91,10/13/2025 9:30:00,8.8616,34.195
92,10/13/2025 9:31:00,8.8626,34.438
93,10/13/2025 9:32:00,8.8606,34.672
94,10/13/2025 9:33:00,8.8616,34.758
95,10/13/2025 9:34:00,8.8616,34.766
96,10/13/2025 9:35:00,8.8626,34.797
97,10/13/2025 9:36:00,8.8606,34.898
98,10/13/2025 9:37:00,8.8626,34.891
99,10/13/2025 9:38:00,8.8647,34.633
100,10/13/2025 9:39:00,8.8626,34.563
101,10/13/2025 9:40:00,8.8626,34.563
102,10/13/2025 9:41:00,8.8626,34.492
103,10/13/2025 9:42:00,8.8626,34.391
104,10/13/2025 9:43:00,8.8626,34.344
105,10/13/2025 9:44:00,8.8616,34.359
106,10/13/2025 9:45:00,8.8586,34.391
107,10/13/2025 9:46:00,8.8616,34.578
108,10/13/2025 9:47:00,8.8606,34.930
109,10/13/2025 9:48:00,8.8586,35.359
110,10/13/2025 9:49:00,8.8606,35.719
111,10/13/2025 9:50:00,8.8575,36.031
112,10/13/2025 9:51:00,8.8606,36.297
113,10/13/2025 9:52:00,8.8586,36.617
114,10/13/2025 9:53:00,8.8575,36.828
115,10/13/2025 9:54:00,8.8586,37.000
116,10/13/2025 9:55:00,8.8575,37.180
117,10/13/2025 9:56:00,8.8575,37.328
118,10/13/2025 9:57:00,8.8606,37.078
119,10/13/2025 9:58:00,8.8596,36.797
120,10/13/2025 9:59:00,8.8606,36.422
121,10/13/2025 10:00:00,8.8606,36.195
122,10/13/2025 10:01:00,8.8626,35.773
123,10/13/2025 10:02:00,8.8616,35.438
124,10/13/2025 10:03:00,8.8616,35.188
125,10/13/2025 10:04:00,8.8616,34.984
126,10/13/2025 10:05:00,8.8616,34.828
127,10/13/2025 10:06:00,8.8626,34.781
128,10/13/2025 10:07:00,8.8606,34.766
129,10/13/2025 10:08:00,8.8586,34.992
130,10/13/2025 10:09:00,8.8575,35.367
131,10/13/2025 10:10:00,8.8596,35.773
132,10/13/2025 10:11:00,8.8586,36.047
133,10/13/2025 10:12:00,8.8586,36.141
134,10/13/2025 10:13:00,8.8596,36.102
135,10/13/2025 10:14:00,8.8575,36.258
136,10/13/2025 10:15:00,8.8565,36.539
137,10/13/2025 10:16:00,8.8555,36.828
138,10/13/2025 10:17:00,8.8555,37.094
139,10/13/2025 10:18:00,8.8545,37.367
140,10/13/2025 10:19:00,8.8565,37.570
141,10/13/2025 10:20:00,8.8565,37.391
142,10/13/2025 10:21:00,8.8565,37.242
143,10/13/2025 10:22:00,8.8575,37.344
144,10/13/2025 10:23:00,8.8555,37.500
145,10/13/2025 10:24:00,8.8545,37.711
146,10/13/2025 10:25:00,8.8555,37.953
147,10/13/2025 10:26:00,8.8545,37.797
148,10/13/2025 10:27:00,8.8575,37.172
149,10/13/2025 10:28:00,8.8596,36.531
150,10/13/2025 10:29:00,8.8565,36.406
151,10/13/2025 10:30:00,8.8565,36.469
152,10/13/2025 10:31:00,8.8555,36.617
153,10/13/2025 10:32:00,8.8565,36.773
154,10/13/2025 10:33:00,8.8545,36.945
155,10/13/2025 10:34:00,8.8545,36.930
156,10/13/2025 10:35:00,8.8565,36.883
157,10/13/2025 10:36:00,8.8535,36.914
158,10/13/2025 10:37:00,8.8545,36.992
159,10/13/2025 10:38:00,8.8555,37.133
160,10/13/2025 10:39:00,8.8555,37.156
161,10/13/2025 10:40:00,8.8565,36.930
162,10/13/2025 10:41:00,8.8575,36.586
163,10/13/2025 10:42:00,8.8575,36.281
164,10/13/2025 10:43:00,8.8565,35.969
165,10/13/2025 10:44:00,8.8575,35.680
166,10/13/2025 10:45:00,8.8565,35.594
167,10/13/2025 10:46:00,8.8575,35.594
168,10/13/2025 10:47:00,8.8575,35.516
169,10/13/2025 10:48:00,8.8565,35.563
170,10/13/2025 10:49:00,8.8545,35.625
171,10/13/2025 10:50:00,8.8575,35.719
172,10/13/2025 10:51:00,8.8565,35.539
173,10/13/2025 10:52:00,8.8555,35.445
174,10/13/2025 10:53:00,8.8575,35.359
175,10/13/2025 10:54:00,8.8555,35.422
176,10/13/2025 10:55:00,8.8555,35.742
177,10/13/2025 10:56:00,8.8524,36.047
178,10/13/2025 10:57:00,8.8524,36.242
179,10/13/2025 10:58:00,8.8524,36.352
180,10/13/2025 10:59:00,8.8524,36.414
181,10/13/2025 11:00:00,8.8514,36.594
182,10/13/2025 11:01:00,8.8524,36.703
183,10/13/2025 11:02:00,8.8555,36.500
184,10/13/2025 11:03:00,8.8545,36.203
185,10/13/2025 11:04:00,8.8545,36.063
186,10/13/2025 11:05:00,8.8535,36.141
187,10/13/2025 11:06:00,8.8524,36.414
188,10/13/2025 11:07:00,8.8524,36.727
189,10/13/2025 11:08:00,8.8504,37.000
190,10/13/2025 11:09:00,8.8514,37.211
191,10/13/2025 11:10:00,8.8524,37.234
192,10/13/2025 11:11:00,8.8514,37.180
193,10/13/2025 11:12:00,8.8535,37.086
194,10/13/2025 11:13:00,8.8514,37.188
195,10/13/2025 11:14:00,8.8545,37.078
196,10/13/2025 11:15:00,8.8524,37.031
197,10/13/2025 11:16:00,8.8535,37.000
198,10/13/2025 11:17:00,8.8535,36.945
199,10/13/2025 11:18:00,8.8524,36.945
200,10/13/2025 11:19:00,8.8524,36.727
201,10/13/2025 11:20:00,8.8545,36.344
202,10/13/2025 11:21:00,8.8535,36.094
203,10/13/2025 11:22:00,8.8535,35.914
204,10/13/2025 11:23:00,8.8535,35.508
205,10/13/2025 11:24:00,8.8555,35.117
206,10/13/2025 11:25:00,8.8555,34.594
207,10/13/2025 11:26:00,8.8565,34.250
208,10/13/2025 11:27:00,8.8555,33.992
209,10/13/2025 11:28:00,8.8545,33.969
210,10/13/2025 11:29:00,8.8545,34.008
211,10/13/2025 11:30:00,8.8545,34.000
212,10/13/2025 11:31:00,8.8555,33.883
213,10/13/2025 11:32:00,8.8535,33.984
214,10/13/2025 11:33:00,8.8535,34.281
215,10/13/2025 11:34:00,8.8535,34.477
216,10/13/2025 11:35:00,8.8514,34.570
217,10/13/2025 11:36:00,8.8535,34.633
218,10/13/2025 11:37:00,8.8524,34.773
219,10/13/2025 11:38:00,8.8524,34.953
220,10/13/2025 11:39:00,8.8504,35.234
221,10/13/2025 11:40:00,8.8514,35.406
222,10/13/2025 11:41:00,8.8504,35.633
223,10/13/2025 11:42:00,8.8514,35.703
224,10/13/2025 11:43:00,8.8474,35.961
225,10/13/2025 11:44:00,8.8484,36.258
226,10/13/2025 11:45:00,8.8474,36.391
227,10/13/2025 11:46:00,8.8474,36.445
228,10/13/2025 11:47:00,8.8494,36.320
229,10/13/2025 11:48:00,8.8494,36.023
230,10/13/2025 11:49:00,8.8494,35.734
231,10/13/2025 11:50:00,8.8524,35.539
232,10/13/2025 11:51:00,8.8494,35.445
233,10/13/2025 11:52:00,8.8494,35.398
234,10/13/2025 11:53:00,8.8484,35.445
235,10/13/2025 11:54:00,8.8484,35.523
236,10/13/2025 11:55:00,8.8453,35.672
237,10/13/2025 11:56:00,8.8443,35.711
238,10/13/2025 11:57:00,8.8484,35.734
239,10/13/2025 11:58:00,8.8484,35.625
240,10/13/2025 11:59:00,8.8453,35.563
241,10/13/2025 12:00:00,8.8443,35.656
242,10/13/2025 12:01:00,8.8463,35.789
243,10/13/2025 12:02:00,8.8453,35.844
244,10/13/2025 12:03:00,8.8453,35.797
245,10/13/2025 12:04:00,8.8453,35.656
246,10/13/2025 12:05:00,8.8443,35.570
247,10/13/2025 12:06:00,8.8453,35.648
248,10/13/2025 12:07:00,8.8433,35.750
249,10/13/2025 12:08:00,8.8433,35.930
250,10/13/2025 12:09:00,8.8443,35.914
251,10/13/2025 12:10:00,8.8453,35.883
252,10/13/2025 12:11:00,8.8433,35.750
253,10/13/2025 12:12:00,8.8443,35.633
254,10/13/2025 12:13:00,8.8433,35.594
255,10/13/2025 12:14:00,8.8433,35.586
256,10/13/2025 12:15:00,8.8412,35.688
257,10/13/2025 12:16:00,8.8402,35.891
258,10/13/2025 12:17:00,8.8412,36.055
259,10/13/2025 12:18:00,8.8443,36.203
260,10/13/2025 12:19:00,8.8423,36.203
261,10/13/2025 12:20:00,8.8402,36.109
262,10/13/2025 12:21:00,8.8443,35.984
263,10/13/2025 12:22:00,8.8423,35.758
264,10/13/2025 12:23:00,8.8412,35.734
265,10/13/2025 12:24:00,8.8412,35.719
266,10/13/2025 12:25:00,8.8423,35.680
267,10/13/2025 12:26:00,8.8402,35.703
268,10/13/2025 12:27:00,8.8412,35.859
269,10/13/2025 12:28:00,8.8412,35.898
270,10/13/2025 12:29:00,8.8423,35.852
271,10/13/2025 12:30:00,8.8433,35.586
272,10/13/2025 12:31:00,8.8412,35.406
273,10/13/2025 12:32:00,8.8392,35.500
274,10/13/2025 12:33:00,8.8392,35.797
275,10/13/2025 12:34:00,8.8392,35.953
276,10/13/2025 12:35:00,8.8392,35.977
277,10/13/2025 12:36:00,8.8392,35.930
278,10/13/2025 12:37:00,8.8382,35.805
279,10/13/2025 12:38:00,8.8372,35.773
280,10/13/2025 12:39:00,8.8392,35.906
281,10/13/2025 12:40:00,8.8402,35.898
282,10/13/2025 12:41:00,8.8392,35.688
283,10/13/2025 12:42:00,8.8402,35.531
284,10/13/2025 12:43:00,8.8402,35.258
285,10/13/2025 12:44:00,8.8402,34.938
286,10/13/2025 12:45:00,8.8402,34.742
287,10/13/2025 12:46:00,8.8372,34.742
288,10/13/2025 12:47:00,8.8372,34.758
289,10/13/2025 12:48:00,8.8361,34.875
290,10/13/2025 12:49:00,8.8372,35.133
291,10/13/2025 12:50:00,8.8382,35.297
292,10/13/2025 12:51:00,8.8361,35.086
293,10/13/2025 12:52:00,8.8392,34.797
294,10/13/2025 12:53:00,8.8392,34.594
295,10/13/2025 12:54:00,8.8392,34.461
296,10/13/2025 12:55:00,8.8361,34.375
297,10/13/2025 12:56:00,8.8372,34.289
298,10/13/2025 12:57:00,8.8392,34.023
299,10/13/2025 12:58:00,8.8392,33.773
300,10/13/2025 12:59:00,8.8402,33.602
301,10/13/2025 13:00:00,8.8361,33.617
302,10/13/2025 13:01:00,8.8372,33.750
303,10/13/2025 13:02:00,8.8361,33.844
304,10/13/2025 13:03:00,8.8372,33.789
305,10/13/2025 13:04:00,8.8361,33.789
306,10/13/2025 13:05:00,8.8372,33.961
307,10/13/2025 13:06:00,8.8372,34.008
308,10/13/2025 13:07:00,8.8351,34.031
309,10/13/2025 13:08:00,8.8341,34.016
310,10/13/2025 13:09:00,8.8331,34.133
311,10/13/2025 13:10:00,8.8341,34.188
312,10/13/2025 13:11:00,8.8331,34.313
313,10/13/2025 13:12:00,8.8341,34.500
314,10/13/2025 13:13:00,8.8341,34.648
315,10/13/2025 13:14:00,8.8321,34.648
316,10/13/2025 13:15:00,8.8331,34.594
317,10/13/2025 13:16:00,8.8331,34.484
318,10/13/2025 13:17:00,8.8300,34.305
319,10/13/2025 13:18:00,8.8321,34.258
320,10/13/2025 13:19:00,8.8331,34.305
321,10/13/2025 13:20:00,8.8331,34.266
322,10/13/2025 13:21:00,8.8310,34.148
323,10/13/2025 13:22:00,8.8321,34.031
324,10/13/2025 13:23:00,8.8321,34.078
325,10/13/2025 13:24:00,8.8310,34.195
326,10/13/2025 13:25:00,8.8300,34.367
327,10/13/2025 13:26:00,8.8300,34.609
328,10/13/2025 13:27:00,8.8300,34.859
329,10/13/2025 13:28:00,8.8280,35.000
330,10/13/2025 13:29:00,8.8280,35.125
331,10/13/2025 13:30:00,8.8300,35.219
332,10/13/2025 13:31:00,8.8280,35.227
333,10/13/2025 13:32:00,8.8300,35.359
334,10/13/2025 13:33:00,8.8270,35.719
335,10/13/2025 13:34:00,8.8270,35.984
336,10/13/2025 13:35:00,8.8249,36.328
337,10/13/2025 13:36:00,8.8249,36.617
338,10/13/2025 13:37:00,8.8229,36.914
339,10/13/2025 13:38:00,8.8229,37.133
340,10/13/2025 13:39:00,8.8249,37.328
341,10/13/2025 13:40:00,8.8239,37.398
342,10/13/2025 13:41:00,8.8249,37.273
343,10/13/2025 13:42:00,8.8229,37.289
344,10/13/2025 13:43:00,8.8229,37.477
345,10/13/2025 13:44:00,8.8229,37.672
346,10/13/2025 13:45:00,8.8239,37.695
347,10/13/2025 13:46:00,8.8229,37.656
348,10/13/2025 13:47:00,8.8249,37.594
349,10/13/2025 13:48:00,8.8219,37.578
350,10/13/2025 13:49:00,8.8229,37.461
351,10/13/2025 13:50:00,8.8229,37.242
352,10/13/2025 13:51:00,8.8249,36.875
353,10/13/2025 13:52:00,8.8249,36.492
354,10/13/2025 13:53:00,8.8249,36.055
355,10/13/2025 13:54:00,8.8259,35.594
356,10/13/2025 13:55:00,8.8249,35.266
357,10/13/2025 13:56:00,8.8249,35.023
358,10/13/2025 13:57:00,8.8249,34.805
359,10/13/2025 13:58:00,8.8249,34.617
360,10/13/2025 13:59:00,8.8259,34.477
361,10/13/2025 14:00:00,8.8239,34.297
362,10/13/2025 14:01:00,8.8239,34.242
363,10/13/2025 14:02:00,8.8259,34.180
364,10/13/2025 14:03:00,8.8259,34.109
365,10/13/2025 14:04:00,8.8229,34.102
366,10/13/2025 14:05:00,8.8249,34.063
367,10/13/2025 14:06:00,8.8239,34.102
368,10/13/2025 14:07:00,8.8219,34.234
369,10/13/2025 14:08:00,8.8219,34.305
370,10/13/2025 14:09:00,8.8239,34.461
371,10/13/2025 14:10:00,8.8219,34.617
372,10/13/2025 14:11:00,8.8219,34.766
373,10/13/2025 14:12:00,8.8219,34.945
374,10/13/2025 14:13:00,8.8198,34.992
375,10/13/2025 14:14:00,8.8208,35.078
376,10/13/2025 14:15:00,8.8198,35.336
377,10/13/2025 14:16:00,8.8188,35.703
378,10/13/2025 14:17:00,8.8168,35.906
379,10/13/2025 14:18:00,8.8178,36.055
380,10/13/2025 14:19:00,8.8188,36.117
381,10/13/2025 14:20:00,8.8188,36.242
382,10/13/2025 14:21:00,8.8178,36.352
383,10/13/2025 14:22:00,8.8168,36.523
384,10/13/2025 14:23:00,8.8188,36.656
385,10/13/2025 14:24:00,8.8178,36.531
386,10/13/2025 14:25:00,8.8168,36.375
387,10/13/2025 14:26:00,8.8208,36.047
388,10/13/2025 14:27:00,8.8188,35.859
389,10/13/2025 14:28:00,8.8178,35.820
390,10/13/2025 14:29:00,8.8178,35.789
391,10/13/2025 14:30:00,8.8168,35.836
392,10/13/2025 14:31:00,8.8188,35.828
393,10/13/2025 14:32:00,8.8168,35.859
394,10/13/2025 14:33:00,8.8168,35.898
395,10/13/2025 14:34:00,8.8168,36.078
396,10/13/2025 14:35:00,8.8157,36.281
397,10/13/2025 14:36:00,8.8157,36.320
398,10/13/2025 14:37:00,8.8157,36.320
399,10/13/2025 14:38:00,8.8157,36.352
400,10/13/2025 14:39:00,8.8157,36.445
401,10/13/2025 14:40:00,8.8147,36.375
402,10/13/2025 14:41:00,8.8147,36.469
403,10/13/2025 14:42:00,8.8137,36.531
404,10/13/2025 14:43:00,8.8157,36.547
405,10/13/2025 14:44:00,8.8147,36.625
406,10/13/2025 14:45:00,8.8147,36.570
407,10/13/2025 14:46:00,8.8147,36.492
408,10/13/2025 14:47:00,8.8168,36.406
409,10/13/2025 14:48:00,8.8137,36.234
410,10/13/2025 14:49:00,8.8157,36.016
411,10/13/2025 14:50:00,8.8168,35.727
412,10/13/2025 14:51:00,8.8168,35.414
413,10/13/2025 14:52:00,8.8178,35.234
414,10/13/2025 14:53:00,8.8147,35.148
415,10/13/2025 14:54:00,8.8147,35.125
416,10/13/2025 14:55:00,8.8229,35.008
417,10/13/2025 14:56:00,8.8188,34.891
418,10/13/2025 14:57:00,8.8178,34.695
419,10/13/2025 14:58:00,8.8178,34.477
420,10/13/2025 14:59:00,8.8188,34.242
421,10/13/2025 15:00:00,8.8188,34.023
422,10/13/2025 15:01:00,8.8178,33.836
423,10/13/2025 15:02:00,8.8178,33.672
424,10/13/2025 15:03:00,8.8168,33.602
425,10/13/2025 15:04:00,8.8157,33.563
426,10/13/2025 15:05:00,8.8178,33.469
427,10/13/2025 15:06:00,8.8178,33.383
428,10/13/2025 15:07:00,8.8157,33.313
429,10/13/2025 15:08:00,8.8178,33.281
430,10/13/2025 15:09:00,8.8168,33.281
431,10/13/2025 15:10:00,8.8168,33.273
432,10/13/2025 15:11:00,8.8188,33.305
433,10/13/2025 15:12:00,8.8157,33.313
434,10/13/2025 15:13:00,8.8168,33.367
435,10/13/2025 15:14:00,8.8157,33.398
436,10/13/2025 15:15:00,8.8147,33.398
437,10/13/2025 15:16:00,8.8157,33.406
438,10/13/2025 15:17:00,8.8147,33.383
439,10/13/2025 15:18:00,8.8157,33.414
440,10/13/2025 15:19:00,8.8147,33.469
441,10/13/2025 15:20:00,8.8157,33.414
442,10/13/2025 15:21:00,8.8168,33.367
443,10/13/2025 15:22:00,8.8157,33.320
444,10/13/2025 15:23:00,8.8157,33.289
445,10/13/2025 15:24:00,8.8147,33.266
446,10/13/2025 15:25:00,8.8147,33.297
447,10/13/2025 15:26:00,8.8127,33.375
448,10/13/2025 15:27:00,8.8147,33.508
449,10/13/2025 15:28:00,8.8147,33.578
450,10/13/2025 15:29:00,8.8127,33.641
451,10/13/2025 15:30:00,8.8137,33.711
452,10/13/2025 15:31:00,8.8137,33.734
453,10/13/2025 15:32:00,8.8137,33.688
454,10/13/2025 15:33:00,8.8127,33.563
455,10/13/2025 15:34:00,8.8137,33.484
456,10/13/2025 15:35:00,8.8127,33.445
457,10/13/2025 15:36:00,8.8127,33.414
458,10/13/2025 15:37:00,8.8117,33.398
459,10/13/2025 15:38:00,8.8127,33.414
460,10/13/2025 15:39:00,8.8127,33.430
461,10/13/2025 15:40:00,8.8127,33.430
462,10/13/2025 15:41:00,8.8117,33.516
463,10/13/2025 15:42:00,8.8117,33.633
464,10/13/2025 15:43:00,8.8107,33.766
465,10/13/2025 15:44:00,8.8117,33.844
466,10/13/2025 15:45:00,8.8117,33.891
467,10/13/2025 15:46:00,8.8107,33.945
468,10/13/2025 15:47:00,8.8107,34.008
469,10/13/2025 15:48:00,8.8107,34.047
470,10/13/2025 15:49:00,8.8107,34.102
471,10/13/2025 15:50:00,8.8107,34.031
472,10/13/2025 15:51:00,8.8107,33.961
473,10/13/2025 15:52:00,8.8117,33.875
474,10/13/2025 15:53:00,8.8096,33.797
475,10/13/2025 15:54:00,8.8107,33.766
476,10/13/2025 15:55:00,8.8107,33.773
477,10/13/2025 15:56:00,8.8107,33.766
478,10/13/2025 15:57:00,8.8107,33.734
479,10/13/2025 15:58:00,8.8107,33.688
480,10/13/2025 15:59:00,8.8117,33.617
481,10/13/2025 16:00:00,8.8117,33.516
482,10/13/2025 16:01:00,8.8096,33.445
483,10/13/2025 16:02:00,8.8117,33.461
484,10/13/2025 16:03:00,8.8107,33.523
485,10/13/2025 16:04:00,8.8107,33.609
486,10/13/2025 16:05:00,8.8096,33.703
487,10/13/2025 16:06:00,8.8107,33.797
488,10/13/2025 16:07:00,8.8096,33.867
489,10/13/2025 16:08:00,8.8107,33.891
490,10/13/2025 16:09:00,8.8107,33.898
491,10/13/2025 16:10:00,8.8117,33.930
492,10/13/2025 16:11:00,8.8096,33.938
493,10/13/2025 16:12:00,8.8096,33.938
494,10/13/2025 16:13:00,8.8107,33.938
495,10/13/2025 16:14:00,8.8107,33.930
496,10/13/2025 16:15:00,8.8107,33.938
497,10/13/2025 16:16:00,8.8096,33.930
498,10/13/2025 16:17:00,8.8096,33.945
499,10/13/2025 16:18:00,8.8096,33.922
500,10/13/2025 16:19:00,8.8096,33.867
501,10/13/2025 16:20:00,8.8107,33.773
502,10/13/2025 16:21:00,8.8096,33.734
503,10/13/2025 16:22:00,8.8096,33.672
504,10/13/2025 16:23:00,8.8096,33.453
505,10/13/2025 16:24:00,8.8107,33.211
506,10/13/2025 16:25:00,8.8107,32.992
507,10/13/2025 16:26:00,8.8096,32.742
508,10/13/2025 16:27:00,8.8117,32.555
509,10/13/2025 16:28:00,8.8117,32.406
510,10/13/2025 16:29:00,8.8117,32.281
511,10/13/2025 16:30:00,8.8117,32.180
512,10/13/2025 16:31:00,8.8117,32.063
513,10/13/2025 16:32:00,8.8127,31.992
514,10/13/2025 16:33:00,8.8127,31.914
515,10/13/2025 16:34:00,8.8127,31.836
516,10/13/2025 16:35:00,8.8127,31.781
517,10/13/2025 16:36:00,8.8127,31.742
518,10/13/2025 16:37:00,8.8127,31.719
519,10/13/2025 16:38:00,8.8137,31.672
520,10/13/2025 16:39:00,8.8137,31.633
521,10/13/2025 16:40:00,8.8127,31.594
522,10/13/2025 16:41:00,8.8147,31.563
523,10/13/2025 16:42:00,8.8137,31.523
524,10/13/2025 16:43:00,8.8157,31.461
525,10/13/2025 16:44:00,8.8127,31.438
526,10/13/2025 16:45:00,8.8147,31.422
527,10/13/2025 16:46:00,8.8147,31.430
528,10/13/2025 16:47:00,8.8137,31.422
529,10/13/2025 16:48:00,8.8147,31.422
530,10/13/2025 16:49:00,8.8137,31.398
531,10/13/2025 16:50:00,8.8147,31.375
532,10/13/2025 16:51:00,8.8157,31.352
533,10/13/2025 16:52:00,8.8147,31.336
534,10/13/2025 16:53:00,8.8147,31.305
535,10/13/2025 16:54:00,8.8147,31.273
536,10/13/2025 16:55:00,8.8168,31.219
537,10/13/2025 16:56:00,8.8168,31.180
538,10/13/2025 16:57:00,8.8157,31.109
539,10/13/2025 16:58:00,8.8178,31.070
540,10/13/2025 16:59:00,8.8157,31.023
541,10/13/2025 17:00:00,8.8178,30.977
542,10/13/2025 17:01:00,8.8157,30.906
543,10/13/2025 17:02:00,8.8178,30.859
544,10/13/2025 17:03:00,8.8178,30.797
545,10/13/2025 17:04:00,8.8188,30.750
546,10/13/2025 17:05:00,8.8178,30.719
547,10/13/2025 17:06:00,8.8188,30.672
548,10/13/2025 17:07:00,8.8188,30.602
549,10/13/2025 17:08:00,8.8178,30.547
550,10/13/2025 17:09:00,8.8208,30.508
551,10/13/2025 17:10:00,8.8198,30.461
552,10/13/2025 17:11:00,8.8198,30.414
553,10/13/2025 17:12:00,8.8198,30.375
554,10/13/2025 17:13:00,8.8198,30.352
555,10/13/2025 17:14:00,8.8208,30.320
556,10/13/2025 17:15:00,8.8198,30.297
557,10/13/2025 17:16:00,8.8198,30.266
558,10/13/2025 17:17:00,8.8208,30.234
559,10/13/2025 17:18:00,8.8198,30.180
560,10/13/2025 17:19:00,8.8208,30.117
561,10/13/2025 17:20:00,8.8208,30.070
562,10/13/2025 17:21:00,8.8198,30.016
563,10/13/2025 17:22:00,8.8208,29.969
564,10/13/2025 17:23:00,8.8208,29.938
565,10/13/2025 17:24:00,8.8208,29.906
566,10/13/2025 17:25:00,8.8208,29.883
567,10/13/2025 17:26:00,8.8219,29.875
568,10/13/2025 17:27:00,8.8229,29.859
569,10/13/2025 17:28:00,8.8229,29.836
570,10/13/2025 17:29:00,8.8229,29.805
571,10/13/2025 17:30:00,8.8229,29.766
572,10/13/2025 17:31:00,8.8219,29.719
573,10/13/2025 17:32:00,8.8229,29.695
574,10/13/2025 17:33:00,8.8229,29.648
575,10/13/2025 17:34:00,8.8239,29.617
576,10/13/2025 17:35:00,8.8229,29.578
577,10/13/2025 17:36:00,8.8229,29.531
578,10/13/2025 17:37:00,8.8229,29.508
579,10/13/2025 17:38:00,8.8239,29.484
580,10/13/2025 17:39:00,8.8239,29.469
581,10/13/2025 17:40:00,8.8249,29.445
582,10/13/2025 17:41:00,8.8239,29.422
583,10/13/2025 17:42:00,8.8239,29.398
584,10/13/2025 17:43:00,8.8239,29.367
585,10/13/2025 17:44:00,8.8239,29.305
586,10/13/2025 17:45:00,8.8259,29.234
587,10/13/2025 17:46:00,8.8259,29.172
588,10/13/2025 17:47:00,8.8270,29.109
589,10/13/2025 17:48:00,8.8249,29.047
590,10/13/2025 17:49:00,8.8270,28.992
591,10/13/2025 17:50:00,8.8259,28.938
592,10/13/2025 17:51:00,8.8249,28.875
593,10/13/2025 17:52:00,8.8259,28.828
594,10/13/2025 17:53:00,8.8270,28.758
595,10/13/2025 17:54:00,8.8259,28.695
596,10/13/2025 17:55:00,8.8270,28.625
597,10/13/2025 17:56:00,8.8270,28.555
598,10/13/2025 17:57:00,8.8270,28.484
599,10/13/2025 17:58:00,8.8280,28.414
600,10/13/2025 17:59:00,8.8280,28.336
601,10/13/2025 18:00:00,8.8270,28.242
602,10/13/2025 18:01:00,8.8270,28.148
603,10/13/2025 18:02:00,8.8280,28.055
604,10/13/2025 18:03:00,8.8270,27.984
605,10/13/2025 18:04:00,8.8280,27.914
606,10/13/2025 18:05:00,8.8270,27.852
607,10/13/2025 18:06:00,8.8280,27.781
608,10/13/2025 18:07:00,8.8280,27.711
609,10/13/2025 18:08:00,8.8290,27.641
610,10/13/2025 18:09:00,8.8290,27.563
611,10/13/2025 18:10:00,8.8290,27.492
612,10/13/2025 18:11:00,8.8290,27.414
613,10/13/2025 18:12:00,8.8300,27.336
614,10/13/2025 18:13:00,8.8290,27.258
615,10/13/2025 18:14:00,8.8310,27.172
616,10/13/2025 18:15:00,8.8310,27.086
617,10/13/2025 18:16:00,8.8300,27.008
618,10/13/2025 18:17:00,8.8310,26.922
619,10/13/2025 18:18:00,8.8300,26.859
620,10/13/2025 18:19:00,8.8310,26.789
621,10/13/2025 18:20:00,8.8300,26.734
622,10/13/2025 18:21:00,8.8300,26.664
623,10/13/2025 18:22:00,8.8321,26.602
624,10/13/2025 18:23:00,8.8310,26.523
625,10/13/2025 18:24:00,8.8331,26.438
626,10/13/2025 18:25:00,8.8321,26.359
627,10/13/2025 18:26:00,8.8321,26.273
628,10/13/2025 18:27:00,8.8331,26.203
629,10/13/2025 18:28:00,8.8331,26.133
630,10/13/2025 18:29:00,8.8341,26.078
631,10/13/2025 18:30:00,8.8341,26.016
632,10/13/2025 18:31:00,8.8351,25.961
633,10/13/2025 18:32:00,8.8341,25.906
634,10/13/2025 18:33:00,8.8341,25.852
635,10/13/2025 18:34:00,8.8351,25.805
636,10/13/2025 18:35:00,8.8341,25.750
637,10/13/2025 18:36:00,8.8351,25.695
638,10/13/2025 18:37:00,8.8351,25.633
639,10/13/2025 18:38:00,8.8351,25.578
640,10/13/2025 18:39:00,8.8361,25.523
641,10/13/2025 18:40:00,8.8361,25.461
642,10/13/2025 18:41:00,8.8361,25.406
643,10/13/2025 18:42:00,8.8361,25.359
644,10/13/2025 18:43:00,8.8361,25.313
645,10/13/2025 18:44:00,8.8372,25.258
646,10/13/2025 18:45:00,8.8361,25.195
647,10/13/2025 18:46:00,8.8372,25.133
648,10/13/2025 18:47:00,8.8382,25.070
649,10/13/2025 18:48:00,8.8382,25.023
650,10/13/2025 18:49:00,8.8392,24.961
651,10/13/2025 18:50:00,8.8382,24.914
652,10/13/2025 18:51:00,8.8392,24.859
653,10/13/2025 18:52:00,8.8392,24.813
654,10/13/2025 18:53:00,8.8392,24.766
655,10/13/2025 18:54:00,8.8392,24.734
656,10/13/2025 18:55:00,8.8402,24.703
657,10/13/2025 18:56:00,8.8402,24.664
658,10/13/2025 18:57:00,8.8412,24.625
659,10/13/2025 18:58:00,8.8402,24.602
660,10/13/2025 18:59:00,8.8412,24.570
661,10/13/2025 19:00:00,8.8412,24.547
662,10/13/2025 19:01:00,8.8412,24.508
663,10/13/2025 19:02:00,8.8412,24.469
664,10/13/2025 19:03:00,8.8412,24.430
665,10/13/2025 19:04:00,8.8433,24.391
666,10/13/2025 19:05:00,8.8423,24.359
667,10/13/2025 19:06:00,8.8433,24.328
668,10/13/2025 19:07:00,8.8433,24.305
669,10/13/2025 19:08:00,8.8433,24.273
670,10/13/2025 19:09:00,8.8433,24.242
671,10/13/2025 19:10:00,8.8443,24.203
672,10/13/2025 19:11:00,8.8433,24.172
673,10/13/2025 19:12:00,8.8443,24.141
674,10/13/2025 19:13:00,8.8443,24.117
675,10/13/2025 19:14:00,8.8443,24.086
676,10/13/2025 19:15:00,8.8443,24.063
677,10/13/2025 19:16:00,8.8443,24.039
678,10/13/2025 19:17:00,8.8453,24.008
679,10/13/2025 19:18:00,8.8453,23.977
680,10/13/2025 19:19:00,8.8453,23.930
681,10/13/2025 19:20:00,8.8463,23.898
682,10/13/2025 19:21:00,8.8463,23.859
683,10/13/2025 19:22:00,8.8463,23.820
684,10/13/2025 19:23:00,8.8463,23.789
685,10/13/2025 19:24:00,8.8463,23.766
686,10/13/2025 19:25:00,8.8453,23.750
687,10/13/2025 19:26:00,8.8463,23.734
688,10/13/2025 19:27:00,8.8474,23.727
689,10/13/2025 19:28:00,8.8474,23.711
690,10/13/2025 19:29:00,8.8463,23.688
691,10/13/2025 19:30:00,8.8474,23.664
692,10/13/2025 19:31:00,8.8474,23.641
693,10/13/2025 19:32:00,8.8474,23.625
694,10/13/2025 19:33:00,8.8474,23.594
695,10/13/2025 19:34:00,8.8484,23.563
696,10/13/2025 19:35:00,8.8474,23.539
697,10/13/2025 19:36:00,8.8484,23.508
698,10/13/2025 19:37:00,8.8484,23.477
699,10/13/2025 19:38:00,8.8484,23.445
700,10/13/2025 19:39:00,8.8494,23.414
701,10/13/2025 19:40:00,8.8494,23.391
702,10/13/2025 19:41:00,8.8494,23.383
703,10/13/2025 19:42:00,8.8494,23.367
704,10/13/2025 19:43:00,8.8504,23.344
705,10/13/2025 19:44:00,8.8504,23.320
706,10/13/2025 19:45:00,8.8504,23.297
707,10/13/2025 19:46:00,8.8504,23.273
708,10/13/2025 19:47:00,8.8514,23.258
709,10/13/2025 19:48:00,8.8514,23.250
710,10/13/2025 19:49:00,8.8504,23.242
711,10/13/2025 19:50:00,8.8504,23.234
712,10/13/2025 19:51:00,8.8504,23.234
713,10/13/2025 19:52:00,8.8514,23.227
714,10/13/2025 19:53:00,8.8514,23.211
715,10/13/2025 19:54:00,8.8524,23.211
716,10/13/2025 19:55:00,8.8514,23.195
717,10/13/2025 19:56:00,8.8504,23.195
718,10/13/2025 19:57:00,8.8524,23.188
719,10/13/2025 19:58:00,8.8524,23.180
720,10/13/2025 19:59:00,8.8514,23.180
721,10/13/2025 20:00:00,8.8524,23.188
722,10/13/2025 20:01:00,8.8524,23.172
723,10/13/2025 20:02:00,8.8535,23.164
724,10/13/2025 20:03:00,8.8514,23.156
725,10/13/2025 20:04:00,8.8524,23.148
726,10/13/2025 20:05:00,8.8524,23.141
727,10/13/2025 20:06:00,8.8535,23.125
728,10/13/2025 20:07:00,8.8535,23.109
729,10/13/2025 20:08:00,8.8535,23.102
730,10/13/2025 20:09:00,8.8535,23.070
731,10/13/2025 20:10:00,8.8545,23.055
732,10/13/2025 20:11:00,8.8535,23.031
733,10/13/2025 20:12:00,8.8535,23.016
734,10/13/2025 20:13:00,8.8545,22.984
735,10/13/2025 20:14:00,8.8535,22.969
736,10/13/2025 20:15:00,8.8535,22.945
737,10/13/2025 20:16:00,8.8535,22.922
738,10/13/2025 20:17:00,8.8545,22.898
739,10/13/2025 20:18:00,8.8545,22.875
740,10/13/2025 20:19:00,8.8545,22.844
741,10/13/2025 20:20:00,8.8555,22.820
742,10/13/2025 20:21:00,8.8545,22.797
743,10/13/2025 20:22:00,8.8545,22.781
744,10/13/2025 20:23:00,8.8555,22.758
745,10/13/2025 20:24:00,8.8555,22.750
746,10/13/2025 20:25:00,8.8555,22.742
747,10/13/2025 20:26:00,8.8555,22.734
748,10/13/2025 20:27:00,8.8555,22.734
749,10/13/2025 20:28:00,8.8555,22.719
750,10/13/2025 20:29:00,8.8555,22.703
751,10/13/2025 20:30:00,8.8555,22.688
752,10/13/2025 20:31:00,8.8565,22.672
753,10/13/2025 20:32:00,8.8555,22.648
754,10/13/2025 20:33:00,8.8565,22.625
755,10/13/2025 20:34:00,8.8565,22.609
756,10/13/2025 20:35:00,8.8565,22.594
757,10/13/2025 20:36:00,8.8565,22.578
758,10/13/2025 20:37:00,8.8565,22.570
759,10/13/2025 20:38:00,8.8575,22.547
760,10/13/2025 20:39:00,8.8575,22.523
761,10/13/2025 20:40:00,8.8565,22.516
762,10/13/2025 20:41:00,8.8575,22.492
763,10/13/2025 20:42:00,8.8565,22.469
764,10/13/2025 20:43:00,8.8575,22.445
765,10/13/2025 20:44:00,8.8575,22.422
766,10/13/2025 20:45:00,8.8586,22.398
767,10/13/2025 20:46:00,8.8586,22.367
768,10/13/2025 20:47:00,8.8586,22.352
769,10/13/2025 20:48:00,8.8586,22.328
770,10/13/2025 20:49:00,8.8586,22.305
771,10/13/2025 20:50:00,8.8586,22.281
772,10/13/2025 20:51:00,8.8596,22.266
773,10/13/2025 20:52:00,8.8586,22.250
774,10/13/2025 20:53:00,8.8586,22.234
775,10/13/2025 20:54:00,8.8596,22.219
776,10/13/2025 20:55:00,8.8596,22.195
777,10/13/2025 20:56:00,8.8606,22.164
778,10/13/2025 20:57:00,8.8606,22.148
779,10/13/2025 20:58:00,8.8606,22.125
780,10/13/2025 20:59:00,8.8606,22.109
781,10/13/2025 21:00:00,8.8616,22.086
782,10/13/2025 21:01:00,8.8626,22.070
783,10/13/2025 21:02:00,8.8616,22.047
784,10/13/2025 21:03:00,8.8626,22.031
785,10/13/2025 21:04:00,8.8626,22.016
786,10/13/2025 21:05:00,8.8626,22.016
787,10/13/2025 21:06:00,8.8626,22.023
788,10/13/2025 21:07:00,8.8626,22.078
789,10/13/2025 21:08:00,8.8616,22.195
790,10/13/2025 21:09:00,8.8616,22.313
791,10/13/2025 21:10:00,8.8626,22.367
792,10/13/2025 21:11:00,8.8626,22.391
793,10/13/2025 21:12:00,8.8626,22.406
794,10/13/2025 21:13:00,8.8637,22.477
795,10/13/2025 21:14:00,8.8637,22.578
796,10/13/2025 21:15:00,8.8626,22.695
797,10/13/2025 21:16:00,8.8616,22.820
798,10/13/2025 21:17:00,8.8626,22.922
799,10/13/2025 21:18:00,8.8637,23.023
800,10/13/2025 21:19:00,8.8637,23.125
801,10/13/2025 21:20:00,8.8626,23.211
802,10/13/2025 21:21:00,8.8637,23.281
803,10/13/2025 21:22:00,8.8637,23.336
804,10/13/2025 21:23:00,8.8637,23.398
805,10/13/2025 21:24:00,8.8637,23.430
806,10/13/2025 21:25:00,8.8637,23.469
807,10/13/2025 21:26:00,8.8626,23.484
808,10/13/2025 21:27:00,8.8637,23.523
809,10/13/2025 21:28:00,8.8637,23.555
810,10/13/2025 21:29:00,8.8637,23.563
811,10/13/2025 21:30:00,8.8647,23.563
812,10/13/2025 21:31:00,8.8657,23.547
813,10/13/2025 21:32:00,8.8657,23.516
814,10/13/2025 21:33:00,8.8667,23.492
815,10/13/2025 21:34:00,8.8667,23.484
816,10/13/2025 21:35:00,8.8667,23.492
817,10/13/2025 21:36:00,8.8667,23.508
818,10/13/2025 21:37:00,8.8667,23.578
819,10/13/2025 21:38:00,8.8677,23.633
820,10/13/2025 21:39:00,8.8677,23.680
821,10/13/2025 21:40:00,8.8677,23.711
822,10/13/2025 21:41:00,8.8677,23.711
823,10/13/2025 21:42:00,8.8677,23.703
824,10/13/2025 21:43:00,8.8677,23.695
825,10/13/2025 21:44:00,8.8677,23.672
826,10/13/2025 21:45:00,8.8688,23.672
827,10/13/2025 21:46:00,8.8677,23.656
828,10/13/2025 21:47:00,8.8677,23.648
829,10/13/2025 21:48:00,8.8677,23.625
830,10/13/2025 21:49:00,8.8677,23.617
831,10/13/2025 21:50:00,8.8698,23.609
832,10/13/2025 21:51:00,8.8688,23.594
833,10/13/2025 21:52:00,8.8698,23.578
834,10/13/2025 21:53:00,8.8698,23.570
835,10/13/2025 21:54:00,8.8698,23.547
836,10/13/2025 21:55:00,8.8698,23.531
837,10/13/2025 21:56:00,8.8688,23.508
838,10/13/2025 21:57:00,8.8688,23.477
839,10/13/2025 21:58:00,8.8688,23.453
840,10/13/2025 21:59:00,8.8698,23.414
841,10/13/2025 22:00:00,8.8688,23.383
842,10/13/2025 22:01:00,8.8698,23.344
843,10/13/2025 22:02:00,8.8698,23.328
844,10/13/2025 22:03:00,8.8698,23.305
845,10/13/2025 22:04:00,8.8698,23.281
846,10/13/2025 22:05:00,8.8698,23.266
847,10/13/2025 22:06:00,8.8698,23.242
848,10/13/2025 22:07:00,8.8698,23.234
849,10/13/2025 22:08:00,8.8708,23.203
850,10/13/2025 22:09:00,8.8698,23.188
851,10/13/2025 22:10:00,8.8698,23.164
852,10/13/2025 22:11:00,8.8708,23.125
853,10/13/2025 22:12:00,8.8698,23.102
854,10/13/2025 22:13:00,8.8708,23.078
855,10/13/2025 22:14:00,8.8718,23.063
856,10/13/2025 22:15:00,8.8708,23.039
857,10/13/2025 22:16:00,8.8718,23.016
858,10/13/2025 22:17:00,8.8708,22.992
859,10/13/2025 22:18:00,8.8708,22.977
860,10/13/2025 22:19:00,8.8708,22.953
861,10/13/2025 22:20:00,8.8708,22.938
862,10/13/2025 22:21:00,8.8698,22.914
863,10/13/2025 22:22:00,8.8698,22.891
864,10/13/2025 22:23:00,8.8708,22.891
865,10/13/2025 22:24:00,8.8698,22.883
866,10/13/2025 22:25:00,8.8698,22.867
867,10/13/2025 22:26:00,8.8708,22.859
868,10/13/2025 22:27:00,8.8698,22.844
869,10/13/2025 22:28:00,8.8708,22.828
870,10/13/2025 22:29:00,8.8708,22.820
871,10/13/2025 22:30:00,8.8708,22.805
872,10/13/2025 22:31:00,8.8698,22.797
873,10/13/2025 22:32:00,8.8708,22.773
874,10/13/2025 22:33:00,8.8718,22.750
875,10/13/2025 22:34:00,8.8718,22.727
876,10/13/2025 22:35:00,8.8708,22.688
877,10/13/2025 22:36:00,8.8708,22.664
878,10/13/2025 22:37:00,8.8718,22.633
879,10/13/2025 22:38:00,8.8718,22.609
880,10/13/2025 22:39:00,8.8718,22.586
881,10/13/2025 22:40:00,8.8718,22.570
882,10/13/2025 22:41:00,8.8708,22.563
883,10/13/2025 22:42:00,8.8708,22.555
884,10/13/2025 22:43:00,8.8708,22.531
885,10/13/2025 22:44:00,8.8698,22.508
886,10/13/2025 22:45:00,8.8708,22.477
887,10/13/2025 22:46:00,8.8708,22.445
888,10/13/2025 22:47:00,8.8718,22.414
889,10/13/2025 22:48:00,8.8708,22.383
890,10/13/2025 22:49:00,8.8708,22.352
891,10/13/2025 22:50:00,8.8718,22.328
892,10/13/2025 22:51:00,8.8708,22.297
893,10/13/2025 22:52:00,8.8718,22.258
894,10/13/2025 22:53:00,8.8728,22.219
895,10/13/2025 22:54:00,8.8728,22.195
896,10/13/2025 22:55:00,8.8728,22.164
897,10/13/2025 22:56:00,8.8718,22.141
898,10/13/2025 22:57:00,8.8728,22.102
899,10/13/2025 22:58:00,8.8728,22.070
900,10/13/2025 22:59:00,8.8728,22.023
901,10/13/2025 23:00:00,8.8728,21.992
902,10/13/2025 23:01:00,8.8718,21.953
903,10/13/2025 23:02:00,8.8718,21.930
904,10/13/2025 23:03:00,8.8718,21.883
905,10/13/2025 23:04:00,8.8718,21.844
906,10/13/2025 23:05:00,8.8718,21.813
907,10/13/2025 23:06:00,8.8718,21.789
908,10/13/2025 23:07:00,8.8728,21.758
909,10/13/2025 23:08:00,8.8718,21.727
910,10/13/2025 23:09:00,8.8728,21.688
911,10/13/2025 23:10:00,8.8728,21.656
912,10/13/2025 23:11:00,8.8718,21.602
913,10/13/2025 23:12:00,8.8728,21.563
914,10/13/2025 23:13:00,8.8739,21.523
915,10/13/2025 23:14:00,8.8728,21.484
916,10/13/2025 23:15:00,8.8739,21.453
917,10/13/2025 23:16:00,8.8728,21.414
918,10/13/2025 23:17:00,8.8728,21.383
919,10/13/2025 23:18:00,8.8739,21.352
920,10/13/2025 23:19:00,8.8728,21.313
921,10/13/2025 23:20:00,8.8728,21.289
922,10/13/2025 23:21:00,8.8728,21.266
923,10/13/2025 23:22:00,8.8739,21.242
924,10/13/2025 23:23:00,8.8728,21.227
925,10/13/2025 23:24:00,8.8739,21.203
926,10/13/2025 23:25:00,8.8728,21.180
927,10/13/2025 23:26:00,8.8728,21.156
928,10/13/2025 23:27:00,8.8728,21.117
929,10/13/2025 23:28:00,8.8739,21.086
930,10/13/2025 23:29:00,8.8728,21.055
931,10/13/2025 23:30:00,8.8739,21.031
932,10/13/2025 23:31:00,8.8728,21.016
933,10/13/2025 23:32:00,8.8728,21.000
934,10/13/2025 23:33:00,8.8739,20.984
935,10/13/2025 23:34:00,8.8728,20.961
936,10/13/2025 23:35:00,8.8728,20.945
937,10/13/2025 23:36:00,8.8728,20.914
938,10/13/2025 23:37:00,8.8728,20.898
939,10/13/2025 23:38:00,8.8739,20.875
940,10/13/2025 23:39:00,8.8739,20.859
941,10/13/2025 23:40:00,8.8728,20.820
942,10/13/2025 23:41:00,8.8739,20.781
943,10/13/2025 23:42:00,8.8749,20.750
944,10/13/2025 23:43:00,8.8739,20.719
945,10/13/2025 23:44:00,8.8739,20.664
946,10/13/2025 23:45:00,8.8739,20.617
947,10/13/2025 23:46:00,8.8739,20.563
948,10/13/2025 23:47:00,8.8749,20.508
949,10/13/2025 23:48:00,8.8739,20.453
950,10/13/2025 23:49:00,8.8739,20.398
951,10/13/2025 23:50:00,8.8739,20.328
952,10/13/2025 23:51:00,8.8739,20.258
953,10/13/2025 23:52:00,8.8739,20.188
954,10/13/2025 23:53:00,8.8739,20.125
955,10/13/2025 23:54:00,8.8739,20.055
956,10/13/2025 23:55:00,8.8728,20.008
957,10/13/2025 23:56:00,8.8739,19.953
958,10/13/2025 23:57:00,8.8739,19.906
959,10/13/2025 23:58:00,8.8728,19.867
960,10/13/2025 23:59:00,8.8739,19.836
961,10/14/2025 0:00:00,8.8739,19.813
962,10/14/2025 0:01:00,8.8728,19.781
963,10/14/2025 0:02:00,8.8728,19.734
964,10/14/2025 0:03:00,8.8739,19.688
965,10/14/2025 0:04:00,8.8728,19.641
966,10/14/2025 0:05:00,8.8728,19.586
967,10/14/2025 0:06:00,8.8728,19.570
968,10/14/2025 0:07:00,8.8728,19.547
969,10/14/2025 0:08:00,8.8728,19.523
970,10/14/2025 0:09:00,8.8728,19.508
971,10/14/2025 0:10:00,8.8718,19.508
972,10/14/2025 0:11:00,8.8728,19.492
973,10/14/2025 0:12:00,8.8739,19.492
974,10/14/2025 0:13:00,8.8728,19.461
975,10/14/2025 0:14:00,8.8728,19.438
976,10/14/2025 0:15:00,8.8728,19.406
977,10/14/2025 0:16:00,8.8728,19.383
978,10/14/2025 0:17:00,8.8739,19.359
979,10/14/2025 0:18:00,8.8739,19.336
980,10/14/2025 0:19:00,8.8728,19.313
981,10/14/2025 0:20:00,8.8728,19.281
982,10/14/2025 0:21:00,8.8739,19.258
983,10/14/2025 0:22:00,8.8739,19.234
984,10/14/2025 0:23:00,8.8739,19.227
985,10/14/2025 0:24:00,8.8739,19.227
986,10/14/2025 0:25:00,8.8739,19.227
987,10/14/2025 0:26:00,8.8739,19.203
988,10/14/2025 0:27:00,8.8728,19.172
989,10/14/2025 0:28:00,8.8739,19.148
990,10/14/2025 0:29:00,8.8739,19.102
991,10/14/2025 0:30:00,8.8749,19.055
992,10/14/2025 0:31:00,8.8749,19.008
993,10/14/2025 0:32:00,8.8749,18.969
994,10/14/2025 0:33:00,8.8749,18.938
995,10/14/2025 0:34:00,8.8749,18.906
996,10/14/2025 0:35:00,8.8749,18.883
997,10/14/2025 0:36:00,8.8739,18.852
998,10/14/2025 0:37:00,8.8749,18.820
999,10/14/2025 0:38:00,8.8749,18.797
"1,000",10/14/2025 0:39:00,8.8739,18.766
"1,001",10/14/2025 0:40:00,8.8749,18.727
"1,002",10/14/2025 0:41:00,8.8759,18.688
"1,003",10/14/2025 0:42:00,8.8749,18.664
"1,004",10/14/2025 0:43:00,8.8749,18.625
"1,005",10/14/2025 0:44:00,8.8749,18.602
"1,006",10/14/2025 0:45:00,8.8759,18.570
"1,007",10/14/2025 0:46:00,8.8749,18.539
"1,008",10/14/2025 0:47:00,8.8749,18.500
"1,009",10/14/2025 0:48:00,8.8749,18.461
"1,010",10/14/2025 0:49:00,8.8749,18.438
"1,011",10/14/2025 0:50:00,8.8749,18.398
"1,012",10/14/2025 0:51:00,8.8749,18.359
"1,013",10/14/2025 0:52:00,8.8749,18.328
"1,014",10/14/2025 0:53:00,8.8749,18.305
"1,015",10/14/2025 0:54:00,8.8749,18.266
"1,016",10/14/2025 0:55:00,8.8749,18.242
"1,017",10/14/2025 0:56:00,8.8749,18.203
"1,018",10/14/2025 0:57:00,8.8759,18.180
"1,019",10/14/2025 0:58:00,8.8749,18.141
"1,020",10/14/2025 0:59:00,8.8749,18.102
"1,021",10/14/2025 1:00:00,8.8749,18.063
"1,022",10/14/2025 1:01:00,8.8749,18.031
"1,023",10/14/2025 1:02:00,8.8749,18.000
"1,024",10/14/2025 1:03:00,8.8749,17.984
"1,025",10/14/2025 1:04:00,8.8759,17.969
"1,026",10/14/2025 1:05:00,8.8749,17.945
"1,027",10/14/2025 1:06:00,8.8759,17.930
"1,028",10/14/2025 1:07:00,8.8769,17.906
"1,029",10/14/2025 1:08:00,8.8769,17.883
"1,030",10/14/2025 1:09:00,8.8769,17.859
"1,031",10/14/2025 1:10:00,8.8790,17.844
"1,032",10/14/2025 1:11:00,8.8769,17.828
"1,033",10/14/2025 1:12:00,8.8779,17.805
"1,034",10/14/2025 1:13:00,8.8779,17.789
"1,035",10/14/2025 1:14:00,8.8779,17.766
"1,036",10/14/2025 1:15:00,8.8769,17.750
"1,037",10/14/2025 1:16:00,8.8779,17.727
"1,038",10/14/2025 1:17:00,8.8759,17.703
"1,039",10/14/2025 1:18:00,8.8769,17.688
"1,040",10/14/2025 1:19:00,8.8759,17.672
"1,041",10/14/2025 1:20:00,8.8769,17.656
"1,042",10/14/2025 1:21:00,8.8759,17.664
"1,043",10/14/2025 1:22:00,8.8769,17.672
"1,044",10/14/2025 1:23:00,8.8759,17.672
"1,045",10/14/2025 1:24:00,8.8759,17.672
"1,046",10/14/2025 1:25:00,8.8749,17.656
"1,047",10/14/2025 1:26:00,8.8749,17.641
"1,048",10/14/2025 1:27:00,8.8749,17.617
"1,049",10/14/2025 1:28:00,8.8759,17.586
"1,050",10/14/2025 1:29:00,8.8759,17.563
"1,051",10/14/2025 1:30:00,8.8749,17.547
"1,052",10/14/2025 1:31:00,8.8759,17.539
"1,053",10/14/2025 1:32:00,8.8759,17.547
"1,054",10/14/2025 1:33:00,8.8759,17.531
"1,055",10/14/2025 1:34:00,8.8759,17.523
"1,056",10/14/2025 1:35:00,8.8759,17.508
"1,057",10/14/2025 1:36:00,8.8759,17.492
"1,058",10/14/2025 1:37:00,8.8759,17.492
"1,059",10/14/2025 1:38:00,8.8759,17.484
"1,060",10/14/2025 1:39:00,8.8759,17.469
"1,061",10/14/2025 1:40:00,8.8759,17.453
"1,062",10/14/2025 1:41:00,8.8749,17.438
"1,063",10/14/2025 1:42:00,8.8749,17.422
"1,064",10/14/2025 1:43:00,8.8759,17.406
"1,065",10/14/2025 1:44:00,8.8739,17.398
"1,066",10/14/2025 1:45:00,8.8749,17.406
"1,067",10/14/2025 1:46:00,8.8749,17.398
"1,068",10/14/2025 1:47:00,8.8749,17.391
"1,069",10/14/2025 1:48:00,8.8739,17.391
"1,070",10/14/2025 1:49:00,8.8749,17.383
"1,071",10/14/2025 1:50:00,8.8749,17.367
"1,072",10/14/2025 1:51:00,8.8739,17.359
"1,073",10/14/2025 1:52:00,8.8739,17.359
"1,074",10/14/2025 1:53:00,8.8749,17.352
"1,075",10/14/2025 1:54:00,8.8739,17.352
"1,076",10/14/2025 1:55:00,8.8739,17.344
"1,077",10/14/2025 1:56:00,8.8749,17.336
"1,078",10/14/2025 1:57:00,8.8739,17.336
"1,079",10/14/2025 1:58:00,8.8739,17.328
"1,080",10/14/2025 1:59:00,8.8739,17.328
"1,081",10/14/2025 2:00:00,8.8739,17.344
"1,082",10/14/2025 2:01:00,8.8728,17.359
"1,083",10/14/2025 2:02:00,8.8739,17.375
"1,084",10/14/2025 2:03:00,8.8739,17.391
"1,085",10/14/2025 2:04:00,8.8739,17.391
"1,086",10/14/2025 2:05:00,8.8728,17.391
"1,087",10/14/2025 2:06:00,8.8739,17.391
"1,088",10/14/2025 2:07:00,8.8739,17.383
"1,089",10/14/2025 2:08:00,8.8728,17.367
"1,090",10/14/2025 2:09:00,8.8739,17.352
"1,091",10/14/2025 2:10:00,8.8739,17.336
"1,092",10/14/2025 2:11:00,8.8739,17.320
"1,093",10/14/2025 2:12:00,8.8739,17.305
"1,094",10/14/2025 2:13:00,8.8739,17.289
"1,095",10/14/2025 2:14:00,8.8739,17.273
"1,096",10/14/2025 2:15:00,8.8739,17.258
"1,097",10/14/2025 2:16:00,8.8739,17.250
"1,098",10/14/2025 2:17:00,8.8739,17.234
"1,099",10/14/2025 2:18:00,8.8739,17.227
"1,100",10/14/2025 2:19:00,8.8728,17.211
"1,101",10/14/2025 2:20:00,8.8718,17.203
"1,102",10/14/2025 2:21:00,8.8728,17.180
"1,103",10/14/2025 2:22:00,8.8728,17.180
"1,104",10/14/2025 2:23:00,8.8728,17.172
"1,105",10/14/2025 2:24:00,8.8728,17.156
"1,106",10/14/2025 2:25:00,8.8728,17.156
"1,107",10/14/2025 2:26:00,8.8728,17.148
"1,108",10/14/2025 2:27:00,8.8718,17.133
"1,109",10/14/2025 2:28:00,8.8728,17.133
"1,110",10/14/2025 2:29:00,8.8718,17.109
"1,111",10/14/2025 2:30:00,8.8728,17.094
"1,112",10/14/2025 2:31:00,8.8718,17.070
"1,113",10/14/2025 2:32:00,8.8728,17.047
"1,114",10/14/2025 2:33:00,8.8728,17.023
"1,115",10/14/2025 2:34:00,8.8728,17.008
"1,116",10/14/2025 2:35:00,8.8728,17.008
"1,117",10/14/2025 2:36:00,8.8718,17.000
"1,118",10/14/2025 2:37:00,8.8728,16.984
"1,119",10/14/2025 2:38:00,8.8728,16.977
"1,120",10/14/2025 2:39:00,8.8728,16.969
"1,121",10/14/2025 2:40:00,8.8728,16.945
"1,122",10/14/2025 2:41:00,8.8728,16.930
"1,123",10/14/2025 2:42:00,8.8728,16.922
"1,124",10/14/2025 2:43:00,8.8728,16.906
"1,125",10/14/2025 2:44:00,8.8728,16.898
"1,126",10/14/2025 2:45:00,8.8728,16.883
"1,127",10/14/2025 2:46:00,8.8728,16.867
"1,128",10/14/2025 2:47:00,8.8728,16.859
"1,129",10/14/2025 2:48:00,8.8718,16.844
"1,130",10/14/2025 2:49:00,8.8718,16.828
"1,131",10/14/2025 2:50:00,8.8718,16.820
"1,132",10/14/2025 2:51:00,8.8718,16.813
"1,133",10/14/2025 2:52:00,8.8728,16.805
"1,134",10/14/2025 2:53:00,8.8718,16.797
"1,135",10/14/2025 2:54:00,8.8718,16.781
"1,136",10/14/2025 2:55:00,8.8718,16.789
"1,137",10/14/2025 2:56:00,8.8718,16.789
"1,138",10/14/2025 2:57:00,8.8718,16.789
"1,139",10/14/2025 2:58:00,8.8718,16.789
"1,140",10/14/2025 2:59:00,8.8708,16.766
"1,141",10/14/2025 3:00:00,8.8718,16.758
"1,142",10/14/2025 3:01:00,8.8718,16.742
"1,143",10/14/2025 3:02:00,8.8718,16.734
"1,144",10/14/2025 3:03:00,8.8708,16.719
"1,145",10/14/2025 3:04:00,8.8708,16.719
"1,146",10/14/2025 3:05:00,8.8708,16.727
"1,147",10/14/2025 3:06:00,8.8708,16.711
"1,148",10/14/2025 3:07:00,8.8718,16.695
"1,149",10/14/2025 3:08:00,8.8708,16.672
"1,150",10/14/2025 3:09:00,8.8718,16.656
"1,151",10/14/2025 3:10:00,8.8718,16.656
"1,152",10/14/2025 3:11:00,8.8718,16.648
"1,153",10/14/2025 3:12:00,8.8718,16.641
"1,154",10/14/2025 3:13:00,8.8718,16.633
"1,155",10/14/2025 3:14:00,8.8718,16.617
"1,156",10/14/2025 3:15:00,8.8718,16.594
"1,157",10/14/2025 3:16:00,8.8728,16.563
"1,158",10/14/2025 3:17:00,8.8718,16.547
"1,159",10/14/2025 3:18:00,8.8718,16.531
"1,160",10/14/2025 3:19:00,8.8718,16.508
"1,161",10/14/2025 3:20:00,8.8728,16.484
"1,162",10/14/2025 3:21:00,8.8718,16.469
"1,163",10/14/2025 3:22:00,8.8728,16.453
"1,164",10/14/2025 3:23:00,8.8718,16.422
"1,165",10/14/2025 3:24:00,8.8718,16.391
"1,166",10/14/2025 3:25:00,8.8718,16.359
"1,167",10/14/2025 3:26:00,8.8718,16.320
"1,168",10/14/2025 3:27:00,8.8718,16.281
"1,169",10/14/2025 3:28:00,8.8728,16.258
"1,170",10/14/2025 3:29:00,8.8728,16.227
"1,171",10/14/2025 3:30:00,8.8728,16.211
"1,172",10/14/2025 3:31:00,8.8728,16.180
"1,173",10/14/2025 3:32:00,8.8739,16.141
"1,174",10/14/2025 3:33:00,8.8749,16.094
"1,175",10/14/2025 3:34:00,8.8728,16.055
"1,176",10/14/2025 3:35:00,8.8739,16.016
"1,177",10/14/2025 3:36:00,8.8739,15.992
"1,178",10/14/2025 3:37:00,8.8739,15.969
"1,179",10/14/2025 3:38:00,8.8739,15.945
"1,180",10/14/2025 3:39:00,8.8739,15.930
"1,181",10/14/2025 3:40:00,8.8749,15.914
"1,182",10/14/2025 3:41:00,8.8739,15.891
"1,183",10/14/2025 3:42:00,8.8749,15.867
"1,184",10/14/2025 3:43:00,8.8749,15.836
"1,185",10/14/2025 3:44:00,8.8739,15.820
"1,186",10/14/2025 3:45:00,8.8728,15.813
"1,187",10/14/2025 3:46:00,8.8739,15.805
"1,188",10/14/2025 3:47:00,8.8739,15.773
"1,189",10/14/2025 3:48:00,8.8759,15.750
"1,190",10/14/2025 3:49:00,8.8759,15.742
"1,191",10/14/2025 3:50:00,8.8759,15.727
"1,192",10/14/2025 3:51:00,8.8769,15.711
"1,193",10/14/2025 3:52:00,8.8759,15.711
"1,194",10/14/2025 3:53:00,8.8759,15.688
"1,195",10/14/2025 3:54:00,8.8769,15.672
"1,196",10/14/2025 3:55:00,8.8759,15.656
"1,197",10/14/2025 3:56:00,8.8779,15.633
"1,198",10/14/2025 3:57:00,8.8769,15.609
"1,199",10/14/2025 3:58:00,8.8769,15.586
"1,200",10/14/2025 3:59:00,8.8769,15.570
"1,201",10/14/2025 4:00:00,8.8769,15.555
"1,202",10/14/2025 4:01:00,8.8769,15.539
"1,203",10/14/2025 4:02:00,8.8779,15.531
"1,204",10/14/2025 4:03:00,8.8779,15.516
"1,205",10/14/2025 4:04:00,8.8779,15.484
"1,206",10/14/2025 4:05:00,8.8790,15.469
"1,207",10/14/2025 4:06:00,8.8800,15.461
"1,208",10/14/2025 4:07:00,8.8810,15.445
"1,209",10/14/2025 4:08:00,8.8820,15.445
"1,210",10/14/2025 4:09:00,8.8820,15.523
"1,211",10/14/2025 4:10:00,8.8810,15.719
"1,212",10/14/2025 4:11:00,8.8800,15.883
"1,213",10/14/2025 4:12:00,8.8779,15.922
"1,214",10/14/2025 4:13:00,8.8790,15.883
"1,215",10/14/2025 4:14:00,8.8790,15.836
"1,216",10/14/2025 4:15:00,8.8790,15.797
"1,217",10/14/2025 4:16:00,8.8800,15.766
"1,218",10/14/2025 4:17:00,8.8820,15.750
"1,219",10/14/2025 4:18:00,8.8820,15.742
"1,220",10/14/2025 4:19:00,8.8830,15.734
"1,221",10/14/2025 4:20:00,8.8820,15.750
"1,222",10/14/2025 4:21:00,8.8820,15.758
"1,223",10/14/2025 4:22:00,8.8820,15.750
"1,224",10/14/2025 4:23:00,8.8830,15.703
"1,225",10/14/2025 4:24:00,8.8820,15.664
"1,226",10/14/2025 4:25:00,8.8820,15.625
"1,227",10/14/2025 4:26:00,8.8820,15.602
"1,228",10/14/2025 4:27:00,8.8820,15.578
"1,229",10/14/2025 4:28:00,8.8830,15.563
"1,230",10/14/2025 4:29:00,8.8830,15.539
"1,231",10/14/2025 4:30:00,8.8840,15.516
"1,232",10/14/2025 4:31:00,8.8840,15.492
"1,233",10/14/2025 4:32:00,8.8851,15.477
"1,234",10/14/2025 4:33:00,8.8840,15.461
"1,235",10/14/2025 4:34:00,8.8840,15.461
"1,236",10/14/2025 4:35:00,8.8840,15.445
"1,237",10/14/2025 4:36:00,8.8840,15.414
"1,238",10/14/2025 4:37:00,8.8840,15.383
"1,239",10/14/2025 4:38:00,8.8830,15.352
"1,240",10/14/2025 4:39:00,8.8840,15.320
"1,241",10/14/2025 4:40:00,8.8840,15.305
"1,242",10/14/2025 4:41:00,8.8851,15.281
"1,243",10/14/2025 4:42:00,8.8851,15.266
"1,244",10/14/2025 4:43:00,8.8851,15.250
"1,245",10/14/2025 4:44:00,8.8851,15.234
"1,246",10/14/2025 4:45:00,8.8851,15.203
"1,247",10/14/2025 4:46:00,8.8851,15.180
"1,248",10/14/2025 4:47:00,8.8851,15.156
"1,249",10/14/2025 4:48:00,8.8861,15.141
"1,250",10/14/2025 4:49:00,8.8871,15.117
"1,251",10/14/2025 4:50:00,8.8871,15.086
"1,252",10/14/2025 4:51:00,8.8871,15.063
"1,253",10/14/2025 4:52:00,8.8871,15.039
"1,254",10/14/2025 4:53:00,8.8871,15.016
"1,255",10/14/2025 4:54:00,8.8871,15.000
"1,256",10/14/2025 4:55:00,8.8871,14.969
"1,257",10/14/2025 4:56:00,8.8871,14.953
"1,258",10/14/2025 4:57:00,8.8871,14.930
"1,259",10/14/2025 4:58:00,8.8871,14.914
"1,260",10/14/2025 4:59:00,8.8871,14.898
"1,261",10/14/2025 5:00:00,8.8871,14.898
"1,262",10/14/2025 5:01:00,8.8871,14.891
"1,263",10/14/2025 5:02:00,8.8881,14.883
"1,264",10/14/2025 5:03:00,8.8881,14.867
"1,265",10/14/2025 5:04:00,8.8881,14.852
"1,266",10/14/2025 5:05:00,8.8881,14.836
"1,267",10/14/2025 5:06:00,8.8881,14.828
"1,268",10/14/2025 5:07:00,8.8881,14.813
"1,269",10/14/2025 5:08:00,8.8881,14.797
"1,270",10/14/2025 5:09:00,8.8891,14.789
"1,271",10/14/2025 5:10:00,8.8891,14.773
"1,272",10/14/2025 5:11:00,8.8891,14.758
"1,273",10/14/2025 5:12:00,8.8891,14.734
"1,274",10/14/2025 5:13:00,8.8902,14.727
"1,275",10/14/2025 5:14:00,8.8891,14.703
"1,276",10/14/2025 5:15:00,8.8891,14.688
"1,277",10/14/2025 5:16:00,8.8891,14.664
"1,278",10/14/2025 5:17:00,8.8902,14.648
"1,279",10/14/2025 5:18:00,8.8902,14.617
"1,280",10/14/2025 5:19:00,8.8902,14.602
"1,281",10/14/2025 5:20:00,8.8902,14.586
"1,282",10/14/2025 5:21:00,8.8902,14.578
"1,283",10/14/2025 5:22:00,8.8891,14.578
"1,284",10/14/2025 5:23:00,8.8902,14.578
"1,285",10/14/2025 5:24:00,8.8912,14.570
"1,286",10/14/2025 5:25:00,8.8922,14.563
"1,287",10/14/2025 5:26:00,8.8912,14.539
"1,288",10/14/2025 5:27:00,8.8922,14.531
"1,289",10/14/2025 5:28:00,8.8902,14.531
"1,290",10/14/2025 5:29:00,8.8922,14.531
"1,291",10/14/2025 5:30:00,8.8912,14.523
"1,292",10/14/2025 5:31:00,8.8922,14.500
"1,293",10/14/2025 5:32:00,8.8922,14.492
"1,294",10/14/2025 5:33:00,8.8932,14.484
"1,295",10/14/2025 5:34:00,8.8922,14.469
"1,296",10/14/2025 5:35:00,8.8932,14.461
"1,297",10/14/2025 5:36:00,8.8922,14.461
"1,298",10/14/2025 5:37:00,8.8922,14.461
"1,299",10/14/2025 5:38:00,8.8922,14.461
"1,300",10/14/2025 5:39:00,8.8922,14.445
"1,301",10/14/2025 5:40:00,8.8932,14.438
"1,302",10/14/2025 5:41:00,8.8932,14.438
"1,303",10/14/2025 5:42:00,8.8932,14.445
"1,304",10/14/2025 5:43:00,8.8942,14.445
"1,305",10/14/2025 5:44:00,8.8932,14.445
"1,306",10/14/2025 5:45:00,8.8942,14.445
"1,307",10/14/2025 5:46:00,8.8942,14.453
"1,308",10/14/2025 5:47:00,8.8942,14.438
"1,309",10/14/2025 5:48:00,8.8942,14.414
"1,310",10/14/2025 5:49:00,8.8942,14.383
"1,311",10/14/2025 5:50:00,8.8953,14.375
"1,312",10/14/2025 5:51:00,8.8942,14.359
"1,313",10/14/2025 5:52:00,8.8942,14.352
"1,314",10/14/2025 5:53:00,8.8953,14.359
"1,315",10/14/2025 5:54:00,8.8953,14.352
"1,316",10/14/2025 5:55:00,8.8953,14.359
"1,317",10/14/2025 5:56:00,8.8953,14.359
"1,318",10/14/2025 5:57:00,8.8953,14.375
"1,319",10/14/2025 5:58:00,8.8953,14.391
"1,320",10/14/2025 5:59:00,8.8963,14.398
"1,321",10/14/2025 6:00:00,8.8973,14.398
"1,322",10/14/2025 6:01:00,8.8963,14.398
"1,323",10/14/2025 6:02:00,8.8963,14.406
"1,324",10/14/2025 6:03:00,8.8963,14.445
"1,325",10/14/2025 6:04:00,8.8963,14.461
"1,326",10/14/2025 6:05:00,8.8973,14.484
"1,327",10/14/2025 6:06:00,8.8963,14.500
"1,328",10/14/2025 6:07:00,8.8973,14.523
"1,329",10/14/2025 6:08:00,8.8963,14.555
"1,330",10/14/2025 6:09:00,8.8973,14.578
"1,331",10/14/2025 6:10:00,8.8963,14.602
"1,332",10/14/2025 6:11:00,8.8973,14.625
"1,333",10/14/2025 6:12:00,8.8973,14.664
"1,334",10/14/2025 6:13:00,8.8973,14.688
"1,335",10/14/2025 6:14:00,8.8973,14.719
"1,336",10/14/2025 6:15:00,8.8973,14.750
"1,337",10/14/2025 6:16:00,8.8973,14.805
"1,338",10/14/2025 6:17:00,8.8973,14.883
"1,339",10/14/2025 6:18:00,8.8963,14.977
"1,340",10/14/2025 6:19:00,8.8963,15.086
"1,341",10/14/2025 6:20:00,8.8963,15.195
"1,342",10/14/2025 6:21:00,8.8953,15.305
"1,343",10/14/2025 6:22:00,8.8953,15.422
"1,344",10/14/2025 6:23:00,8.8953,15.570
"1,345",10/14/2025 6:24:00,8.8942,15.727
"1,346",10/14/2025 6:25:00,8.8942,15.883
"1,347",10/14/2025 6:26:00,8.8942,16.047
"1,348",10/14/2025 6:27:00,8.8942,16.203
"1,349",10/14/2025 6:28:00,8.8932,16.391
"1,350",10/14/2025 6:29:00,8.8932,16.570
"1,351",10/14/2025 6:30:00,8.8922,16.758
"1,352",10/14/2025 6:31:00,8.8922,16.922
"1,353",10/14/2025 6:32:00,8.8922,17.086
"1,354",10/14/2025 6:33:00,8.8912,17.250
"1,355",10/14/2025 6:34:00,8.8912,17.430
"1,356",10/14/2025 6:35:00,8.8902,17.617
"1,357",10/14/2025 6:36:00,8.8902,17.789
"1,358",10/14/2025 6:37:00,8.8912,17.922
"1,359",10/14/2025 6:38:00,8.8902,18.008
"1,360",10/14/2025 6:39:00,8.8912,18.125
"1,361",10/14/2025 6:40:00,8.8902,18.297
"1,362",10/14/2025 6:41:00,8.8891,18.508
"1,363",10/14/2025 6:42:00,8.8881,18.727
"1,364",10/14/2025 6:43:00,8.8881,18.977
"1,365",10/14/2025 6:44:00,8.8881,19.227
"1,366",10/14/2025 6:45:00,8.8871,19.469
"1,367",10/14/2025 6:46:00,8.8871,19.695
"1,368",10/14/2025 6:47:00,8.8861,19.938
"1,369",10/14/2025 6:48:00,8.8851,20.148
"1,370",10/14/2025 6:49:00,8.8851,20.336
"1,371",10/14/2025 6:50:00,8.8840,20.516
"1,372",10/14/2025 6:51:00,8.8840,20.703
"1,373",10/14/2025 6:52:00,8.8851,20.938
"1,374",10/14/2025 6:53:00,8.8851,21.156
"1,375",10/14/2025 6:54:00,8.8851,21.328
"1,376",10/14/2025 6:55:00,8.8840,21.461
"1,377",10/14/2025 6:56:00,8.8840,21.617
"1,378",10/14/2025 6:57:00,8.8830,21.813
"1,379",10/14/2025 6:58:00,8.8830,22.086
"1,380",10/14/2025 6:59:00,8.8830,22.359
"1,381",10/14/2025 7:00:00,8.8830,22.594
"1,382",10/14/2025 7:01:00,8.8820,22.805
"1,383",10/14/2025 7:02:00,8.8830,23.008
"1,384",10/14/2025 7:03:00,8.8810,23.242
"1,385",10/14/2025 7:04:00,8.8810,23.508
"1,386",10/14/2025 7:05:00,8.8810,23.758
"1,387",10/14/2025 7:06:00,8.8790,23.969
"1,388",10/14/2025 7:07:00,8.8800,24.180
"1,389",10/14/2025 7:08:00,8.8800,24.398
"1,390",10/14/2025 7:09:00,8.8800,24.641
"1,391",10/14/2025 7:10:00,8.8800,24.867
"1,392",10/14/2025 7:11:00,8.8790,25.156
"1,393",10/14/2025 7:12:00,8.8779,25.461
"1,394",10/14/2025 7:13:00,8.8769,25.711
"1,395",10/14/2025 7:14:00,8.8779,25.945
"1,396",10/14/2025 7:15:00,8.8790,26.164
"1,397",10/14/2025 7:16:00,8.8790,26.359
"1,398",10/14/2025 7:17:00,8.8759,26.555
"1,399",10/14/2025 7:18:00,8.8769,26.695
"1,400",10/14/2025 7:19:00,8.8759,26.898
"1,401",10/14/2025 7:20:00,8.8769,27.141
"1,402",10/14/2025 7:21:00,8.8749,27.336
"1,403",10/14/2025 7:22:00,8.8749,27.492
"1,404",10/14/2025 7:23:00,8.8759,27.719
"1,405",10/14/2025 7:24:00,8.8739,27.977
"1,406",10/14/2025 7:25:00,8.8749,28.141
"1,407",10/14/2025 7:26:00,8.8759,28.219
"1,408",10/14/2025 7:27:00,8.8759,28.328
"1,409",10/14/2025 7:28:00,8.8769,28.391
"1,410",10/14/2025 7:29:00,8.8759,28.344
"1,411",10/14/2025 7:30:00,8.8759,28.313
"1,412",10/14/2025 7:31:00,8.8769,28.383
"1,413",10/14/2025 7:32:00,8.8779,28.398
"1,414",10/14/2025 7:33:00,8.8759,28.445
"1,415",10/14/2025 7:34:00,8.8769,28.563
"1,416",10/14/2025 7:35:00,8.8759,28.813
"1,417",10/14/2025 7:36:00,8.8749,29.078
"1,418",10/14/2025 7:37:00,8.8769,29.195
"1,419",10/14/2025 7:38:00,8.8759,29.164
"1,420",10/14/2025 7:39:00,8.8769,29.063
"1,421",10/14/2025 7:40:00,8.8749,28.992
"1,422",10/14/2025 7:41:00,8.8779,28.648
"1,423",10/14/2025 7:42:00,8.8769,28.359
"1,424",10/14/2025 7:43:00,8.8800,28.102
"1,425",10/14/2025 7:44:00,8.8800,27.961
"1,426",10/14/2025 7:45:00,8.8800,27.797
"1,427",10/14/2025 7:46:00,8.8810,27.664
"1,428",10/14/2025 7:47:00,8.8790,27.711
"1,429",10/14/2025 7:48:00,8.8790,27.859
"1,430",10/14/2025 7:49:00,8.8790,28.063
"1,431",10/14/2025 7:50:00,8.8790,28.383
"1,432",10/14/2025 7:51:00,8.8779,28.617
"1,433",10/14/2025 7:52:00,8.8769,28.906
"1,434",10/14/2025 7:53:00,8.8759,29.078
"1,435",10/14/2025 7:54:00,8.8759,29.148
"1,436",10/14/2025 7:55:00,8.8759,29.133
"1,437",10/14/2025 7:56:00,8.8759,29.234
"1,438",10/14/2025 7:57:00,8.8759,29.344
"1,439",10/14/2025 7:58:00,8.8769,29.570
"1,440",10/14/2025 7:59:00,8.8759,29.727
"1,441",10/14/2025 8:00:00,8.8759,29.883
"1,442",10/14/2025 8:01:00,8.8749,29.828
"1,443",10/14/2025 8:02:00,8.8769,29.727
"1,444",10/14/2025 8:03:00,8.8769,29.547
"1,445",10/14/2025 8:04:00,8.8769,29.547
"1,446",10/14/2025 8:05:00,8.8769,29.516
"1,447",10/14/2025 8:06:00,8.8769,29.453
"1,448",10/14/2025 8:07:00,8.8779,29.398
"1,449",10/14/2025 8:08:00,8.8800,29.250
"1,450",10/14/2025 8:09:00,8.8779,29.164
"1,451",10/14/2025 8:10:00,8.8790,29.102
"1,452",10/14/2025 8:11:00,8.8810,28.992
"1,453",10/14/2025 8:12:00,8.8790,28.867
"1,454",10/14/2025 8:13:00,8.8779,28.875
"1,455",10/14/2025 8:14:00,8.8790,28.883
"1,456",10/14/2025 8:15:00,8.8779,29.063
"1,457",10/14/2025 8:16:00,8.8790,29.297
"1,458",10/14/2025 8:17:00,8.8779,29.367
"1,459",10/14/2025 8:18:00,8.8769,29.375
"1,460",10/14/2025 8:19:00,8.8779,29.367
"1,461",10/14/2025 8:20:00,8.8779,29.414
"1,462",10/14/2025 8:21:00,8.8779,29.430
"1,463",10/14/2025 8:22:00,8.8769,29.406
"1,464",10/14/2025 8:23:00,8.8779,29.492
"1,465",10/14/2025 8:24:00,8.8769,29.563
"1,466",10/14/2025 8:25:00,8.8790,29.586
"1,467",10/14/2025 8:26:00,8.8790,29.500
"1,468",10/14/2025 8:27:00,8.8800,29.453
"1,469",10/14/2025 8:28:00,8.8769,29.508
"1,470",10/14/2025 8:29:00,8.8790,29.555
"1,471",10/14/2025 8:30:00,8.8779,29.641
"1,472",10/14/2025 8:31:00,8.8769,29.656
"1,473",10/14/2025 8:32:00,8.8769,29.719
"1,474",10/14/2025 8:33:00,8.8779,29.836
"1,475",10/14/2025 8:34:00,8.8769,29.961
"1,476",10/14/2025 8:35:00,8.8769,30.031
"1,477",10/14/2025 8:36:00,8.8779,30.094
"1,478",10/14/2025 8:37:00,8.8739,30.180
"1,479",10/14/2025 8:38:00,8.8790,30.352
"1,480",10/14/2025 8:39:00,8.8790,30.367
"1,481",10/14/2025 8:40:00,8.8749,30.359
"1,482",10/14/2025 8:41:00,8.8759,30.445
"1,483",10/14/2025 8:42:00,8.8739,30.500
"1,484",10/14/2025 8:43:00,8.8739,30.625
"1,485",10/14/2025 8:44:00,8.8749,30.906
"1,486",10/14/2025 8:45:00,8.8769,31.016
"1,487",10/14/2025 8:46:00,8.8718,30.969
"1,488",10/14/2025 8:47:00,8.8769,30.859
"1,489",10/14/2025 8:48:00,8.8759,30.734
"1,490",10/14/2025 8:49:00,8.8739,30.734
"1,491",10/14/2025 8:50:00,8.8728,30.906
"1,492",10/14/2025 8:51:00,8.8749,30.930
"1,493",10/14/2025 8:52:00,8.8759,30.805
"1,494",10/14/2025 8:53:00,8.8759,30.695
"1,495",10/14/2025 8:54:00,8.8769,30.641
"1,496",10/14/2025 8:55:00,8.8739,30.781
"1,497",10/14/2025 8:56:00,8.8739,30.867
"1,498",10/14/2025 8:57:00,8.8749,31.031
"1,499",10/14/2025 8:58:00,8.8749,31.227
"1,500",10/14/2025 8:59:00,8.8739,31.320
"1,501",10/14/2025 9:00:00,8.8749,31.500
"1,502",10/14/2025 9:01:00,8.8739,31.547
"1,503",10/14/2025 9:02:00,8.8728,31.672
"1,504",10/14/2025 9:03:00,8.8749,31.586
"1,505",10/14/2025 9:04:00,8.8759,31.367
"1,506",10/14/2025 9:05:00,8.8759,31.219
"1,507",10/14/2025 9:06:00,8.8739,31.148
"1,508",10/14/2025 9:07:00,8.8769,31.117
"1,509",10/14/2025 9:08:00,8.8749,31.172
"1,510",10/14/2025 9:09:00,8.8739,31.148
"1,511",10/14/2025 9:10:00,8.8739,31.266
"1,512",10/14/2025 9:11:00,8.8718,31.492
"1,513",10/14/2025 9:12:00,8.8718,31.820
"1,514",10/14/2025 9:13:00,8.8718,32.039
"1,515",10/14/2025 9:14:00,8.8708,32.203
"1,516",10/14/2025 9:15:00,8.8698,32.430
"1,517",10/14/2025 9:16:00,8.8708,32.836
"1,518",10/14/2025 9:17:00,8.8698,32.992
"1,519",10/14/2025 9:18:00,8.8718,32.867
"1,520",10/14/2025 9:19:00,8.8708,32.766
"1,521",10/14/2025 9:20:00,8.8718,32.617
"1,522",10/14/2025 9:21:00,8.8708,32.453
"1,523",10/14/2025 9:22:00,8.8708,32.352
"1,524",10/14/2025 9:23:00,8.8708,32.180
"1,525",10/14/2025 9:24:00,8.8677,32.172
"1,526",10/14/2025 9:25:00,8.8698,32.188
"1,527",10/14/2025 9:26:00,8.8708,32.109
"1,528",10/14/2025 9:27:00,8.8728,31.945
"1,529",10/14/2025 9:28:00,8.8739,31.758
"1,530",10/14/2025 9:29:00,8.8708,31.625
"1,531",10/14/2025 9:30:00,8.8708,31.531
"1,532",10/14/2025 9:31:00,8.8698,31.547
"1,533",10/14/2025 9:32:00,8.8698,31.633
"1,534",10/14/2025 9:33:00,8.8708,31.695
"1,535",10/14/2025 9:34:00,8.8688,31.891
"1,536",10/14/2025 9:35:00,8.8698,31.984
"1,537",10/14/2025 9:36:00,8.8698,32.039
"1,538",10/14/2025 9:37:00,8.8677,32.203
"1,539",10/14/2025 9:38:00,8.8657,32.398
"1,540",10/14/2025 9:39:00,8.8688,32.594
"1,541",10/14/2025 9:40:00,8.8688,32.672
"1,542",10/14/2025 9:41:00,8.8677,32.836
"1,543",10/14/2025 9:42:00,8.8657,32.914
"1,544",10/14/2025 9:43:00,8.8688,32.906
"1,545",10/14/2025 9:44:00,8.8677,32.836
"1,546",10/14/2025 9:45:00,8.8667,32.805
"1,547",10/14/2025 9:46:00,8.8677,32.883
"1,548",10/14/2025 9:47:00,8.8657,33.258
"1,549",10/14/2025 9:48:00,8.8647,33.719
"1,550",10/14/2025 9:49:00,8.8657,33.961
"1,551",10/14/2025 9:50:00,8.8657,34.063
"1,552",10/14/2025 9:51:00,8.8657,34.055
"1,553",10/14/2025 9:52:00,8.8637,34.172
"1,554",10/14/2025 9:53:00,8.8626,34.344
"1,555",10/14/2025 9:54:00,8.8647,34.469
"1,556",10/14/2025 9:55:00,8.8657,34.320
"1,557",10/14/2025 9:56:00,8.8677,33.922
"1,558",10/14/2025 9:57:00,8.8647,33.711
"1,559",10/14/2025 9:58:00,8.8626,33.828
"1,560",10/14/2025 9:59:00,8.8637,34.016
"1,561",10/14/2025 10:00:00,8.8667,33.938
"1,562",10/14/2025 10:01:00,8.8657,33.742
"1,563",10/14/2025 10:02:00,8.8647,33.703
"1,564",10/14/2025 10:03:00,8.8626,33.695
"1,565",10/14/2025 10:04:00,8.8637,33.867
"1,566",10/14/2025 10:05:00,8.8657,33.875
"1,567",10/14/2025 10:06:00,8.8626,33.727
"1,568",10/14/2025 10:07:00,8.8647,33.523
"1,569",10/14/2025 10:08:00,8.8667,33.414
"1,570",10/14/2025 10:09:00,8.8626,33.391
"1,571",10/14/2025 10:10:00,8.8637,33.461
"1,572",10/14/2025 10:11:00,8.8626,33.570
"1,573",10/14/2025 10:12:00,8.8637,33.469
"1,574",10/14/2025 10:13:00,8.8647,33.430
"1,575",10/14/2025 10:14:00,8.8647,33.289
"1,576",10/14/2025 10:15:00,8.8637,33.305
"1,577",10/14/2025 10:16:00,8.8637,33.336
"1,578",10/14/2025 10:17:00,8.8637,33.250
"1,579",10/14/2025 10:18:00,8.8647,33.086
"1,580",10/14/2025 10:19:00,8.8647,33.070
"1,581",10/14/2025 10:20:00,8.8657,33.094
"1,582",10/14/2025 10:21:00,8.8647,33.094
"1,583",10/14/2025 10:22:00,8.8647,33.203
"1,584",10/14/2025 10:23:00,8.8616,33.344
"1,585",10/14/2025 10:24:00,8.8626,33.414
"1,586",10/14/2025 10:25:00,8.8606,33.602
"1,587",10/14/2025 10:26:00,8.8616,33.703
"1,588",10/14/2025 10:27:00,8.8626,33.750
"1,589",10/14/2025 10:28:00,8.8616,33.781
"1,590",10/14/2025 10:29:00,8.8616,34.039
"1,591",10/14/2025 10:30:00,8.8606,34.313
"1,592",10/14/2025 10:31:00,8.8586,34.469
"1,593",10/14/2025 10:32:00,8.8586,34.680
"1,594",10/14/2025 10:33:00,8.8586,34.742
"1,595",10/14/2025 10:34:00,8.8596,34.742
"1,596",10/14/2025 10:35:00,8.8586,34.977
"1,597",10/14/2025 10:36:00,8.8596,35.156
"1,598",10/14/2025 10:37:00,8.8596,35.156
"1,599",10/14/2025 10:38:00,8.8596,35.086
"1,600",10/14/2025 10:39:00,8.8575,35.023
"1,601",10/14/2025 10:40:00,8.8586,35.188
"1,602",10/14/2025 10:41:00,8.8575,35.391
"1,603",10/14/2025 10:42:00,8.8586,35.531
"1,604",10/14/2025 10:43:00,8.8586,35.523
"1,605",10/14/2025 10:44:00,8.8596,35.305
"1,606",10/14/2025 10:45:00,8.8596,35.023
"1,607",10/14/2025 10:46:00,8.8606,34.609
"1,608",10/14/2025 10:47:00,8.8616,34.313
"1,609",10/14/2025 10:48:00,8.8616,33.992
"1,610",10/14/2025 10:49:00,8.8626,33.680
"1,611",10/14/2025 10:50:00,8.8616,33.539
"1,612",10/14/2025 10:51:00,8.8616,33.469
"1,613",10/14/2025 10:52:00,8.8606,33.438
"1,614",10/14/2025 10:53:00,8.8616,33.484
"1,615",10/14/2025 10:54:00,8.8586,33.563
"1,616",10/14/2025 10:55:00,8.8616,33.469
"1,617",10/14/2025 10:56:00,8.8606,33.414
"1,618",10/14/2025 10:57:00,8.8616,33.445
"1,619",10/14/2025 10:58:00,8.8626,33.367
"1,620",10/14/2025 10:59:00,8.8606,33.320
"1,621",10/14/2025 11:00:00,8.8606,33.297
"1,622",10/14/2025 11:01:00,8.8637,33.195
"1,623",10/14/2025 11:02:00,8.8606,33.133
"1,624",10/14/2025 11:03:00,8.8616,33.070
"1,625",10/14/2025 11:04:00,8.8626,33.016
"1,626",10/14/2025 11:05:00,8.8626,32.922
"1,627",10/14/2025 11:06:00,8.8616,32.789
"1,628",10/14/2025 11:07:00,8.8606,32.711
"1,629",10/14/2025 11:08:00,8.8586,32.797
"1,630",10/14/2025 11:09:00,8.8596,32.875
"1,631",10/14/2025 11:10:00,8.8606,32.945
"1,632",10/14/2025 11:11:00,8.8606,33.086
"1,633",10/14/2025 11:12:00,8.8606,33.109
"1,634",10/14/2025 11:13:00,8.8596,33.047
"1,635",10/14/2025 11:14:00,8.8586,33.023
"1,636",10/14/2025 11:15:00,8.8596,33.023
"1,637",10/14/2025 11:16:00,8.8596,33.086
"1,638",10/14/2025 11:17:00,8.8606,33.156
"1,639",10/14/2025 11:18:00,8.8575,33.203
"1,640",10/14/2025 11:19:00,8.8575,33.156
"1,641",10/14/2025 11:20:00,8.8586,33.039
"1,642",10/14/2025 11:21:00,8.8575,33.055
"1,643",10/14/2025 11:22:00,8.8575,33.086
"1,644",10/14/2025 11:23:00,8.8575,33.188
"1,645",10/14/2025 11:24:00,8.8575,33.195
"1,646",10/14/2025 11:25:00,8.8575,33.133
"1,647",10/14/2025 11:26:00,8.8565,33.242
"1,648",10/14/2025 11:27:00,8.8555,33.438
"1,649",10/14/2025 11:28:00,8.8575,33.570
"1,650",10/14/2025 11:29:00,8.8555,33.727
"1,651",10/14/2025 11:30:00,8.8545,33.867
"1,652",10/14/2025 11:31:00,8.8545,33.883
"1,653",10/14/2025 11:32:00,8.8555,33.852
"1,654",10/14/2025 11:33:00,8.8545,33.820
"1,655",10/14/2025 11:34:00,8.8555,33.852
"1,656",10/14/2025 11:35:00,8.8535,33.930
"1,657",10/14/2025 11:36:00,8.8545,34.063
"1,658",10/14/2025 11:37:00,8.8535,34.266
"1,659",10/14/2025 11:38:00,8.8524,34.398
"1,660",10/14/2025 11:39:00,8.8535,34.469
"1,661",10/14/2025 11:40:00,8.8524,34.523
"1,662",10/14/2025 11:41:00,8.8514,34.594
"1,663",10/14/2025 11:42:00,8.8555,34.422
"1,664",10/14/2025 11:43:00,8.8545,34.156
"1,665",10/14/2025 11:44:00,8.8545,33.984
"1,666",10/14/2025 11:45:00,8.8535,33.859
"1,667",10/14/2025 11:46:00,8.8535,33.820
"1,668",10/14/2025 11:47:00,8.8535,33.789
"1,669",10/14/2025 11:48:00,8.8535,33.773
"1,670",10/14/2025 11:49:00,8.8535,33.805
"1,671",10/14/2025 11:50:00,8.8524,33.914
"1,672",10/14/2025 11:51:00,8.8524,33.938
"1,673",10/14/2025 11:52:00,8.8535,33.938
"1,674",10/14/2025 11:53:00,8.8514,33.914
"1,675",10/14/2025 11:54:00,8.8524,33.875
"1,676",10/14/2025 11:55:00,8.8545,33.781
"1,677",10/14/2025 11:56:00,8.8514,33.680
"1,678",10/14/2025 11:57:00,8.8524,33.578
"1,679",10/14/2025 11:58:00,8.8514,33.633
"1,680",10/14/2025 11:59:00,8.8524,33.742
"1,681",10/14/2025 12:00:00,8.8524,33.875
"1,682",10/14/2025 12:01:00,8.8504,34.070
"1,683",10/14/2025 12:02:00,8.8514,34.211
"1,684",10/14/2025 12:03:00,8.8484,34.297
"1,685",10/14/2025 12:04:00,8.8504,34.477
"1,686",10/14/2025 12:05:00,8.8494,34.586
"1,687",10/14/2025 12:06:00,8.8494,34.688
"1,688",10/14/2025 12:07:00,8.8504,34.734
"1,689",10/14/2025 12:08:00,8.8484,34.766
"1,690",10/14/2025 12:09:00,8.8494,34.695
"1,691",10/14/2025 12:10:00,8.8484,34.523
"1,692",10/14/2025 12:11:00,8.8494,34.391
"1,693",10/14/2025 12:12:00,8.8484,34.313
"1,694",10/14/2025 12:13:00,8.8474,34.266
"1,695",10/14/2025 12:14:00,8.8474,34.266
"1,696",10/14/2025 12:15:00,8.8463,34.430
"1,697",10/14/2025 12:16:00,8.8474,34.539
"1,698",10/14/2025 12:17:00,8.8484,34.563
"1,699",10/14/2025 12:18:00,8.8463,34.641
"1,700",10/14/2025 12:19:00,8.8474,34.719
"1,701",10/14/2025 12:20:00,8.8463,34.586
"1,702",10/14/2025 12:21:00,8.8474,34.477
"1,703",10/14/2025 12:22:00,8.8453,34.445
"1,704",10/14/2025 12:23:00,8.8433,34.531
"1,705",10/14/2025 12:24:00,8.8463,34.633
"1,706",10/14/2025 12:25:00,8.8453,34.586
"1,707",10/14/2025 12:26:00,8.8453,34.641
"1,708",10/14/2025 12:27:00,8.8443,34.695
"1,709",10/14/2025 12:28:00,8.8433,34.664
"1,710",10/14/2025 12:29:00,8.8423,34.633
"1,711",10/14/2025 12:30:00,8.8433,34.672
"1,712",10/14/2025 12:31:00,8.8423,34.648
"1,713",10/14/2025 12:32:00,8.8433,34.641
"1,714",10/14/2025 12:33:00,8.8443,34.461
"1,715",10/14/2025 12:34:00,8.8433,34.328
"1,716",10/14/2025 12:35:00,8.8423,34.406
"1,717",10/14/2025 12:36:00,8.8423,34.531
"1,718",10/14/2025 12:37:00,8.8412,34.625
"1,719",10/14/2025 12:38:00,8.8412,34.734
"1,720",10/14/2025 12:39:00,8.8412,34.797
"1,721",10/14/2025 12:40:00,8.8402,34.781
"1,722",10/14/2025 12:41:00,8.8412,34.711
"1,723",10/14/2025 12:42:00,8.8402,34.688
"1,724",10/14/2025 12:43:00,8.8402,34.719
"1,725",10/14/2025 12:44:00,8.8423,34.602
"1,726",10/14/2025 12:45:00,8.8402,34.453
"1,727",10/14/2025 12:46:00,8.8372,34.430
"1,728",10/14/2025 12:47:00,8.8372,34.484
"1,729",10/14/2025 12:48:00,8.8392,34.500
"1,730",10/14/2025 12:49:00,8.8382,34.523
"1,731",10/14/2025 12:50:00,8.8382,34.617
"1,732",10/14/2025 12:51:00,8.8382,34.664
"1,733",10/14/2025 12:52:00,8.8382,34.688
"1,734",10/14/2025 12:53:00,8.8372,34.750
"1,735",10/14/2025 12:54:00,8.8372,34.906
"1,736",10/14/2025 12:55:00,8.8351,35.102
"1,737",10/14/2025 12:56:00,8.8372,35.266
"1,738",10/14/2025 12:57:00,8.8341,35.477
"1,739",10/14/2025 12:58:00,8.8361,35.461
"1,740",10/14/2025 12:59:00,8.8361,35.344
"1,741",10/14/2025 13:00:00,8.8341,35.336
"1,742",10/14/2025 13:01:00,8.8372,35.359
"1,743",10/14/2025 13:02:00,8.8361,35.297
"1,744",10/14/2025 13:03:00,8.8351,35.305
"1,745",10/14/2025 13:04:00,8.8372,35.250
"1,746",10/14/2025 13:05:00,8.8351,35.188
"1,747",10/14/2025 13:06:00,8.8341,35.219
"1,748",10/14/2025 13:07:00,8.8351,35.266
"1,749",10/14/2025 13:08:00,8.8361,35.242
"1,750",10/14/2025 13:09:00,8.8341,35.242
"1,751",10/14/2025 13:10:00,8.8341,35.305
"1,752",10/14/2025 13:11:00,8.8331,35.367
"1,753",10/14/2025 13:12:00,8.8331,35.359
"1,754",10/14/2025 13:13:00,8.8331,35.391
"1,755",10/14/2025 13:14:00,8.8321,35.469
"1,756",10/14/2025 13:15:00,8.8310,35.641
"1,757",10/14/2025 13:16:00,8.8310,35.758
"1,758",10/14/2025 13:17:00,8.8310,35.742
"1,759",10/14/2025 13:18:00,8.8310,35.633
"1,760",10/14/2025 13:19:00,8.8331,35.406
"1,761",10/14/2025 13:20:00,8.8321,35.172
"1,762",10/14/2025 13:21:00,8.8331,35.000
"1,763",10/14/2025 13:22:00,8.8321,34.938
"1,764",10/14/2025 13:23:00,8.8310,35.008
"1,765",10/14/2025 13:24:00,8.8290,35.117
"1,766",10/14/2025 13:25:00,8.8300,35.156
"1,767",10/14/2025 13:26:00,8.8310,35.078
"1,768",10/14/2025 13:27:00,8.8321,34.969
"1,769",10/14/2025 13:28:00,8.8310,34.914
"1,770",10/14/2025 13:29:00,8.8310,34.945
"1,771",10/14/2025 13:30:00,8.8310,34.898
"1,772",10/14/2025 13:31:00,8.8321,34.703
"1,773",10/14/2025 13:32:00,8.8321,34.594
"1,774",10/14/2025 13:33:00,8.8310,34.531
"1,775",10/14/2025 13:34:00,8.8300,34.531
"1,776",10/14/2025 13:35:00,8.8300,34.586
"1,777",10/14/2025 13:36:00,8.8280,34.688
"1,778",10/14/2025 13:37:00,8.8290,34.664
"1,779",10/14/2025 13:38:00,8.8300,34.648
"1,780",10/14/2025 13:39:00,8.8270,34.773
"1,781",10/14/2025 13:40:00,8.8290,34.977
"1,782",10/14/2025 13:41:00,8.8259,35.102
"1,783",10/14/2025 13:42:00,8.8270,35.172
"1,784",10/14/2025 13:43:00,8.8300,35.250
"1,785",10/14/2025 13:44:00,8.8270,35.313
"1,786",10/14/2025 13:45:00,8.8270,35.336
"1,787",10/14/2025 13:46:00,8.8300,35.133
"1,788",10/14/2025 13:47:00,8.8259,34.977
"1,789",10/14/2025 13:48:00,8.8270,35.008
"1,790",10/14/2025 13:49:00,8.8270,34.984
"1,791",10/14/2025 13:50:00,8.8259,35.055
"1,792",10/14/2025 13:51:00,8.8259,35.141
"1,793",10/14/2025 13:52:00,8.8239,35.234
"1,794",10/14/2025 13:53:00,8.8249,35.359
"1,795",10/14/2025 13:54:00,8.8239,35.398
"1,796",10/14/2025 13:55:00,8.8229,35.508
"1,797",10/14/2025 13:56:00,8.8249,35.719
"1,798",10/14/2025 13:57:00,8.8239,35.844
"1,799",10/14/2025 13:58:00,8.8229,35.906
"1,800",10/14/2025 13:59:00,8.8229,35.938
"1,801",10/14/2025 14:00:00,8.8239,36.016
"1,802",10/14/2025 14:01:00,8.8249,35.820
"1,803",10/14/2025 14:02:00,8.8259,35.570
"1,804",10/14/2025 14:03:00,8.8249,35.438
"1,805",10/14/2025 14:04:00,8.8239,35.281
"1,806",10/14/2025 14:05:00,8.8249,35.086
"1,807",10/14/2025 14:06:00,8.8239,34.914
"1,808",10/14/2025 14:07:00,8.8249,34.727
"1,809",10/14/2025 14:08:00,8.8229,34.617
"1,810",10/14/2025 14:09:00,8.8239,34.484
"1,811",10/14/2025 14:10:00,8.8249,34.359
"1,812",10/14/2025 14:11:00,8.8229,34.320
"1,813",10/14/2025 14:12:00,8.8249,34.375
"1,814",10/14/2025 14:13:00,8.8249,34.484
"1,815",10/14/2025 14:14:00,8.8219,34.609
"1,816",10/14/2025 14:15:00,8.8219,34.742
"1,817",10/14/2025 14:16:00,8.8219,34.906
"1,818",10/14/2025 14:17:00,8.8219,34.977
"1,819",10/14/2025 14:18:00,8.8229,35.039
"1,820",10/14/2025 14:19:00,8.8239,34.953
"1,821",10/14/2025 14:20:00,8.8219,34.883
"1,822",10/14/2025 14:21:00,8.8208,34.930
"1,823",10/14/2025 14:22:00,8.8208,34.891
"1,824",10/14/2025 14:23:00,8.8229,34.805
"1,825",10/14/2025 14:24:00,8.8219,34.805
"1,826",10/14/2025 14:25:00,8.8208,34.805
"1,827",10/14/2025 14:26:00,8.8229,34.734
"1,828",10/14/2025 14:27:00,8.8219,34.641
"1,829",10/14/2025 14:28:00,8.8219,34.570
"1,830",10/14/2025 14:29:00,8.8208,34.625
"1,831",10/14/2025 14:30:00,8.8229,34.703
"1,832",10/14/2025 14:31:00,8.8219,34.773
"1,833",10/14/2025 14:32:00,8.8198,34.898
"1,834",10/14/2025 14:33:00,8.8198,35.055
"1,835",10/14/2025 14:34:00,8.8198,35.203
"1,836",10/14/2025 14:35:00,8.8198,35.203
"1,837",10/14/2025 14:36:00,8.8208,35.078
"1,838",10/14/2025 14:37:00,8.8208,34.758
"1,839",10/14/2025 14:38:00,8.8208,34.469
"1,840",10/14/2025 14:39:00,8.8198,34.320
"1,841",10/14/2025 14:40:00,8.8229,34.188
"1,842",10/14/2025 14:41:00,8.8229,34.125
"1,843",10/14/2025 14:42:00,8.8198,34.242
"1,844",10/14/2025 14:43:00,8.8198,34.273
"1,845",10/14/2025 14:44:00,8.8208,34.313
"1,846",10/14/2025 14:45:00,8.8208,34.328
"1,847",10/14/2025 14:46:00,8.8198,34.398
"1,848",10/14/2025 14:47:00,8.8208,34.477
"1,849",10/14/2025 14:48:00,8.8208,34.563
"1,850",10/14/2025 14:49:00,8.8188,34.641
"1,851",10/14/2025 14:50:00,8.8208,34.711
"1,852",10/14/2025 14:51:00,8.8188,34.805
"1,853",10/14/2025 14:52:00,8.8178,34.922
"1,854",10/14/2025 14:53:00,8.8188,34.977
"1,855",10/14/2025 14:54:00,8.8178,34.992
"1,856",10/14/2025 14:55:00,8.8168,34.922
"1,857",10/14/2025 14:56:00,8.8168,34.781
"1,858",10/14/2025 14:57:00,8.8188,34.680
"1,859",10/14/2025 14:58:00,8.8168,34.680
"1,860",10/14/2025 14:59:00,8.8168,34.758
"1,861",10/14/2025 15:00:00,8.8168,34.719
"1,862",10/14/2025 15:01:00,8.8198,34.578
"1,863",10/14/2025 15:02:00,8.8188,34.492
"1,864",10/14/2025 15:03:00,8.8168,34.477
"1,865",10/14/2025 15:04:00,8.8178,34.445
"1,866",10/14/2025 15:05:00,8.8168,34.406
"1,867",10/14/2025 15:06:00,8.8168,34.375
"1,868",10/14/2025 15:07:00,8.8178,34.367
"1,869",10/14/2025 15:08:00,8.8178,34.414
"1,870",10/14/2025 15:09:00,8.8188,34.430
"1,871",10/14/2025 15:10:00,8.8178,34.477
"1,872",10/14/2025 15:11:00,8.8188,34.563
"1,873",10/14/2025 15:12:00,8.8157,34.602
"1,874",10/14/2025 15:13:00,8.8157,34.555
"1,875",10/14/2025 15:14:00,8.8157,34.500
"1,876",10/14/2025 15:15:00,8.8178,34.578
"1,877",10/14/2025 15:16:00,8.8168,34.641
"1,878",10/14/2025 15:17:00,8.8157,34.672
"1,879",10/14/2025 15:18:00,8.8157,34.727
"1,880",10/14/2025 15:19:00,8.8157,34.828
"1,881",10/14/2025 15:20:00,8.8157,34.906
"1,882",10/14/2025 15:21:00,8.8168,34.922
"1,883",10/14/2025 15:22:00,8.8147,34.914
"1,884",10/14/2025 15:23:00,8.8147,34.898
"1,885",10/14/2025 15:24:00,8.8147,34.813
"1,886",10/14/2025 15:25:00,8.8157,34.680
"1,887",10/14/2025 15:26:00,8.8168,34.625
"1,888",10/14/2025 15:27:00,8.8168,34.578
"1,889",10/14/2025 15:28:00,8.8168,34.578
"1,890",10/14/2025 15:29:00,8.8137,34.578
"1,891",10/14/2025 15:30:00,8.8157,34.516
"1,892",10/14/2025 15:31:00,8.8157,34.461
"1,893",10/14/2025 15:32:00,8.8157,34.469
"1,894",10/14/2025 15:33:00,8.8168,34.367
"1,895",10/14/2025 15:34:00,8.8178,34.219
"1,896",10/14/2025 15:35:00,8.8168,34.055
"1,897",10/14/2025 15:36:00,8.8157,33.906
"1,898",10/14/2025 15:37:00,8.8168,33.758
"1,899",10/14/2025 15:38:00,8.8178,33.648
"1,900",10/14/2025 15:39:00,8.8157,33.625
"1,901",10/14/2025 15:40:00,8.8178,33.648
"1,902",10/14/2025 15:41:00,8.8168,33.664
"1,903",10/14/2025 15:42:00,8.8178,33.664
"1,904",10/14/2025 15:43:00,8.8157,33.719
"1,905",10/14/2025 15:44:00,8.8168,33.781
"1,906",10/14/2025 15:45:00,8.8168,33.820
"1,907",10/14/2025 15:46:00,8.8157,33.836
"1,908",10/14/2025 15:47:00,8.8147,33.852
"1,909",10/14/2025 15:48:00,8.8168,33.789
"1,910",10/14/2025 15:49:00,8.8168,33.719
"1,911",10/14/2025 15:50:00,8.8168,33.711
"1,912",10/14/2025 15:51:00,8.8157,33.758
"1,913",10/14/2025 15:52:00,8.8168,33.781
"1,914",10/14/2025 15:53:00,8.8147,33.797
"1,915",10/14/2025 15:54:00,8.8157,33.781
"1,916",10/14/2025 15:55:00,8.8157,33.703
"1,917",10/14/2025 15:56:00,8.8157,33.633
"1,918",10/14/2025 15:57:00,8.8168,33.555
"1,919",10/14/2025 15:58:00,8.8168,33.461
"1,920",10/14/2025 15:59:00,8.8168,33.406
"1,921",10/14/2025 16:00:00,8.8157,33.445
"1,922",10/14/2025 16:01:00,8.8147,33.508
"1,923",10/14/2025 16:02:00,8.8137,33.594
"1,924",10/14/2025 16:03:00,8.8147,33.664
"1,925",10/14/2025 16:04:00,8.8137,33.719
"1,926",10/14/2025 16:05:00,8.8147,33.742
"1,927",10/14/2025 16:06:00,8.8147,33.766
"1,928",10/14/2025 16:07:00,8.8157,33.703
"1,929",10/14/2025 16:08:00,8.8157,33.656
"1,930",10/14/2025 16:09:00,8.8157,33.625
"1,931",10/14/2025 16:10:00,8.8147,33.680
"1,932",10/14/2025 16:11:00,8.8147,33.758
"1,933",10/14/2025 16:12:00,8.8147,33.852
"1,934",10/14/2025 16:13:00,8.8147,33.945
"1,935",10/14/2025 16:14:00,8.8127,33.953
"1,936",10/14/2025 16:15:00,8.8137,33.953
"1,937",10/14/2025 16:16:00,8.8127,33.969
"1,938",10/14/2025 16:17:00,8.8147,33.883
"1,939",10/14/2025 16:18:00,8.8157,33.773
"1,940",10/14/2025 16:19:00,8.8157,33.656
"1,941",10/14/2025 16:20:00,8.8137,33.594
"1,942",10/14/2025 16:21:00,8.8157,33.508
"1,943",10/14/2025 16:22:00,8.8157,33.453
"1,944",10/14/2025 16:23:00,8.8147,33.469
"1,945",10/14/2025 16:24:00,8.8157,33.523
"1,946",10/14/2025 16:25:00,8.8147,33.633
"1,947",10/14/2025 16:26:00,8.8157,33.703
"1,948",10/14/2025 16:27:00,8.8157,33.719
"1,949",10/14/2025 16:28:00,8.8147,33.742
"1,950",10/14/2025 16:29:00,8.8157,33.781
"1,951",10/14/2025 16:30:00,8.8157,33.742
"1,952",10/14/2025 16:31:00,8.8168,33.648
"1,953",10/14/2025 16:32:00,8.8147,33.563
"1,954",10/14/2025 16:33:00,8.8168,33.531
"1,955",10/14/2025 16:34:00,8.8168,33.578
"1,956",10/14/2025 16:35:00,8.8178,33.594
"1,957",10/14/2025 16:36:00,8.8157,33.602
"1,958",10/14/2025 16:37:00,8.8147,33.664
"1,959",10/14/2025 16:38:00,8.8157,33.734
"1,960",10/14/2025 16:39:00,8.8147,33.789
"1,961",10/14/2025 16:40:00,8.8168,33.836
"1,962",10/14/2025 16:41:00,8.8157,33.898
"1,963",10/14/2025 16:42:00,8.8168,33.898
"1,964",10/14/2025 16:43:00,8.8157,33.813
"1,965",10/14/2025 16:44:00,8.8157,33.742
"1,966",10/14/2025 16:45:00,8.8157,33.688
"1,967",10/14/2025 16:46:00,8.8168,33.664
"1,968",10/14/2025 16:47:00,8.8178,33.664
"1,969",10/14/2025 16:48:00,8.8168,33.664
"1,970",10/14/2025 16:49:00,8.8168,33.656
"1,971",10/14/2025 16:50:00,8.8168,33.648
"1,972",10/14/2025 16:51:00,8.8168,33.633
"1,973",10/14/2025 16:52:00,8.8168,33.602
"1,974",10/14/2025 16:53:00,8.8168,33.531
"1,975",10/14/2025 16:54:00,8.8168,33.492
"1,976",10/14/2025 16:55:00,8.8178,33.438
"1,977",10/14/2025 16:56:00,8.8178,33.367
"1,978",10/14/2025 16:57:00,8.8178,33.305
"1,979",10/14/2025 16:58:00,8.8178,33.227
"1,980",10/14/2025 16:59:00,8.8178,33.156
"1,981",10/14/2025 17:00:00,8.8188,33.078
"1,982",10/14/2025 17:01:00,8.8178,33.023
"1,983",10/14/2025 17:02:00,8.8198,32.953
"1,984",10/14/2025 17:03:00,8.8188,32.891
"1,985",10/14/2025 17:04:00,8.8188,32.852
"1,986",10/14/2025 17:05:00,8.8188,32.828
"1,987",10/14/2025 17:06:00,8.8198,32.813
"1,988",10/14/2025 17:07:00,8.8198,32.797
"1,989",10/14/2025 17:08:00,8.8178,32.766
"1,990",10/14/2025 17:09:00,8.8188,32.719
"1,991",10/14/2025 17:10:00,8.8188,32.695
"1,992",10/14/2025 17:11:00,8.8208,32.672
"1,993",10/14/2025 17:12:00,8.8198,32.641
"1,994",10/14/2025 17:13:00,8.8188,32.617
"1,995",10/14/2025 17:14:00,8.8198,32.617
"1,996",10/14/2025 17:15:00,8.8188,32.633
"1,997",10/14/2025 17:16:00,8.8188,32.672
"1,998",10/14/2025 17:17:00,8.8198,32.680
"1,999",10/14/2025 17:18:00,8.8198,32.672
"2,000",10/14/2025 17:19:00,8.8188,32.656
"2,001",10/14/2025 17:20:00,8.8188,32.648
"2,002",10/14/2025 17:21:00,8.8208,32.672
"2,003",10/14/2025 17:22:00,8.8188,32.703
"2,004",10/14/2025 17:23:00,8.8188,32.703
"2,005",10/14/2025 17:24:00,8.8198,32.680
"2,006",10/14/2025 17:25:00,8.8198,32.648
"2,007",10/14/2025 17:26:00,8.8188,32.609
"2,008",10/14/2025 17:27:00,8.8198,32.570
"2,009",10/14/2025 17:28:00,8.8208,32.523
"2,010",10/14/2025 17:29:00,8.8188,32.477
"2,011",10/14/2025 17:30:00,8.8198,32.406
"2,012",10/14/2025 17:31:00,8.8178,32.375
"2,013",10/14/2025 17:32:00,8.8198,32.453
"2,014",10/14/2025 17:33:00,8.8198,32.609
"2,015",10/14/2025 17:34:00,8.8198,32.766
"2,016",10/14/2025 17:35:00,8.8178,32.930
"2,017",10/14/2025 17:36:00,8.8188,33.055
"2,018",10/14/2025 17:37:00,8.8188,33.164
"2,019",10/14/2025 17:38:00,8.8188,33.250
"2,020",10/14/2025 17:39:00,8.8178,33.281
"2,021",10/14/2025 17:40:00,8.8188,33.266
"2,022",10/14/2025 17:41:00,8.8188,33.258
"2,023",10/14/2025 17:42:00,8.8198,33.203
"2,024",10/14/2025 17:43:00,8.8198,33.141
"2,025",10/14/2025 17:44:00,8.8198,33.117
"2,026",10/14/2025 17:45:00,8.8208,33.047
"2,027",10/14/2025 17:46:00,8.8188,32.992
"2,028",10/14/2025 17:47:00,8.8208,32.969
"2,029",10/14/2025 17:48:00,8.8198,32.930
"2,030",10/14/2025 17:49:00,8.8229,32.891
"2,031",10/14/2025 17:50:00,8.8198,32.820
"2,032",10/14/2025 17:51:00,8.8208,32.766
"2,033",10/14/2025 17:52:00,8.8198,32.734
"2,034",10/14/2025 17:53:00,8.8208,32.695
"2,035",10/14/2025 17:54:00,8.8219,32.672
"2,036",10/14/2025 17:55:00,8.8208,32.633
"2,037",10/14/2025 17:56:00,8.8219,32.617
"2,038",10/14/2025 17:57:00,8.8229,32.586
"2,039",10/14/2025 17:58:00,8.8219,32.531
"2,040",10/14/2025 17:59:00,8.8229,32.484
"2,041",10/14/2025 18:00:00,8.8219,32.430
"2,042",10/14/2025 18:01:00,8.8229,32.375
"2,043",10/14/2025 18:02:00,8.8208,32.297
"2,044",10/14/2025 18:03:00,8.8219,32.203
"2,045",10/14/2025 18:04:00,8.8239,32.133
"2,046",10/14/2025 18:05:00,8.8229,32.063
"2,047",10/14/2025 18:06:00,8.8239,32.008
"2,048",10/14/2025 18:07:00,8.8229,31.953
"2,049",10/14/2025 18:08:00,8.8239,31.898
"2,050",10/14/2025 18:09:00,8.8239,31.859
"2,051",10/14/2025 18:10:00,8.8229,31.805
"2,052",10/14/2025 18:11:00,8.8239,31.758
"2,053",10/14/2025 18:12:00,8.8239,31.695
"2,054",10/14/2025 18:13:00,8.8239,31.641
"2,055",10/14/2025 18:14:00,8.8249,31.594
"2,056",10/14/2025 18:15:00,8.8249,31.555
"2,057",10/14/2025 18:16:00,8.8259,31.516
"2,058",10/14/2025 18:17:00,8.8259,31.484
"2,059",10/14/2025 18:18:00,8.8259,31.445
"2,060",10/14/2025 18:19:00,8.8280,31.422
"2,061",10/14/2025 18:20:00,8.8270,31.383
"2,062",10/14/2025 18:21:00,8.8280,31.352
"2,063",10/14/2025 18:22:00,8.8270,31.313
"2,064",10/14/2025 18:23:00,8.8280,31.266
"2,065",10/14/2025 18:24:00,8.8270,31.227
"2,066",10/14/2025 18:25:00,8.8280,31.180
"2,067",10/14/2025 18:26:00,8.8280,31.141
"2,068",10/14/2025 18:27:00,8.8280,31.109
"2,069",10/14/2025 18:28:00,8.8280,31.094
"2,070",10/14/2025 18:29:00,8.8280,31.063
"2,071",10/14/2025 18:30:00,8.8270,31.023
"2,072",10/14/2025 18:31:00,8.8290,30.992
"2,073",10/14/2025 18:32:00,8.8280,30.961
"2,074",10/14/2025 18:33:00,8.8290,30.930
"2,075",10/14/2025 18:34:00,8.8290,30.891
"2,076",10/14/2025 18:35:00,8.8300,30.875
"2,077",10/14/2025 18:36:00,8.8300,30.875
"2,078",10/14/2025 18:37:00,8.8310,30.867
"2,079",10/14/2025 18:38:00,8.8300,30.859
"2,080",10/14/2025 18:39:00,8.8300,30.828
"2,081",10/14/2025 18:40:00,8.8321,30.781
"2,082",10/14/2025 18:41:00,8.8310,30.750
"2,083",10/14/2025 18:42:00,8.8321,30.734
"2,084",10/14/2025 18:43:00,8.8321,30.695
"2,085",10/14/2025 18:44:00,8.8310,30.656
"2,086",10/14/2025 18:45:00,8.8331,30.617
"2,087",10/14/2025 18:46:00,8.8321,30.578
"2,088",10/14/2025 18:47:00,8.8321,30.539
"2,089",10/14/2025 18:48:00,8.8331,30.492
"2,090",10/14/2025 18:49:00,8.8331,30.438
"2,091",10/14/2025 18:50:00,8.8341,30.289
"2,092",10/14/2025 18:51:00,8.8341,30.133
"2,093",10/14/2025 18:52:00,8.8351,29.891
"2,094",10/14/2025 18:53:00,8.8351,29.586
"2,095",10/14/2025 18:54:00,8.8361,29.297
"2,096",10/14/2025 18:55:00,8.8361,29.016
"2,097",10/14/2025 18:56:00,8.8372,28.758
"2,098",10/14/2025 18:57:00,8.8382,28.555
"2,099",10/14/2025 18:58:00,8.8372,28.375
"2,100",10/14/2025 18:59:00,8.8382,28.203
"2,101",10/14/2025 19:00:00,8.8382,28.031
"2,102",10/14/2025 19:01:00,8.8392,27.859
"2,103",10/14/2025 19:02:00,8.8412,27.695
"2,104",10/14/2025 19:03:00,8.8402,27.531
"2,105",10/14/2025 19:04:00,8.8423,27.367
"2,106",10/14/2025 19:05:00,8.8412,27.195
"2,107",10/14/2025 19:06:00,8.8412,27.039
"2,108",10/14/2025 19:07:00,8.8433,26.875
"2,109",10/14/2025 19:08:00,8.8423,26.727
"2,110",10/14/2025 19:09:00,8.8433,26.594
"2,111",10/14/2025 19:10:00,8.8433,26.477
"2,112",10/14/2025 19:11:00,8.8433,26.367
"2,113",10/14/2025 19:12:00,8.8433,26.258
"2,114",10/14/2025 19:13:00,8.8443,26.148
"2,115",10/14/2025 19:14:00,8.8433,26.070
"2,116",10/14/2025 19:15:00,8.8453,25.992
"2,117",10/14/2025 19:16:00,8.8443,25.922
"2,118",10/14/2025 19:17:00,8.8443,25.836
"2,119",10/14/2025 19:18:00,8.8453,25.758
"2,120",10/14/2025 19:19:00,8.8453,25.664
"2,121",10/14/2025 19:20:00,8.8453,25.594
"2,122",10/14/2025 19:21:00,8.8463,25.516
"2,123",10/14/2025 19:22:00,8.8443,25.445
"2,124",10/14/2025 19:23:00,8.8463,25.375
"2,125",10/14/2025 19:24:00,8.8453,25.289
"2,126",10/14/2025 19:25:00,8.8463,25.219
"2,127",10/14/2025 19:26:00,8.8474,25.148
"2,128",10/14/2025 19:27:00,8.8474,25.086
"2,129",10/14/2025 19:28:00,8.8474,25.031
"2,130",10/14/2025 19:29:00,8.8474,24.984
"2,131",10/14/2025 19:30:00,8.8484,24.945
"2,132",10/14/2025 19:31:00,8.8474,24.922
"2,133",10/14/2025 19:32:00,8.8484,24.891
"2,134",10/14/2025 19:33:00,8.8484,24.852
"2,135",10/14/2025 19:34:00,8.8494,24.789
"2,136",10/14/2025 19:35:00,8.8484,24.727
"2,137",10/14/2025 19:36:00,8.8484,24.680
"2,138",10/14/2025 19:37:00,8.8494,24.633
"2,139",10/14/2025 19:38:00,8.8494,24.586
"2,140",10/14/2025 19:39:00,8.8494,24.531
"2,141",10/14/2025 19:40:00,8.8504,24.492
"2,142",10/14/2025 19:41:00,8.8494,24.445
"2,143",10/14/2025 19:42:00,8.8504,24.406
"2,144",10/14/2025 19:43:00,8.8494,24.359
"2,145",10/14/2025 19:44:00,8.8504,24.305
"2,146",10/14/2025 19:45:00,8.8504,24.250
"2,147",10/14/2025 19:46:00,8.8504,24.203
"2,148",10/14/2025 19:47:00,8.8504,24.156
"2,149",10/14/2025 19:48:00,8.8514,24.094
"2,150",10/14/2025 19:49:00,8.8514,24.047
"2,151",10/14/2025 19:50:00,8.8514,23.977
"2,152",10/14/2025 19:51:00,8.8514,23.922
"2,153",10/14/2025 19:52:00,8.8514,23.867
"2,154",10/14/2025 19:53:00,8.8504,23.813
"2,155",10/14/2025 19:54:00,8.8514,23.766
"2,156",10/14/2025 19:55:00,8.8514,23.703
"2,157",10/14/2025 19:56:00,8.8524,23.641
"2,158",10/14/2025 19:57:00,8.8524,23.602
"2,159",10/14/2025 19:58:00,8.8514,23.539
"2,160",10/14/2025 19:59:00,8.8535,23.477
"2,161",10/14/2025 20:00:00,8.8524,23.430
"2,162",10/14/2025 20:01:00,8.8535,23.391
"2,163",10/14/2025 20:02:00,8.8545,23.344
"2,164",10/14/2025 20:03:00,8.8535,23.313
"2,165",10/14/2025 20:04:00,8.8535,23.273
"2,166",10/14/2025 20:05:00,8.8545,23.250
"2,167",10/14/2025 20:06:00,8.8535,23.211
"2,168",10/14/2025 20:07:00,8.8545,23.188
"2,169",10/14/2025 20:08:00,8.8555,23.148
"2,170",10/14/2025 20:09:00,8.8555,23.094
"2,171",10/14/2025 20:10:00,8.8555,23.047
"2,172",10/14/2025 20:11:00,8.8555,23.000
"2,173",10/14/2025 20:12:00,8.8555,22.953
"2,174",10/14/2025 20:13:00,8.8555,22.906
"2,175",10/14/2025 20:14:00,8.8565,22.875
"2,176",10/14/2025 20:15:00,8.8555,22.859
"2,177",10/14/2025 20:16:00,8.8565,22.844
"2,178",10/14/2025 20:17:00,8.8565,22.836
"2,179",10/14/2025 20:18:00,8.8565,22.813
"2,180",10/14/2025 20:19:00,8.8565,22.773
"2,181",10/14/2025 20:20:00,8.8575,22.719
"2,182",10/14/2025 20:21:00,8.8565,22.664
"2,183",10/14/2025 20:22:00,8.8575,22.594
"2,184",10/14/2025 20:23:00,8.8586,22.531
"2,185",10/14/2025 20:24:00,8.8575,22.477
"2,186",10/14/2025 20:25:00,8.8586,22.438
"2,187",10/14/2025 20:26:00,8.8575,22.398
"2,188",10/14/2025 20:27:00,8.8586,22.367
"2,189",10/14/2025 20:28:00,8.8586,22.328
"2,190",10/14/2025 20:29:00,8.8586,22.281
"2,191",10/14/2025 20:30:00,8.8586,22.250
"2,192",10/14/2025 20:31:00,8.8575,22.203
"2,193",10/14/2025 20:32:00,8.8586,22.164
"2,194",10/14/2025 20:33:00,8.8596,22.156
"2,195",10/14/2025 20:34:00,8.8596,22.180
"2,196",10/14/2025 20:35:00,8.8586,22.203
"2,197",10/14/2025 20:36:00,8.8596,22.219
"2,198",10/14/2025 20:37:00,8.8586,22.242
"2,199",10/14/2025 20:38:00,8.8586,22.250
"2,200",10/14/2025 20:39:00,8.8586,22.289
"2,201",10/14/2025 20:40:00,8.8596,22.281
"2,202",10/14/2025 20:41:00,8.8596,22.242
"2,203",10/14/2025 20:42:00,8.8606,22.180
"2,204",10/14/2025 20:43:00,8.8606,22.102
"2,205",10/14/2025 20:44:00,8.8606,22.039
"2,206",10/14/2025 20:45:00,8.8606,21.992
"2,207",10/14/2025 20:46:00,8.8606,21.930
"2,208",10/14/2025 20:47:00,8.8616,21.891
"2,209",10/14/2025 20:48:00,8.8616,21.836
"2,210",10/14/2025 20:49:00,8.8616,21.781
"2,211",10/14/2025 20:50:00,8.8616,21.727
"2,212",10/14/2025 20:51:00,8.8616,21.695
"2,213",10/14/2025 20:52:00,8.8616,21.680
"2,214",10/14/2025 20:53:00,8.8616,21.648
"2,215",10/14/2025 20:54:00,8.8626,21.633
"2,216",10/14/2025 20:55:00,8.8616,21.617
"2,217",10/14/2025 20:56:00,8.8626,21.602
"2,218",10/14/2025 20:57:00,8.8616,21.578
"2,219",10/14/2025 20:58:00,8.8626,21.547
"2,220",10/14/2025 20:59:00,8.8626,21.523
"2,221",10/14/2025 21:00:00,8.8616,21.484
"2,222",10/14/2025 21:01:00,8.8616,21.453
"2,223",10/14/2025 21:02:00,8.8616,21.414
"2,224",10/14/2025 21:03:00,8.8626,21.383
"2,225",10/14/2025 21:04:00,8.8626,21.352
"2,226",10/14/2025 21:05:00,8.8626,21.328
"2,227",10/14/2025 21:06:00,8.8626,21.313
"2,228",10/14/2025 21:07:00,8.8637,21.289
"2,229",10/14/2025 21:08:00,8.8626,21.266
"2,230",10/14/2025 21:09:00,8.8637,21.250
"2,231",10/14/2025 21:10:00,8.8637,21.242
"2,232",10/14/2025 21:11:00,8.8637,21.219
"2,233",10/14/2025 21:12:00,8.8637,21.195
"2,234",10/14/2025 21:13:00,8.8637,21.156
"2,235",10/14/2025 21:14:00,8.8637,21.102
"2,236",10/14/2025 21:15:00,8.8637,21.047
"2,237",10/14/2025 21:16:00,8.8647,20.992
"2,238",10/14/2025 21:17:00,8.8647,20.922
"2,239",10/14/2025 21:18:00,8.8647,20.859
"2,240",10/14/2025 21:19:00,8.8637,20.805
"2,241",10/14/2025 21:20:00,8.8647,20.758
"2,242",10/14/2025 21:21:00,8.8657,20.727
"2,243",10/14/2025 21:22:00,8.8647,20.688
"2,244",10/14/2025 21:23:00,8.8647,20.648
"2,245",10/14/2025 21:24:00,8.8647,20.602
"2,246",10/14/2025 21:25:00,8.8657,20.547
"2,247",10/14/2025 21:26:00,8.8667,20.492
"2,248",10/14/2025 21:27:00,8.8657,20.445
"2,249",10/14/2025 21:28:00,8.8657,20.406
"2,250",10/14/2025 21:29:00,8.8657,20.359
"2,251",10/14/2025 21:30:00,8.8657,20.305
"2,252",10/14/2025 21:31:00,8.8657,20.273
"2,253",10/14/2025 21:32:00,8.8667,20.234
"2,254",10/14/2025 21:33:00,8.8667,20.203
"2,255",10/14/2025 21:34:00,8.8667,20.188
"2,256",10/14/2025 21:35:00,8.8657,20.172
"2,257",10/14/2025 21:36:00,8.8667,20.156
"2,258",10/14/2025 21:37:00,8.8667,20.148
"2,259",10/14/2025 21:38:00,8.8677,20.125
"2,260",10/14/2025 21:39:00,8.8667,20.109
"2,261",10/14/2025 21:40:00,8.8677,20.086
"2,262",10/14/2025 21:41:00,8.8667,20.063
"2,263",10/14/2025 21:42:00,8.8667,20.055
"2,264",10/14/2025 21:43:00,8.8667,20.047
"2,265",10/14/2025 21:44:00,8.8677,20.023
"2,266",10/14/2025 21:45:00,8.8667,19.992
"2,267",10/14/2025 21:46:00,8.8667,19.930
"2,268",10/14/2025 21:47:00,8.8677,19.867
"2,269",10/14/2025 21:48:00,8.8677,19.813
"2,270",10/14/2025 21:49:00,8.8688,19.781
"2,271",10/14/2025 21:50:00,8.8688,19.742
"2,272",10/14/2025 21:51:00,8.8688,19.750
"2,273",10/14/2025 21:52:00,8.8688,19.734
"2,274",10/14/2025 21:53:00,8.8677,19.734
"2,275",10/14/2025 21:54:00,8.8688,19.750
"2,276",10/14/2025 21:55:00,8.8677,19.781
"2,277",10/14/2025 21:56:00,8.8677,19.789
"2,278",10/14/2025 21:57:00,8.8677,19.797
"2,279",10/14/2025 21:58:00,8.8677,19.781
"2,280",10/14/2025 21:59:00,8.8677,19.758
"2,281",10/14/2025 22:00:00,8.8677,19.758
"2,282",10/14/2025 22:01:00,8.8688,19.789
"2,283",10/14/2025 22:02:00,8.8677,19.813
"2,284",10/14/2025 22:03:00,8.8677,19.852
"2,285",10/14/2025 22:04:00,8.8667,19.883
"2,286",10/14/2025 22:05:00,8.8677,19.898
"2,287",10/14/2025 22:06:00,8.8677,19.906
"2,288",10/14/2025 22:07:00,8.8677,19.914
"2,289",10/14/2025 22:08:00,8.8677,19.898
"2,290",10/14/2025 22:09:00,8.8688,19.891
"2,291",10/14/2025 22:10:00,8.8688,19.875
"2,292",10/14/2025 22:11:00,8.8688,19.844
"2,293",10/14/2025 22:12:00,8.8688,19.813
"2,294",10/14/2025 22:13:00,8.8688,19.805
"2,295",10/14/2025 22:14:00,8.8688,19.797
"2,296",10/14/2025 22:15:00,8.8688,19.797
"2,297",10/14/2025 22:16:00,8.8688,19.789
"2,298",10/14/2025 22:17:00,8.8698,19.781
"2,299",10/14/2025 22:18:00,8.8698,19.758
"2,300",10/14/2025 22:19:00,8.8698,19.734
"2,301",10/14/2025 22:20:00,8.8708,19.727
"2,302",10/14/2025 22:21:00,8.8708,19.695
"2,303",10/14/2025 22:22:00,8.8698,19.656
"2,304",10/14/2025 22:23:00,8.8708,19.609
"2,305",10/14/2025 22:24:00,8.8708,19.578
"2,306",10/14/2025 22:25:00,8.8708,19.547
"2,307",10/14/2025 22:26:00,8.8708,19.523
"2,308",10/14/2025 22:27:00,8.8708,19.516
"2,309",10/14/2025 22:28:00,8.8708,19.500
"2,310",10/14/2025 22:29:00,8.8708,19.508
"2,311",10/14/2025 22:30:00,8.8718,19.500
"2,312",10/14/2025 22:31:00,8.8708,19.492
"2,313",10/14/2025 22:32:00,8.8708,19.477
"2,314",10/14/2025 22:33:00,8.8708,19.461
"2,315",10/14/2025 22:34:00,8.8708,19.453
"2,316",10/14/2025 22:35:00,8.8718,19.453
"2,317",10/14/2025 22:36:00,8.8718,19.453
"2,318",10/14/2025 22:37:00,8.8718,19.445
"2,319",10/14/2025 22:38:00,8.8718,19.414
"2,320",10/14/2025 22:39:00,8.8718,19.383
"2,321",10/14/2025 22:40:00,8.8728,19.344
"2,322",10/14/2025 22:41:00,8.8728,19.297
"2,323",10/14/2025 22:42:00,8.8728,19.273
"2,324",10/14/2025 22:43:00,8.8728,19.250
"2,325",10/14/2025 22:44:00,8.8728,19.242
"2,326",10/14/2025 22:45:00,8.8728,19.258
"2,327",10/14/2025 22:46:00,8.8728,19.250
"2,328",10/14/2025 22:47:00,8.8728,19.227
"2,329",10/14/2025 22:48:00,8.8728,19.195
"2,330",10/14/2025 22:49:00,8.8739,19.180
"2,331",10/14/2025 22:50:00,8.8739,19.156
"2,332",10/14/2025 22:51:00,8.8728,19.164
"2,333",10/14/2025 22:52:00,8.8739,19.156
"2,334",10/14/2025 22:53:00,8.8728,19.156
"2,335",10/14/2025 22:54:00,8.8728,19.164
"2,336",10/14/2025 22:55:00,8.8728,19.180
"2,337",10/14/2025 22:56:00,8.8728,19.148
"2,338",10/14/2025 22:57:00,8.8749,19.109
"2,339",10/14/2025 22:58:00,8.8739,19.070
"2,340",10/14/2025 22:59:00,8.8739,19.023
"2,341",10/14/2025 23:00:00,8.8739,18.984
"2,342",10/14/2025 23:01:00,8.8728,18.969
"2,343",10/14/2025 23:02:00,8.8739,18.953
"2,344",10/14/2025 23:03:00,8.8739,18.953
"2,345",10/14/2025 23:04:00,8.8739,18.945
"2,346",10/14/2025 23:05:00,8.8749,18.945
"2,347",10/14/2025 23:06:00,8.8749,18.961
"2,348",10/14/2025 23:07:00,8.8749,18.977
"2,349",10/14/2025 23:08:00,8.8739,18.992
"2,350",10/14/2025 23:09:00,8.8749,18.977
"2,351",10/14/2025 23:10:00,8.8749,18.930
"2,352",10/14/2025 23:11:00,8.8739,18.930
"2,353",10/14/2025 23:12:00,8.8749,18.961
"2,354",10/14/2025 23:13:00,8.8749,18.977
"2,355",10/14/2025 23:14:00,8.8749,18.984
"2,356",10/14/2025 23:15:00,8.8749,18.945
"2,357",10/14/2025 23:16:00,8.8749,18.898
"2,358",10/14/2025 23:17:00,8.8749,18.836
"2,359",10/14/2025 23:18:00,8.8749,18.797
"2,360",10/14/2025 23:19:00,8.8749,18.758
"2,361",10/14/2025 23:20:00,8.8749,18.719
"2,362",10/14/2025 23:21:00,8.8749,18.695
"2,363",10/14/2025 23:22:00,8.8749,18.680
"2,364",10/14/2025 23:23:00,8.8739,18.656
"2,365",10/14/2025 23:24:00,8.8749,18.633
"2,366",10/14/2025 23:25:00,8.8749,18.609
"2,367",10/14/2025 23:26:00,8.8749,18.594
"2,368",10/14/2025 23:27:00,8.8749,18.570
"2,369",10/14/2025 23:28:00,8.8749,18.555
"2,370",10/14/2025 23:29:00,8.8739,18.547
"2,371",10/14/2025 23:30:00,8.8749,18.547
"2,372",10/14/2025 23:31:00,8.8749,18.547
"2,373",10/14/2025 23:32:00,8.8749,18.523
"2,374",10/14/2025 23:33:00,8.8749,18.500
"2,375",10/14/2025 23:34:00,8.8749,18.484
"2,376",10/14/2025 23:35:00,8.8739,18.469
"2,377",10/14/2025 23:36:00,8.8749,18.469
"2,378",10/14/2025 23:37:00,8.8749,18.461
"2,379",10/14/2025 23:38:00,8.8749,18.469
"2,380",10/14/2025 23:39:00,8.8749,18.469
"2,381",10/14/2025 23:40:00,8.8749,18.461
"2,382",10/14/2025 23:41:00,8.8749,18.430
"2,383",10/14/2025 23:42:00,8.8749,18.391
"2,384",10/14/2025 23:43:00,8.8759,18.344
"2,385",10/14/2025 23:44:00,8.8749,18.313
"2,386",10/14/2025 23:45:00,8.8759,18.281
"2,387",10/14/2025 23:46:00,8.8759,18.266
"2,388",10/14/2025 23:47:00,8.8759,18.258
"2,389",10/14/2025 23:48:00,8.8749,18.297
"2,390",10/14/2025 23:49:00,8.8759,18.320
"2,391",10/14/2025 23:50:00,8.8759,18.320
"2,392",10/14/2025 23:51:00,8.8749,18.250
"2,393",10/14/2025 23:52:00,8.8759,18.172
"2,394",10/14/2025 23:53:00,8.8759,18.117
"2,395",10/14/2025 23:54:00,8.8749,18.055
"2,396",10/14/2025 23:55:00,8.8769,18.023
"2,397",10/14/2025 23:56:00,8.8769,18.000
"2,398",10/14/2025 23:57:00,8.8769,17.977
"2,399",10/14/2025 23:58:00,8.8769,17.961
"2,400",10/14/2025 23:59:00,8.8769,17.945
"2,401",10/15/2025 0:00:00,8.8769,17.945
"2,402",10/15/2025 0:01:00,8.8759,17.930
"2,403",10/15/2025 0:02:00,8.8759,17.922
"2,404",10/15/2025 0:03:00,8.8759,17.906
"2,405",10/15/2025 0:04:00,8.8759,17.883
"2,406",10/15/2025 0:05:00,8.8769,17.867
"2,407",10/15/2025 0:06:00,8.8759,17.836
"2,408",10/15/2025 0:07:00,8.8759,17.813
"2,409",10/15/2025 0:08:00,8.8759,17.805
"2,410",10/15/2025 0:09:00,8.8759,17.805
"2,411",10/15/2025 0:10:00,8.8759,17.828
"2,412",10/15/2025 0:11:00,8.8759,17.859
"2,413",10/15/2025 0:12:00,8.8759,17.938
"2,414",10/15/2025 0:13:00,8.8759,17.992
"2,415",10/15/2025 0:14:00,8.8759,18.023
"2,416",10/15/2025 0:15:00,8.8759,18.008
"2,417",10/15/2025 0:16:00,8.8759,17.969
"2,418",10/15/2025 0:17:00,8.8749,17.930
"2,419",10/15/2025 0:18:00,8.8769,17.906
"2,420",10/15/2025 0:19:00,8.8759,17.875
"2,421",10/15/2025 0:20:00,8.8759,17.859
"2,422",10/15/2025 0:21:00,8.8749,17.844
"2,423",10/15/2025 0:22:00,8.8749,17.828
"2,424",10/15/2025 0:23:00,8.8759,17.813
"2,425",10/15/2025 0:24:00,8.8759,17.805
"2,426",10/15/2025 0:25:00,8.8759,17.773
"2,427",10/15/2025 0:26:00,8.8759,17.750
"2,428",10/15/2025 0:27:00,8.8759,17.719
"2,429",10/15/2025 0:28:00,8.8759,17.695
"2,430",10/15/2025 0:29:00,8.8759,17.664
"2,431",10/15/2025 0:30:00,8.8759,17.625
"2,432",10/15/2025 0:31:00,8.8759,17.586
"2,433",10/15/2025 0:32:00,8.8759,17.531
"2,434",10/15/2025 0:33:00,8.8769,17.484
"2,435",10/15/2025 0:34:00,8.8769,17.453
"2,436",10/15/2025 0:35:00,8.8759,17.422
"2,437",10/15/2025 0:36:00,8.8759,17.398
"2,438",10/15/2025 0:37:00,8.8759,17.375
"2,439",10/15/2025 0:38:00,8.8759,17.344
"2,440",10/15/2025 0:39:00,8.8759,17.328
"2,441",10/15/2025 0:40:00,8.8759,17.297
"2,442",10/15/2025 0:41:00,8.8769,17.258
"2,443",10/15/2025 0:42:00,8.8759,17.211
"2,444",10/15/2025 0:43:00,8.8759,17.156
"2,445",10/15/2025 0:44:00,8.8769,17.125
"2,446",10/15/2025 0:45:00,8.8779,17.094
"2,447",10/15/2025 0:46:00,8.8779,17.063
"2,448",10/15/2025 0:47:00,8.8769,17.039
"2,449",10/15/2025 0:48:00,8.8769,17.016
"2,450",10/15/2025 0:49:00,8.8769,17.008
"2,451",10/15/2025 0:50:00,8.8759,16.992
"2,452",10/15/2025 0:51:00,8.8769,16.992
"2,453",10/15/2025 0:52:00,8.8769,17.016
"2,454",10/15/2025 0:53:00,8.8759,17.023
"2,455",10/15/2025 0:54:00,8.8769,17.039
"2,456",10/15/2025 0:55:00,8.8769,17.063
"2,457",10/15/2025 0:56:00,8.8759,17.070
"2,458",10/15/2025 0:57:00,8.8759,17.086
"2,459",10/15/2025 0:58:00,8.8769,17.094
"2,460",10/15/2025 0:59:00,8.8769,17.109
"2,461",10/15/2025 1:00:00,8.8769,17.125
"2,462",10/15/2025 1:01:00,8.8769,17.133
"2,463",10/15/2025 1:02:00,8.8769,17.141
"2,464",10/15/2025 1:03:00,8.8769,17.141
"2,465",10/15/2025 1:04:00,8.8769,17.117
"2,466",10/15/2025 1:05:00,8.8749,17.250
"2,467",10/15/2025 1:06:00,8.8749,17.586
"2,468",10/15/2025 1:07:00,8.8728,18.016
"2,469",10/15/2025 1:08:00,8.8708,18.508
"2,470",10/15/2025 1:09:00,8.8698,18.945
"2,471",10/15/2025 1:10:00,8.8698,19.320
"2,472",10/15/2025 1:11:00,8.8688,19.664
"2,473",10/15/2025 1:12:00,8.8688,19.984
"2,474",10/15/2025 1:13:00,8.8677,20.281
"2,475",10/15/2025 1:14:00,8.8677,20.555
"2,476",10/15/2025 1:15:00,8.8667,20.773
"2,477",10/15/2025 1:16:00,8.8667,20.977
"2,478",10/15/2025 1:17:00,8.8667,21.133
"2,479",10/15/2025 1:18:00,8.8667,21.289
"2,480",10/15/2025 1:19:00,8.8657,21.438
"2,481",10/15/2025 1:20:00,8.8647,21.586
"2,482",10/15/2025 1:21:00,8.8637,21.727
"2,483",10/15/2025 1:22:00,8.8647,21.844
"2,484",10/15/2025 1:23:00,8.8626,21.961
"2,485",10/15/2025 1:24:00,8.8637,22.055
"2,486",10/15/2025 1:25:00,8.8637,22.164
"2,487",10/15/2025 1:26:00,8.8637,22.242
"2,488",10/15/2025 1:27:00,8.8626,22.328
"2,489",10/15/2025 1:28:00,8.8616,22.367
"2,490",10/15/2025 1:29:00,8.8626,22.414
"2,491",10/15/2025 1:30:00,8.8616,22.492
"2,492",10/15/2025 1:31:00,8.8616,22.570
"2,493",10/15/2025 1:32:00,8.8626,22.656
"2,494",10/15/2025 1:33:00,8.8616,22.727
"2,495",10/15/2025 1:34:00,8.8616,22.781
"2,496",10/15/2025 1:35:00,8.8616,22.813
"2,497",10/15/2025 1:36:00,8.8616,22.836
"2,498",10/15/2025 1:37:00,8.8616,22.852
"2,499",10/15/2025 1:38:00,8.8626,22.867
"2,500",10/15/2025 1:39:00,8.8616,22.891
"2,501",10/15/2025 1:40:00,8.8626,22.898
"2,502",10/15/2025 1:41:00,8.8626,22.914
"2,503",10/15/2025 1:42:00,8.8616,22.914
"2,504",10/15/2025 1:43:00,8.8606,22.914
"2,505",10/15/2025 1:44:00,8.8606,22.930
"2,506",10/15/2025 1:45:00,8.8616,22.953
"2,507",10/15/2025 1:46:00,8.8616,22.969
"2,508",10/15/2025 1:47:00,8.8606,23.000
"2,509",10/15/2025 1:48:00,8.8616,23.039
"2,510",10/15/2025 1:49:00,8.8606,23.078
"2,511",10/15/2025 1:50:00,8.8606,23.094
"2,512",10/15/2025 1:51:00,8.8606,23.109
"2,513",10/15/2025 1:52:00,8.8606,23.109
"2,514",10/15/2025 1:53:00,8.8616,23.109
"2,515",10/15/2025 1:54:00,8.8606,23.109
"2,516",10/15/2025 1:55:00,8.8606,23.117
"2,517",10/15/2025 1:56:00,8.8596,23.148
"2,518",10/15/2025 1:57:00,8.8586,23.203
"2,519",10/15/2025 1:58:00,8.8586,23.195
"2,520",10/15/2025 1:59:00,8.8586,23.188
"2,521",10/15/2025 2:00:00,8.8586,23.211
"2,522",10/15/2025 2:01:00,8.8586,23.219
"2,523",10/15/2025 2:02:00,8.8586,23.211
"2,524",10/15/2025 2:03:00,8.8596,23.203
"2,525",10/15/2025 2:04:00,8.8586,23.211
"2,526",10/15/2025 2:05:00,8.8586,23.195
"2,527",10/15/2025 2:06:00,8.8586,23.227
"2,528",10/15/2025 2:07:00,8.8596,23.234
"2,529",10/15/2025 2:08:00,8.8586,23.234
"2,530",10/15/2025 2:09:00,8.8586,23.211
"2,531",10/15/2025 2:10:00,8.8586,23.203
"2,532",10/15/2025 2:11:00,8.8586,23.195
"2,533",10/15/2025 2:12:00,8.8586,23.219
"2,534",10/15/2025 2:13:00,8.8586,23.250
"2,535",10/15/2025 2:14:00,8.8575,23.273
"2,536",10/15/2025 2:15:00,8.8575,23.289
"2,537",10/15/2025 2:16:00,8.8586,23.297
"2,538",10/15/2025 2:17:00,8.8575,23.273
"2,539",10/15/2025 2:18:00,8.8586,23.258
"2,540",10/15/2025 2:19:00,8.8586,23.234
"2,541",10/15/2025 2:20:00,8.8586,23.219
"2,542",10/15/2025 2:21:00,8.8586,23.195
"2,543",10/15/2025 2:22:00,8.8586,23.172
"2,544",10/15/2025 2:23:00,8.8575,23.148
"2,545",10/15/2025 2:24:00,8.8586,23.141
"2,546",10/15/2025 2:25:00,8.8575,23.148
"2,547",10/15/2025 2:26:00,8.8586,23.180
"2,548",10/15/2025 2:27:00,8.8586,23.203
"2,549",10/15/2025 2:28:00,8.8586,23.219
"2,550",10/15/2025 2:29:00,8.8586,23.234
"2,551",10/15/2025 2:30:00,8.8586,23.234
"2,552",10/15/2025 2:31:00,8.8586,23.234
"2,553",10/15/2025 2:32:00,8.8586,23.242
"2,554",10/15/2025 2:33:00,8.8575,23.242
"2,555",10/15/2025 2:34:00,8.8575,23.242
"2,556",10/15/2025 2:35:00,8.8586,23.227
"2,557",10/15/2025 2:36:00,8.8586,23.227
"2,558",10/15/2025 2:37:00,8.8586,23.234
"2,559",10/15/2025 2:38:00,8.8586,23.234
"2,560",10/15/2025 2:39:00,8.8575,23.266
"2,561",10/15/2025 2:40:00,8.8586,23.297
"2,562",10/15/2025 2:41:00,8.8575,23.297
"2,563",10/15/2025 2:42:00,8.8575,23.273
"2,564",10/15/2025 2:43:00,8.8586,23.266
"2,565",10/15/2025 2:44:00,8.8586,23.258
"2,566",10/15/2025 2:45:00,8.8575,23.242
"2,567",10/15/2025 2:46:00,8.8586,23.227
"2,568",10/15/2025 2:47:00,8.8575,23.203
"2,569",10/15/2025 2:48:00,8.8575,23.164
"2,570",10/15/2025 2:49:00,8.8575,23.125
"2,571",10/15/2025 2:50:00,8.8586,23.094
"2,572",10/15/2025 2:51:00,8.8575,23.078
"2,573",10/15/2025 2:52:00,8.8586,23.039
"2,574",10/15/2025 2:53:00,8.8575,23.008
"2,575",10/15/2025 2:54:00,8.8575,22.945
"2,576",10/15/2025 2:55:00,8.8596,22.898
"2,577",10/15/2025 2:56:00,8.8575,22.867
"2,578",10/15/2025 2:57:00,8.8586,22.820
"2,579",10/15/2025 2:58:00,8.8596,22.680
"2,580",10/15/2025 2:59:00,8.8606,22.391
"2,581",10/15/2025 3:00:00,8.8616,22.086
"2,582",10/15/2025 3:01:00,8.8616,21.820
"2,583",10/15/2025 3:02:00,8.8626,21.531
"2,584",10/15/2025 3:03:00,8.8626,21.273
"2,585",10/15/2025 3:04:00,8.8637,21.000
"2,586",10/15/2025 3:05:00,8.8637,20.750
"2,587",10/15/2025 3:06:00,8.8647,20.531
"2,588",10/15/2025 3:07:00,8.8647,20.352
"2,589",10/15/2025 3:08:00,8.8657,20.164
"2,590",10/15/2025 3:09:00,8.8657,19.961
"2,591",10/15/2025 3:10:00,8.8657,19.766
"2,592",10/15/2025 3:11:00,8.8657,19.594
"2,593",10/15/2025 3:12:00,8.8667,19.430
"2,594",10/15/2025 3:13:00,8.8667,19.273
"2,595",10/15/2025 3:14:00,8.8667,19.125
"2,596",10/15/2025 3:15:00,8.8677,18.977
"2,597",10/15/2025 3:16:00,8.8667,18.844
"2,598",10/15/2025 3:17:00,8.8677,18.727
"2,599",10/15/2025 3:18:00,8.8677,18.617
"2,600",10/15/2025 3:19:00,8.8688,18.523
"2,601",10/15/2025 3:20:00,8.8677,18.414
"2,602",10/15/2025 3:21:00,8.8677,18.289
"2,603",10/15/2025 3:22:00,8.8677,18.164
"2,604",10/15/2025 3:23:00,8.8688,18.023
"2,605",10/15/2025 3:24:00,8.8688,17.859
"2,606",10/15/2025 3:25:00,8.8698,17.719
"2,607",10/15/2025 3:26:00,8.8698,17.602
"2,608",10/15/2025 3:27:00,8.8698,17.508
"2,609",10/15/2025 3:28:00,8.8698,17.422
"2,610",10/15/2025 3:29:00,8.8698,17.359
"2,611",10/15/2025 3:30:00,8.8698,17.313
"2,612",10/15/2025 3:31:00,8.8698,17.250
"2,613",10/15/2025 3:32:00,8.8698,17.188
"2,614",10/15/2025 3:33:00,8.8698,17.133
"2,615",10/15/2025 3:34:00,8.8698,17.070
"2,616",10/15/2025 3:35:00,8.8708,17.023
"2,617",10/15/2025 3:36:00,8.8708,16.961
"2,618",10/15/2025 3:37:00,8.8708,16.914
"2,619",10/15/2025 3:38:00,8.8698,16.859
"2,620",10/15/2025 3:39:00,8.8708,16.797
"2,621",10/15/2025 3:40:00,8.8698,16.742
"2,622",10/15/2025 3:41:00,8.8708,16.688
"2,623",10/15/2025 3:42:00,8.8708,16.633
"2,624",10/15/2025 3:43:00,8.8708,16.578
"2,625",10/15/2025 3:44:00,8.8708,16.523
"2,626",10/15/2025 3:45:00,8.8708,16.469
"2,627",10/15/2025 3:46:00,8.8708,16.422
"2,628",10/15/2025 3:47:00,8.8708,16.375
"2,629",10/15/2025 3:48:00,8.8708,16.320
"2,630",10/15/2025 3:49:00,8.8718,16.250
"2,631",10/15/2025 3:50:00,8.8718,16.172
"2,632",10/15/2025 3:51:00,8.8718,16.109
"2,633",10/15/2025 3:52:00,8.8718,16.055
"2,634",10/15/2025 3:53:00,8.8718,16.000
"2,635",10/15/2025 3:54:00,8.8728,15.945
"2,636",10/15/2025 3:55:00,8.8728,15.883
"2,637",10/15/2025 3:56:00,8.8739,15.828
"2,638",10/15/2025 3:57:00,8.8728,15.766
"2,639",10/15/2025 3:58:00,8.8728,15.727
"2,640",10/15/2025 3:59:00,8.8739,15.688
"2,641",10/15/2025 4:00:00,8.8718,15.680
"2,642",10/15/2025 4:01:00,8.8728,15.656
"2,643",10/15/2025 4:02:00,8.8728,15.633
"2,644",10/15/2025 4:03:00,8.8739,15.617
"2,645",10/15/2025 4:04:00,8.8728,15.602
"2,646",10/15/2025 4:05:00,8.8728,15.586
"2,647",10/15/2025 4:06:00,8.8728,15.563
"2,648",10/15/2025 4:07:00,8.8728,15.547
"2,649",10/15/2025 4:08:00,8.8728,15.523
"2,650",10/15/2025 4:09:00,8.8728,15.492
"2,651",10/15/2025 4:10:00,8.8728,15.461
"2,652",10/15/2025 4:11:00,8.8739,15.414
"2,653",10/15/2025 4:12:00,8.8728,15.367
"2,654",10/15/2025 4:13:00,8.8739,15.328
"2,655",10/15/2025 4:14:00,8.8739,15.281
"2,656",10/15/2025 4:15:00,8.8739,15.234
"2,657",10/15/2025 4:16:00,8.8749,15.188
"2,658",10/15/2025 4:17:00,8.8739,15.148
"2,659",10/15/2025 4:18:00,8.8749,15.109
"2,660",10/15/2025 4:19:00,8.8739,15.086
"2,661",10/15/2025 4:20:00,8.8739,15.070
"2,662",10/15/2025 4:21:00,8.8739,15.055
"2,663",10/15/2025 4:22:00,8.8739,15.047
"2,664",10/15/2025 4:23:00,8.8739,15.055
"2,665",10/15/2025 4:24:00,8.8739,15.055
"2,666",10/15/2025 4:25:00,8.8739,15.063
"2,667",10/15/2025 4:26:00,8.8739,15.055
"2,668",10/15/2025 4:27:00,8.8749,15.047
"2,669",10/15/2025 4:28:00,8.8749,15.055
"2,670",10/15/2025 4:29:00,8.8749,15.039
"2,671",10/15/2025 4:30:00,8.8749,15.008
"2,672",10/15/2025 4:31:00,8.8749,14.992
"2,673",10/15/2025 4:32:00,8.8749,14.969
"2,674",10/15/2025 4:33:00,8.8749,14.945
"2,675",10/15/2025 4:34:00,8.8759,14.922
"2,676",10/15/2025 4:35:00,8.8749,14.891
"2,677",10/15/2025 4:36:00,8.8759,14.852
"2,678",10/15/2025 4:37:00,8.8759,14.805
"2,679",10/15/2025 4:38:00,8.8759,14.766
"2,680",10/15/2025 4:39:00,8.8759,14.727
"2,681",10/15/2025 4:40:00,8.8759,14.695
"2,682",10/15/2025 4:41:00,8.8769,14.656
"2,683",10/15/2025 4:42:00,8.8769,14.625
"2,684",10/15/2025 4:43:00,8.8769,14.594
"2,685",10/15/2025 4:44:00,8.8769,14.570
"2,686",10/15/2025 4:45:00,8.8769,14.547
"2,687",10/15/2025 4:46:00,8.8769,14.516
"2,688",10/15/2025 4:47:00,8.8769,14.484
"2,689",10/15/2025 4:48:00,8.8779,14.453
"2,690",10/15/2025 4:49:00,8.8779,14.438
"2,691",10/15/2025 4:50:00,8.8779,14.430
"2,692",10/15/2025 4:51:00,8.8790,14.422
"2,693",10/15/2025 4:52:00,8.8790,14.406
"2,694",10/15/2025 4:53:00,8.8790,14.391
"2,695",10/15/2025 4:54:00,8.8790,14.391
"2,696",10/15/2025 4:55:00,8.8790,14.367
"2,697",10/15/2025 4:56:00,8.8790,14.352
"2,698",10/15/2025 4:57:00,8.8790,14.328
"2,699",10/15/2025 4:58:00,8.8790,14.305
"2,700",10/15/2025 4:59:00,8.8800,14.289
"2,701",10/15/2025 5:00:00,8.8800,14.266
"2,702",10/15/2025 5:01:00,8.8800,14.242
"2,703",10/15/2025 5:02:00,8.8800,14.227
"2,704",10/15/2025 5:03:00,8.8800,14.211
"2,705",10/15/2025 5:04:00,8.8810,14.195
"2,706",10/15/2025 5:05:00,8.8800,14.188
"2,707",10/15/2025 5:06:00,8.8800,14.180
"2,708",10/15/2025 5:07:00,8.8810,14.172
"2,709",10/15/2025 5:08:00,8.8810,14.164
"2,710",10/15/2025 5:09:00,8.8810,14.141
"2,711",10/15/2025 5:10:00,8.8810,14.117
"2,712",10/15/2025 5:11:00,8.8810,14.078
"2,713",10/15/2025 5:12:00,8.8810,14.063
"2,714",10/15/2025 5:13:00,8.8820,14.031
"2,715",10/15/2025 5:14:00,8.8820,14.016
"2,716",10/15/2025 5:15:00,8.8820,14.008
"2,717",10/15/2025 5:16:00,8.8820,14.016
"2,718",10/15/2025 5:17:00,8.8820,14.023
"2,719",10/15/2025 5:18:00,8.8820,14.031
"2,720",10/15/2025 5:19:00,8.8830,14.031
"2,721",10/15/2025 5:20:00,8.8830,14.023
"2,722",10/15/2025 5:21:00,8.8830,14.000
"2,723",10/15/2025 5:22:00,8.8830,13.961
"2,724",10/15/2025 5:23:00,8.8840,13.930
"2,725",10/15/2025 5:24:00,8.8840,13.883
"2,726",10/15/2025 5:25:00,8.8840,13.844
"2,727",10/15/2025 5:26:00,8.8840,13.820
"2,728",10/15/2025 5:27:00,8.8840,13.797
"2,729",10/15/2025 5:28:00,8.8840,13.781
"2,730",10/15/2025 5:29:00,8.8840,13.773
"2,731",10/15/2025 5:30:00,8.8851,13.773
"2,732",10/15/2025 5:31:00,8.8840,13.758
"2,733",10/15/2025 5:32:00,8.8851,13.758
"2,734",10/15/2025 5:33:00,8.8851,13.750
"2,735",10/15/2025 5:34:00,8.8851,13.734
"2,736",10/15/2025 5:35:00,8.8861,13.711
"2,737",10/15/2025 5:36:00,8.8851,13.688
"2,738",10/15/2025 5:37:00,8.8861,13.656
"2,739",10/15/2025 5:38:00,8.8861,13.633
"2,740",10/15/2025 5:39:00,8.8871,13.609
"2,741",10/15/2025 5:40:00,8.8871,13.578
"2,742",10/15/2025 5:41:00,8.8871,13.555
"2,743",10/15/2025 5:42:00,8.8871,13.531
"2,744",10/15/2025 5:43:00,8.8871,13.516
"2,745",10/15/2025 5:44:00,8.8881,13.500
"2,746",10/15/2025 5:45:00,8.8881,13.484
"2,747",10/15/2025 5:46:00,8.8881,13.469
"2,748",10/15/2025 5:47:00,8.8881,13.461
"2,749",10/15/2025 5:48:00,8.8891,13.445
"2,750",10/15/2025 5:49:00,8.8891,13.438
"2,751",10/15/2025 5:50:00,8.8891,13.422
"2,752",10/15/2025 5:51:00,8.8891,13.398
"2,753",10/15/2025 5:52:00,8.8891,13.391
"2,754",10/15/2025 5:53:00,8.8902,13.383
"2,755",10/15/2025 5:54:00,8.8881,13.391
"2,756",10/15/2025 5:55:00,8.8891,13.398
"2,757",10/15/2025 5:56:00,8.8891,13.383
"2,758",10/15/2025 5:57:00,8.8891,13.367
"2,759",10/15/2025 5:58:00,8.8902,13.352
"2,760",10/15/2025 5:59:00,8.8902,13.344
"2,761",10/15/2025 6:00:00,8.8902,13.344
"2,762",10/15/2025 6:01:00,8.8902,13.359
"2,763",10/15/2025 6:02:00,8.8902,13.375
"2,764",10/15/2025 6:03:00,8.8902,13.398
"2,765",10/15/2025 6:04:00,8.8902,13.422
"2,766",10/15/2025 6:05:00,8.8902,13.445
"2,767",10/15/2025 6:06:00,8.8912,13.445
"2,768",10/15/2025 6:07:00,8.8902,13.445
"2,769",10/15/2025 6:08:00,8.8902,13.445
"2,770",10/15/2025 6:09:00,8.8902,13.461
"2,771",10/15/2025 6:10:00,8.8912,13.469
"2,772",10/15/2025 6:11:00,8.8912,13.469
"2,773",10/15/2025 6:12:00,8.8912,13.445
"2,774",10/15/2025 6:13:00,8.8912,13.445
"2,775",10/15/2025 6:14:00,8.8922,13.414
"2,776",10/15/2025 6:15:00,8.8922,13.406
"2,777",10/15/2025 6:16:00,8.8922,13.398
"2,778",10/15/2025 6:17:00,8.8922,13.391
"2,779",10/15/2025 6:18:00,8.8922,13.398
"2,780",10/15/2025 6:19:00,8.8922,13.422
"2,781",10/15/2025 6:20:00,8.8922,13.445
"2,782",10/15/2025 6:21:00,8.8932,13.484
"2,783",10/15/2025 6:22:00,8.8922,13.508
"2,784",10/15/2025 6:23:00,8.8922,13.539
"2,785",10/15/2025 6:24:00,8.8922,13.570
"2,786",10/15/2025 6:25:00,8.8922,13.609
"2,787",10/15/2025 6:26:00,8.8922,13.656
"2,788",10/15/2025 6:27:00,8.8922,13.703
"2,789",10/15/2025 6:28:00,8.8922,13.758
"2,790",10/15/2025 6:29:00,8.8932,13.828
"2,791",10/15/2025 6:30:00,8.8922,13.883
"2,792",10/15/2025 6:31:00,8.8922,13.945
"2,793",10/15/2025 6:32:00,8.8922,14.008
"2,794",10/15/2025 6:33:00,8.8922,14.063
"2,795",10/15/2025 6:34:00,8.8932,14.102
"2,796",10/15/2025 6:35:00,8.8932,14.133
"2,797",10/15/2025 6:36:00,8.8922,14.180
"2,798",10/15/2025 6:37:00,8.8922,14.227
"2,799",10/15/2025 6:38:00,8.8932,14.281
"2,800",10/15/2025 6:39:00,8.8922,14.336
"2,801",10/15/2025 6:40:00,8.8932,14.406
"2,802",10/15/2025 6:41:00,8.8922,14.484
"2,803",10/15/2025 6:42:00,8.8922,14.570
"2,804",10/15/2025 6:43:00,8.8922,14.656
"2,805",10/15/2025 6:44:00,8.8922,14.719
"2,806",10/15/2025 6:45:00,8.8922,14.797
"2,807",10/15/2025 6:46:00,8.8922,14.875
"2,808",10/15/2025 6:47:00,8.8922,14.961
"2,809",10/15/2025 6:48:00,8.8912,15.039
"2,810",10/15/2025 6:49:00,8.8922,15.125
"2,811",10/15/2025 6:50:00,8.8912,15.211
"2,812",10/15/2025 6:51:00,8.8912,15.281
"2,813",10/15/2025 6:52:00,8.8912,15.375
"2,814",10/15/2025 6:53:00,8.8912,15.461
"2,815",10/15/2025 6:54:00,8.8912,15.563
"2,816",10/15/2025 6:55:00,8.8902,15.656
"2,817",10/15/2025 6:56:00,8.8902,15.758
"2,818",10/15/2025 6:57:00,8.8902,15.852
"2,819",10/15/2025 6:58:00,8.8912,15.953
"2,820",10/15/2025 6:59:00,8.8902,16.063
"2,821",10/15/2025 7:00:00,8.8902,16.188
"2,822",10/15/2025 7:01:00,8.8912,16.320
"2,823",10/15/2025 7:02:00,8.8902,16.430
"2,824",10/15/2025 7:03:00,8.8902,16.555
"2,825",10/15/2025 7:04:00,8.8902,16.656
"2,826",10/15/2025 7:05:00,8.8902,16.758
"2,827",10/15/2025 7:06:00,8.8902,16.859
"2,828",10/15/2025 7:07:00,8.8902,16.977
"2,829",10/15/2025 7:08:00,8.8891,17.094
"2,830",10/15/2025 7:09:00,8.8902,17.195
"2,831",10/15/2025 7:10:00,8.8891,17.297
"2,832",10/15/2025 7:11:00,8.8902,17.375
"2,833",10/15/2025 7:12:00,8.8902,17.469
"2,834",10/15/2025 7:13:00,8.8902,17.563
"2,835",10/15/2025 7:14:00,8.8891,17.680
"2,836",10/15/2025 7:15:00,8.8891,17.781
"2,837",10/15/2025 7:16:00,8.8891,17.891
"2,838",10/15/2025 7:17:00,8.8902,18.000
"2,839",10/15/2025 7:18:00,8.8902,18.125
"2,840",10/15/2025 7:19:00,8.8902,18.266
"2,841",10/15/2025 7:20:00,8.8912,18.430
"2,842",10/15/2025 7:21:00,8.8912,18.625
"2,843",10/15/2025 7:22:00,8.8912,18.836
"2,844",10/15/2025 7:23:00,8.8922,19.000
"2,845",10/15/2025 7:24:00,8.8912,19.180
"2,846",10/15/2025 7:25:00,8.8912,19.367
"2,847",10/15/2025 7:26:00,8.8912,19.531
"2,848",10/15/2025 7:27:00,8.8912,19.680
"2,849",10/15/2025 7:28:00,8.8912,19.859
"2,850",10/15/2025 7:29:00,8.8912,20.094
"2,851",10/15/2025 7:30:00,8.8902,20.328
"2,852",10/15/2025 7:31:00,8.8891,20.531
"2,853",10/15/2025 7:32:00,8.8891,20.695
"2,854",10/15/2025 7:33:00,8.8891,20.883
"2,855",10/15/2025 7:34:00,8.8891,21.047
"2,856",10/15/2025 7:35:00,8.8891,21.219
"2,857",10/15/2025 7:36:00,8.8891,21.383
"2,858",10/15/2025 7:37:00,8.8891,21.539
"2,859",10/15/2025 7:38:00,8.8881,21.688
"2,860",10/15/2025 7:39:00,8.8891,21.813
"2,861",10/15/2025 7:40:00,8.8881,21.953
"2,862",10/15/2025 7:41:00,8.8891,22.133
"2,863",10/15/2025 7:42:00,8.8871,22.297
"2,864",10/15/2025 7:43:00,8.8881,22.453
"2,865",10/15/2025 7:44:00,8.8881,22.594
"2,866",10/15/2025 7:45:00,8.8881,22.742
"2,867",10/15/2025 7:46:00,8.8871,22.883
"2,868",10/15/2025 7:47:00,8.8881,23.008
"2,869",10/15/2025 7:48:00,8.8861,23.133
"2,870",10/15/2025 7:49:00,8.8871,23.242
"2,871",10/15/2025 7:50:00,8.8851,23.344
"2,872",10/15/2025 7:51:00,8.8861,23.484
"2,873",10/15/2025 7:52:00,8.8871,23.609
"2,874",10/15/2025 7:53:00,8.8871,23.727
"2,875",10/15/2025 7:54:00,8.8871,23.813
"2,876",10/15/2025 7:55:00,8.8871,23.852
"2,877",10/15/2025 7:56:00,8.8861,23.938
"2,878",10/15/2025 7:57:00,8.8861,24.047
"2,879",10/15/2025 7:58:00,8.8861,24.172
"2,880",10/15/2025 7:59:00,8.8861,24.328
"2,881",10/15/2025 8:00:00,8.8851,24.492
"2,882",10/15/2025 8:01:00,8.8851,24.633
"2,883",10/15/2025 8:02:00,8.8851,24.789
"2,884",10/15/2025 8:03:00,8.8871,24.930
"2,885",10/15/2025 8:04:00,8.8861,25.055
"2,886",10/15/2025 8:05:00,8.8851,25.195
"2,887",10/15/2025 8:06:00,8.8840,25.336
"2,888",10/15/2025 8:07:00,8.8851,25.445
"2,889",10/15/2025 8:08:00,8.8851,25.570
"2,890",10/15/2025 8:09:00,8.8851,25.633
"2,891",10/15/2025 8:10:00,8.8851,25.719
"2,892",10/15/2025 8:11:00,8.8840,25.750
"2,893",10/15/2025 8:12:00,8.8840,25.805
"2,894",10/15/2025 8:13:00,8.8840,25.906
"2,895",10/15/2025 8:14:00,8.8840,26.008
"2,896",10/15/2025 8:15:00,8.8851,26.039
"2,897",10/15/2025 8:16:00,8.8840,26.070
"2,898",10/15/2025 8:17:00,8.8851,26.133
"2,899",10/15/2025 8:18:00,8.8861,26.195
"2,900",10/15/2025 8:19:00,8.8840,26.250
"2,901",10/15/2025 8:20:00,8.8851,26.242
"2,902",10/15/2025 8:21:00,8.8851,26.242
"2,903",10/15/2025 8:22:00,8.8851,26.203
"2,904",10/15/2025 8:23:00,8.8851,26.266
"2,905",10/15/2025 8:24:00,8.8840,26.305
"2,906",10/15/2025 8:25:00,8.8840,26.313
"2,907",10/15/2025 8:26:00,8.8861,26.227
"2,908",10/15/2025 8:27:00,8.8851,26.188
"2,909",10/15/2025 8:28:00,8.8851,26.148
"2,910",10/15/2025 8:29:00,8.8830,26.172
"2,911",10/15/2025 8:30:00,8.8851,26.211
"2,912",10/15/2025 8:31:00,8.8851,26.234
"2,913",10/15/2025 8:32:00,8.8851,26.273
"2,914",10/15/2025 8:33:00,8.8840,26.352
"2,915",10/15/2025 8:34:00,8.8851,26.477
"2,916",10/15/2025 8:35:00,8.8830,26.648
"2,917",10/15/2025 8:36:00,8.8851,26.758
"2,918",10/15/2025 8:37:00,8.8840,26.805
"2,919",10/15/2025 8:38:00,8.8840,26.852
"2,920",10/15/2025 8:39:00,8.8840,26.922
"2,921",10/15/2025 8:40:00,8.8830,27.063
"2,922",10/15/2025 8:41:00,8.8830,27.117
"2,923",10/15/2025 8:42:00,8.8830,27.242
"2,924",10/15/2025 8:43:00,8.8830,27.398
"2,925",10/15/2025 8:44:00,8.8810,27.531
"2,926",10/15/2025 8:45:00,8.8830,27.625
"2,927",10/15/2025 8:46:00,8.8810,27.711
"2,928",10/15/2025 8:47:00,8.8820,27.820
"2,929",10/15/2025 8:48:00,8.8820,27.945
"2,930",10/15/2025 8:49:00,8.8810,28.008
"2,931",10/15/2025 8:50:00,8.8810,27.953
"2,932",10/15/2025 8:51:00,8.8830,27.852
"2,933",10/15/2025 8:52:00,8.8820,27.727
"2,934",10/15/2025 8:53:00,8.8830,27.688
"2,935",10/15/2025 8:54:00,8.8820,27.766
"2,936",10/15/2025 8:55:00,8.8830,27.789
"2,937",10/15/2025 8:56:00,8.8830,27.844
"2,938",10/15/2025 8:57:00,8.8810,27.945
"2,939",10/15/2025 8:58:00,8.8820,28.039
"2,940",10/15/2025 8:59:00,8.8820,28.078
"2,941",10/15/2025 9:00:00,8.8810,28.078
"2,942",10/15/2025 9:01:00,8.8810,28.109
"2,943",10/15/2025 9:02:00,8.8790,28.250
"2,944",10/15/2025 9:03:00,8.8800,28.375
"2,945",10/15/2025 9:04:00,8.8800,28.461
"2,946",10/15/2025 9:05:00,8.8800,28.516
"2,947",10/15/2025 9:06:00,8.8790,28.594
"2,948",10/15/2025 9:07:00,8.8790,28.680
"2,949",10/15/2025 9:08:00,8.8810,28.719
"2,950",10/15/2025 9:09:00,8.8800,28.648
"2,951",10/15/2025 9:10:00,8.8800,28.563
"2,952",10/15/2025 9:11:00,8.8800,28.406
"2,953",10/15/2025 9:12:00,8.8800,28.297
"2,954",10/15/2025 9:13:00,8.8810,28.242
"2,955",10/15/2025 9:14:00,8.8810,28.273
"2,956",10/15/2025 9:15:00,8.8810,28.234
"2,957",10/15/2025 9:16:00,8.8800,28.219
"2,958",10/15/2025 9:17:00,8.8800,28.242
"2,959",10/15/2025 9:18:00,8.8800,28.328
"2,960",10/15/2025 9:19:00,8.8790,28.414
"2,961",10/15/2025 9:20:00,8.8790,28.484
"2,962",10/15/2025 9:21:00,8.8810,28.453
"2,963",10/15/2025 9:22:00,8.8800,28.398
"2,964",10/15/2025 9:23:00,8.8800,28.383
"2,965",10/15/2025 9:24:00,8.8790,28.430
"2,966",10/15/2025 9:25:00,8.8790,28.445
"2,967",10/15/2025 9:26:00,8.8790,28.438
"2,968",10/15/2025 9:27:00,8.8790,28.484
"2,969",10/15/2025 9:28:00,8.8800,28.570
"2,970",10/15/2025 9:29:00,8.8779,28.711
"2,971",10/15/2025 9:30:00,8.8769,28.867
"2,972",10/15/2025 9:31:00,8.8790,28.875
"2,973",10/15/2025 9:32:00,8.8800,28.820
"2,974",10/15/2025 9:33:00,8.8790,28.891
"2,975",10/15/2025 9:34:00,8.8779,29.070
"2,976",10/15/2025 9:35:00,8.8769,29.211
"2,977",10/15/2025 9:36:00,8.8779,29.242
"2,978",10/15/2025 9:37:00,8.8779,29.297
"2,979",10/15/2025 9:38:00,8.8779,29.367
"2,980",10/15/2025 9:39:00,8.8769,29.492
"2,981",10/15/2025 9:40:00,8.8769,29.656
"2,982",10/15/2025 9:41:00,8.8769,29.719
"2,983",10/15/2025 9:42:00,8.8759,29.750
"2,984",10/15/2025 9:43:00,8.8769,29.758
"2,985",10/15/2025 9:44:00,8.8749,29.875
"2,986",10/15/2025 9:45:00,8.8759,29.938
"2,987",10/15/2025 9:46:00,8.8769,29.914
"2,988",10/15/2025 9:47:00,8.8759,29.883
"2,989",10/15/2025 9:48:00,8.8769,29.930
"2,990",10/15/2025 9:49:00,8.8749,30.000
"2,991",10/15/2025 9:50:00,8.8739,30.125
"2,992",10/15/2025 9:51:00,8.8739,30.359
"2,993",10/15/2025 9:52:00,8.8749,30.414
"2,994",10/15/2025 9:53:00,8.8749,30.367
"2,995",10/15/2025 9:54:00,8.8759,30.406
"2,996",10/15/2025 9:55:00,8.8749,30.430
"2,997",10/15/2025 9:56:00,8.8739,30.523
"2,998",10/15/2025 9:57:00,8.8728,30.594
"2,999",10/15/2025 9:58:00,8.8739,30.656
"3,000",10/15/2025 9:59:00,8.8739,30.727
"3,001",10/15/2025 10:00:00,8.8728,30.906
"3,002",10/15/2025 10:01:00,8.8718,31.125
"3,003",10/15/2025 10:02:00,8.8718,31.352
"3,004",10/15/2025 10:03:00,8.8718,31.586
"3,005",10/15/2025 10:04:00,8.8728,31.805
"3,006",10/15/2025 10:05:00,8.8708,31.992
"3,007",10/15/2025 10:06:00,8.8728,32.023
"3,008",10/15/2025 10:07:00,8.8718,32.109
"3,009",10/15/2025 10:08:00,8.8708,32.203
"3,010",10/15/2025 10:09:00,8.8708,32.359
"3,011",10/15/2025 10:10:00,8.8698,32.508
"3,012",10/15/2025 10:11:00,8.8708,32.523
"3,013",10/15/2025 10:12:00,8.8708,32.398
"3,014",10/15/2025 10:13:00,8.8698,32.250
"3,015",10/15/2025 10:14:00,8.8708,32.063
"3,016",10/15/2025 10:15:00,8.8708,31.930
"3,017",10/15/2025 10:16:00,8.8708,31.922
"3,018",10/15/2025 10:17:00,8.8718,31.922
"3,019",10/15/2025 10:18:00,8.8698,32.039
"3,020",10/15/2025 10:19:00,8.8677,32.195
"3,021",10/15/2025 10:20:00,8.8688,32.320
"3,022",10/15/2025 10:21:00,8.8688,32.391
"3,023",10/15/2025 10:22:00,8.8677,32.539
"3,024",10/15/2025 10:23:00,8.8677,32.773
"3,025",10/15/2025 10:24:00,8.8688,32.977
"3,026",10/15/2025 10:25:00,8.8677,33.117
"3,027",10/15/2025 10:26:00,8.8677,33.227
"3,028",10/15/2025 10:27:00,8.8667,33.250
"3,029",10/15/2025 10:28:00,8.8667,33.234
"3,030",10/15/2025 10:29:00,8.8667,33.305
"3,031",10/15/2025 10:30:00,8.8657,33.375
"3,032",10/15/2025 10:31:00,8.8657,33.469
"3,033",10/15/2025 10:32:00,8.8677,33.531
"3,034",10/15/2025 10:33:00,8.8667,33.625
"3,035",10/15/2025 10:34:00,8.8657,33.766
"3,036",10/15/2025 10:35:00,8.8667,33.922
"3,037",10/15/2025 10:36:00,8.8647,34.008
"3,038",10/15/2025 10:37:00,8.8637,34.047
"3,039",10/15/2025 10:38:00,8.8657,33.992
"3,040",10/15/2025 10:39:00,8.8657,34.000
"3,041",10/15/2025 10:40:00,8.8637,34.016
"3,042",10/15/2025 10:41:00,8.8657,34.047
"3,043",10/15/2025 10:42:00,8.8657,34.109
"3,044",10/15/2025 10:43:00,8.8637,34.320
"3,045",10/15/2025 10:44:00,8.8637,34.539
"3,046",10/15/2025 10:45:00,8.8657,34.688
"3,047",10/15/2025 10:46:00,8.8626,34.898
"3,048",10/15/2025 10:47:00,8.8616,35.086
"3,049",10/15/2025 10:48:00,8.8616,35.266
"3,050",10/15/2025 10:49:00,8.8596,35.414
"3,051",10/15/2025 10:50:00,8.8606,35.563
"3,052",10/15/2025 10:51:00,8.8606,35.695
"3,053",10/15/2025 10:52:00,8.8616,35.867
"3,054",10/15/2025 10:53:00,8.8596,35.992
"3,055",10/15/2025 10:54:00,8.8596,36.141
"3,056",10/15/2025 10:55:00,8.8626,36.234
"3,057",10/15/2025 10:56:00,8.8586,36.336
"3,058",10/15/2025 10:57:00,8.8596,36.352
"3,059",10/15/2025 10:58:00,8.8596,36.219
"3,060",10/15/2025 10:59:00,8.8606,35.867
"3,061",10/15/2025 11:00:00,8.8626,35.523
"3,062",10/15/2025 11:01:00,8.8616,35.297
"3,063",10/15/2025 11:02:00,8.8596,35.266
"3,064",10/15/2025 11:03:00,8.8606,35.242
"3,065",10/15/2025 11:04:00,8.8596,35.313
"3,066",10/15/2025 11:05:00,8.8606,35.508
"3,067",10/15/2025 11:06:00,8.8596,35.555
"3,068",10/15/2025 11:07:00,8.8575,35.633
"3,069",10/15/2025 11:08:00,8.8596,35.477
"3,070",10/15/2025 11:09:00,8.8596,35.211
"3,071",10/15/2025 11:10:00,8.8606,34.992
"3,072",10/15/2025 11:11:00,8.8596,34.969
"3,073",10/15/2025 11:12:00,8.8586,35.086
"3,074",10/15/2025 11:13:00,8.8575,35.203
"3,075",10/15/2025 11:14:00,8.8575,35.250
"3,076",10/15/2025 11:15:00,8.8596,35.266
"3,077",10/15/2025 11:16:00,8.8586,35.383
"3,078",10/15/2025 11:17:00,8.8596,35.555
"3,079",10/15/2025 11:18:00,8.8575,35.742
"3,080",10/15/2025 11:19:00,8.8565,35.906
"3,081",10/15/2025 11:20:00,8.8545,35.906
"3,082",10/15/2025 11:21:00,8.8565,35.852
"3,083",10/15/2025 11:22:00,8.8565,35.813
"3,084",10/15/2025 11:23:00,8.8565,35.836
"3,085",10/15/2025 11:24:00,8.8545,35.758
"3,086",10/15/2025 11:25:00,8.8555,35.797
"3,087",10/15/2025 11:26:00,8.8545,35.961
"3,088",10/15/2025 11:27:00,8.8514,36.219
"3,089",10/15/2025 11:28:00,8.8555,36.414
"3,090",10/15/2025 11:29:00,8.8535,36.633
"3,091",10/15/2025 11:30:00,8.8524,36.719
"3,092",10/15/2025 11:31:00,8.8555,36.469
"3,093",10/15/2025 11:32:00,8.8565,36.172
"3,094",10/15/2025 11:33:00,8.8545,35.852
"3,095",10/15/2025 11:34:00,8.8545,35.633
"3,096",10/15/2025 11:35:00,8.8535,35.695
"3,097",10/15/2025 11:36:00,8.8545,35.859
"3,098",10/15/2025 11:37:00,8.8535,35.961
"3,099",10/15/2025 11:38:00,8.8524,35.984
"3,100",10/15/2025 11:39:00,8.8535,35.930
"3,101",10/15/2025 11:40:00,8.8545,35.883
"3,102",10/15/2025 11:41:00,8.8514,35.969
"3,103",10/15/2025 11:42:00,8.8524,35.992
"3,104",10/15/2025 11:43:00,8.8514,36.031
"3,105",10/15/2025 11:44:00,8.8524,35.945
"3,106",10/15/2025 11:45:00,8.8524,35.789
"3,107",10/15/2025 11:46:00,8.8514,35.727
"3,108",10/15/2025 11:47:00,8.8504,35.602
"3,109",10/15/2025 11:48:00,8.8504,35.578
"3,110",10/15/2025 11:49:00,8.8524,35.570
"3,111",10/15/2025 11:50:00,8.8514,35.578
"3,112",10/15/2025 11:51:00,8.8514,35.688
"3,113",10/15/2025 11:52:00,8.8504,35.969
"3,114",10/15/2025 11:53:00,8.8474,36.352
"3,115",10/15/2025 11:54:00,8.8484,36.734
"3,116",10/15/2025 11:55:00,8.8494,37.078
"3,117",10/15/2025 11:56:00,8.8474,37.375
"3,118",10/15/2025 11:57:00,8.8474,37.477
"3,119",10/15/2025 11:58:00,8.8463,37.633
"3,120",10/15/2025 11:59:00,8.8474,37.797
"3,121",10/15/2025 12:00:00,8.8443,37.789
"3,122",10/15/2025 12:01:00,8.8443,37.961
"3,123",10/15/2025 12:02:00,8.8453,38.211
"3,124",10/15/2025 12:03:00,8.8433,38.398
"3,125",10/15/2025 12:04:00,8.8433,38.578
"3,126",10/15/2025 12:05:00,8.8433,38.742
"3,127",10/15/2025 12:06:00,8.8453,38.805
"3,128",10/15/2025 12:07:00,8.8453,38.805
"3,129",10/15/2025 12:08:00,8.8453,38.578
"3,130",10/15/2025 12:09:00,8.8443,38.359
"3,131",10/15/2025 12:10:00,8.8433,38.422
"3,132",10/15/2025 12:11:00,8.8443,38.602
"3,133",10/15/2025 12:12:00,8.8433,38.734
"3,134",10/15/2025 12:13:00,8.8423,38.758
"3,135",10/15/2025 12:14:00,8.8443,38.734
"3,136",10/15/2025 12:15:00,8.8433,38.742
"3,137",10/15/2025 12:16:00,8.8443,38.648
"3,138",10/15/2025 12:17:00,8.8443,38.688
"3,139",10/15/2025 12:18:00,8.8423,38.891
"3,140",10/15/2025 12:19:00,8.8412,39.117
"3,141",10/15/2025 12:20:00,8.8423,39.305
"3,142",10/15/2025 12:21:00,8.8433,39.336
"3,143",10/15/2025 12:22:00,8.8423,39.383
"3,144",10/15/2025 12:23:00,8.8423,39.406
"3,145",10/15/2025 12:24:00,8.8402,39.539
"3,146",10/15/2025 12:25:00,8.8402,39.664
"3,147",10/15/2025 12:26:00,8.8402,39.758
"3,148",10/15/2025 12:27:00,8.8412,39.820
"3,149",10/15/2025 12:28:00,8.8412,39.820
"3,150",10/15/2025 12:29:00,8.8392,39.820
"3,151",10/15/2025 12:30:00,8.8402,39.836
"3,152",10/15/2025 12:31:00,8.8402,39.852
"3,153",10/15/2025 12:32:00,8.8402,39.836
"3,154",10/15/2025 12:33:00,8.8402,39.688
"3,155",10/15/2025 12:34:00,8.8402,39.539
"3,156",10/15/2025 12:35:00,8.8392,39.430
"3,157",10/15/2025 12:36:00,8.8402,39.273
"3,158",10/15/2025 12:37:00,8.8382,39.156
"3,159",10/15/2025 12:38:00,8.8392,39.148
"3,160",10/15/2025 12:39:00,8.8402,39.070
"3,161",10/15/2025 12:40:00,8.8382,39.000
"3,162",10/15/2025 12:41:00,8.8402,38.898
"3,163",10/15/2025 12:42:00,8.8392,38.836
"3,164",10/15/2025 12:43:00,8.8402,38.781
"3,165",10/15/2025 12:44:00,8.8392,38.586
"3,166",10/15/2025 12:45:00,8.8402,38.219
"3,167",10/15/2025 12:46:00,8.8412,37.789
"3,168",10/15/2025 12:47:00,8.8402,37.297
"3,169",10/15/2025 12:48:00,8.8392,36.906
"3,170",10/15/2025 12:49:00,8.8382,36.719
"3,171",10/15/2025 12:50:00,8.8412,36.641
"3,172",10/15/2025 12:51:00,8.8392,36.633
"3,173",10/15/2025 12:52:00,8.8392,36.578
"3,174",10/15/2025 12:53:00,8.8382,36.578
"3,175",10/15/2025 12:54:00,8.8382,36.680
"3,176",10/15/2025 12:55:00,8.8382,36.789
"3,177",10/15/2025 12:56:00,8.8382,36.789
"3,178",10/15/2025 12:57:00,8.8392,36.797
"3,179",10/15/2025 12:58:00,8.8361,36.766
"3,180",10/15/2025 12:59:00,8.8351,36.766
"3,181",10/15/2025 13:00:00,8.8361,36.875
"3,182",10/15/2025 13:01:00,8.8372,36.906
"3,183",10/15/2025 13:02:00,8.8361,37.055
"3,184",10/15/2025 13:03:00,8.8372,37.297
"3,185",10/15/2025 13:04:00,8.8361,37.516
"3,186",10/15/2025 13:05:00,8.8341,37.648
"3,187",10/15/2025 13:06:00,8.8341,37.734
"3,188",10/15/2025 13:07:00,8.8331,37.805
"3,189",10/15/2025 13:08:00,8.8341,37.867
"3,190",10/15/2025 13:09:00,8.8361,37.781
"3,191",10/15/2025 13:10:00,8.8341,37.789
"3,192",10/15/2025 13:11:00,8.8310,37.883
"3,193",10/15/2025 13:12:00,8.8341,37.961
"3,194",10/15/2025 13:13:00,8.8351,38.000
"3,195",10/15/2025 13:14:00,8.8310,38.203
"3,196",10/15/2025 13:15:00,8.8321,38.359
"3,197",10/15/2025 13:16:00,8.8321,38.516
"3,198",10/15/2025 13:17:00,8.8321,38.680
"3,199",10/15/2025 13:18:00,8.8321,38.820
"3,200",10/15/2025 13:19:00,8.8310,38.828
"3,201",10/15/2025 13:20:00,8.8321,38.906
"3,202",10/15/2025 13:21:00,8.8310,38.734
"3,203",10/15/2025 13:22:00,8.8310,38.422
"3,204",10/15/2025 13:23:00,8.8310,38.141
"3,205",10/15/2025 13:24:00,8.8300,38.000
"3,206",10/15/2025 13:25:00,8.8300,37.938
"3,207",10/15/2025 13:26:00,8.8300,37.875
"3,208",10/15/2025 13:27:00,8.8300,37.867
"3,209",10/15/2025 13:28:00,8.8310,37.883
"3,210",10/15/2025 13:29:00,8.8300,37.906
"3,211",10/15/2025 13:30:00,8.8300,37.844
"3,212",10/15/2025 13:31:00,8.8290,37.898
"3,213",10/15/2025 13:32:00,8.8290,38.016
"3,214",10/15/2025 13:33:00,8.8280,38.070
"3,215",10/15/2025 13:34:00,8.8280,38.273
"3,216",10/15/2025 13:35:00,8.8290,38.477
"3,217",10/15/2025 13:36:00,8.8270,38.609
"3,218",10/15/2025 13:37:00,8.8270,38.750
"3,219",10/15/2025 13:38:00,8.8270,38.922
"3,220",10/15/2025 13:39:00,8.8259,39.078
"3,221",10/15/2025 13:40:00,8.8259,39.219
"3,222",10/15/2025 13:41:00,8.8259,39.383
"3,223",10/15/2025 13:42:00,8.8280,39.297
"3,224",10/15/2025 13:43:00,8.8280,39.102
"3,225",10/15/2025 13:44:00,8.8290,38.766
"3,226",10/15/2025 13:45:00,8.8290,38.477
"3,227",10/15/2025 13:46:00,8.8290,38.336
"3,228",10/15/2025 13:47:00,8.8280,38.141
"3,229",10/15/2025 13:48:00,8.8259,37.977
"3,230",10/15/2025 13:49:00,8.8259,37.914
"3,231",10/15/2025 13:50:00,8.8280,37.844
"3,232",10/15/2025 13:51:00,8.8280,37.734
"3,233",10/15/2025 13:52:00,8.8270,37.625
"3,234",10/15/2025 13:53:00,8.8259,37.586
"3,235",10/15/2025 13:54:00,8.8280,37.539
"3,236",10/15/2025 13:55:00,8.8259,37.398
"3,237",10/15/2025 13:56:00,8.8270,37.383
"3,238",10/15/2025 13:57:00,8.8249,37.547
"3,239",10/15/2025 13:58:00,8.8249,37.664
"3,240",10/15/2025 13:59:00,8.8249,37.742
"3,241",10/15/2025 14:00:00,8.8249,37.773
"3,242",10/15/2025 14:01:00,8.8249,37.789
"3,243",10/15/2025 14:02:00,8.8249,37.641
"3,244",10/15/2025 14:03:00,8.8259,37.453
"3,245",10/15/2025 14:04:00,8.8249,37.500
"3,246",10/15/2025 14:05:00,8.8239,37.602
"3,247",10/15/2025 14:06:00,8.8249,37.648
"3,248",10/15/2025 14:07:00,8.8239,37.703
"3,249",10/15/2025 14:08:00,8.8249,37.805
"3,250",10/15/2025 14:09:00,8.8249,37.852
"3,251",10/15/2025 14:10:00,8.8239,37.867
"3,252",10/15/2025 14:11:00,8.8239,37.961
"3,253",10/15/2025 14:12:00,8.8239,38.023
"3,254",10/15/2025 14:13:00,8.8249,38.195
"3,255",10/15/2025 14:14:00,8.8239,38.289
"3,256",10/15/2025 14:15:00,8.8229,38.484
"3,257",10/15/2025 14:16:00,8.8239,38.570
"3,258",10/15/2025 14:17:00,8.8239,38.594
"3,259",10/15/2025 14:18:00,8.8229,38.766
"3,260",10/15/2025 14:19:00,8.8219,39.078
"3,261",10/15/2025 14:20:00,8.8219,39.445
"3,262",10/15/2025 14:21:00,8.8208,39.516
"3,263",10/15/2025 14:22:00,8.8219,39.414
"3,264",10/15/2025 14:23:00,8.8229,39.344
"3,265",10/15/2025 14:24:00,8.8208,39.258
"3,266",10/15/2025 14:25:00,8.8219,39.242
"3,267",10/15/2025 14:26:00,8.8219,39.117
"3,268",10/15/2025 14:27:00,8.8208,39.133
"3,269",10/15/2025 14:28:00,8.8219,39.328
"3,270",10/15/2025 14:29:00,8.8208,39.617
"3,271",10/15/2025 14:30:00,8.8198,39.867
"3,272",10/15/2025 14:31:00,8.8178,40.102
"3,273",10/15/2025 14:32:00,8.8198,40.125
"3,274",10/15/2025 14:33:00,8.8208,39.695
"3,275",10/15/2025 14:34:00,8.8229,39.156
"3,276",10/15/2025 14:35:00,8.8208,38.789
"3,277",10/15/2025 14:36:00,8.8219,38.484
"3,278",10/15/2025 14:37:00,8.8229,38.227
"3,279",10/15/2025 14:38:00,8.8239,37.969
"3,280",10/15/2025 14:39:00,8.8219,37.727
"3,281",10/15/2025 14:40:00,8.8229,37.625
"3,282",10/15/2025 14:41:00,8.8239,37.641
"3,283",10/15/2025 14:42:00,8.8219,37.758
"3,284",10/15/2025 14:43:00,8.8198,37.891
"3,285",10/15/2025 14:44:00,8.8208,38.078
"3,286",10/15/2025 14:45:00,8.8198,38.273
"3,287",10/15/2025 14:46:00,8.8198,38.500
"3,288",10/15/2025 14:47:00,8.8208,38.797
"3,289",10/15/2025 14:48:00,8.8188,39.070
"3,290",10/15/2025 14:49:00,8.8188,39.234
"3,291",10/15/2025 14:50:00,8.8198,39.164
"3,292",10/15/2025 14:51:00,8.8198,39.156
"3,293",10/15/2025 14:52:00,8.8188,39.188
"3,294",10/15/2025 14:53:00,8.8188,39.430
"3,295",10/15/2025 14:54:00,8.8188,39.523
"3,296",10/15/2025 14:55:00,8.8208,39.391
"3,297",10/15/2025 14:56:00,8.8178,39.117
"3,298",10/15/2025 14:57:00,8.8198,38.773
"3,299",10/15/2025 14:58:00,8.8198,38.555
"3,300",10/15/2025 14:59:00,8.8188,38.531
"3,301",10/15/2025 15:00:00,8.8208,38.555
"3,302",10/15/2025 15:01:00,8.8198,38.555
"3,303",10/15/2025 15:02:00,8.8208,38.617
"3,304",10/15/2025 15:03:00,8.8198,38.656
"3,305",10/15/2025 15:04:00,8.8178,38.695
"3,306",10/15/2025 15:05:00,8.8178,38.688
"3,307",10/15/2025 15:06:00,8.8208,38.750
"3,308",10/15/2025 15:07:00,8.8188,38.797
"3,309",10/15/2025 15:08:00,8.8178,38.898
"3,310",10/15/2025 15:09:00,8.8178,39.086
"3,311",10/15/2025 15:10:00,8.8178,39.102
"3,312",10/15/2025 15:11:00,8.8188,38.992
"3,313",10/15/2025 15:12:00,8.8178,39.078
"3,314",10/15/2025 15:13:00,8.8157,39.273
"3,315",10/15/2025 15:14:00,8.8157,39.320
"3,316",10/15/2025 15:15:00,8.8168,39.297
"3,317",10/15/2025 15:16:00,8.8157,39.219
"3,318",10/15/2025 15:17:00,8.8168,39.078
"3,319",10/15/2025 15:18:00,8.8168,39.039
"3,320",10/15/2025 15:19:00,8.8168,39.086
"3,321",10/15/2025 15:20:00,8.8157,39.203
"3,322",10/15/2025 15:21:00,8.8157,39.391
"3,323",10/15/2025 15:22:00,8.8147,39.539
"3,324",10/15/2025 15:23:00,8.8157,39.688
"3,325",10/15/2025 15:24:00,8.8157,39.813
"3,326",10/15/2025 15:25:00,8.8147,39.969
"3,327",10/15/2025 15:26:00,8.8147,40.102
"3,328",10/15/2025 15:27:00,8.8147,40.141
"3,329",10/15/2025 15:28:00,8.8147,40.180
"3,330",10/15/2025 15:29:00,8.8137,40.219
"3,331",10/15/2025 15:30:00,8.8147,40.266
"3,332",10/15/2025 15:31:00,8.8137,40.336
"3,333",10/15/2025 15:32:00,8.8157,40.422
"3,334",10/15/2025 15:33:00,8.8137,40.445
"3,335",10/15/2025 15:34:00,8.8147,40.438
"3,336",10/15/2025 15:35:00,8.8147,40.352
"3,337",10/15/2025 15:36:00,8.8147,40.227
"3,338",10/15/2025 15:37:00,8.8147,40.141
"3,339",10/15/2025 15:38:00,8.8157,40.125
"3,340",10/15/2025 15:39:00,8.8157,40.094
"3,341",10/15/2025 15:40:00,8.8147,40.078
"3,342",10/15/2025 15:41:00,8.8147,40.055
"3,343",10/15/2025 15:42:00,8.8147,39.961
"3,344",10/15/2025 15:43:00,8.8147,39.922
"3,345",10/15/2025 15:44:00,8.8157,39.914
"3,346",10/15/2025 15:45:00,8.8147,39.891
"3,347",10/15/2025 15:46:00,8.8147,39.938
"3,348",10/15/2025 15:47:00,8.8157,39.969
"3,349",10/15/2025 15:48:00,8.8147,39.859
"3,350",10/15/2025 15:49:00,8.8157,39.656
"3,351",10/15/2025 15:50:00,8.8168,39.383
"3,352",10/15/2025 15:51:00,8.8168,39.203
"3,353",10/15/2025 15:52:00,8.8147,39.023
"3,354",10/15/2025 15:53:00,8.8157,38.875
"3,355",10/15/2025 15:54:00,8.8178,38.688
"3,356",10/15/2025 15:55:00,8.8157,38.531
"3,357",10/15/2025 15:56:00,8.8168,38.430
"3,358",10/15/2025 15:57:00,8.8147,38.375
"3,359",10/15/2025 15:58:00,8.8157,38.336
"3,360",10/15/2025 15:59:00,8.8147,38.305
"3,361",10/15/2025 16:00:00,8.8147,38.234
"3,362",10/15/2025 16:01:00,8.8168,38.086
"3,363",10/15/2025 16:02:00,8.8157,37.867
"3,364",10/15/2025 16:03:00,8.8157,37.742
"3,365",10/15/2025 16:04:00,8.8168,37.570
"3,366",10/15/2025 16:05:00,8.8157,37.367
"3,367",10/15/2025 16:06:00,8.8178,37.211
"3,368",10/15/2025 16:07:00,8.8168,37.141
"3,369",10/15/2025 16:08:00,8.8168,37.039
"3,370",10/15/2025 16:09:00,8.8157,36.930
"3,371",10/15/2025 16:10:00,8.8157,36.875
"3,372",10/15/2025 16:11:00,8.8157,36.805
"3,373",10/15/2025 16:12:00,8.8168,36.758
"3,374",10/15/2025 16:13:00,8.8168,36.781
"3,375",10/15/2025 16:14:00,8.8157,36.820
"3,376",10/15/2025 16:15:00,8.8157,36.813
"3,377",10/15/2025 16:16:00,8.8147,36.813
"3,378",10/15/2025 16:17:00,8.8157,36.828
"3,379",10/15/2025 16:18:00,8.8168,36.844
"3,380",10/15/2025 16:19:00,8.8157,36.844
"3,381",10/15/2025 16:20:00,8.8147,36.875
"3,382",10/15/2025 16:21:00,8.8168,36.930
"3,383",10/15/2025 16:22:00,8.8157,36.945
"3,384",10/15/2025 16:23:00,8.8147,37.008
"3,385",10/15/2025 16:24:00,8.8168,37.078
"3,386",10/15/2025 16:25:00,8.8147,37.133
"3,387",10/15/2025 16:26:00,8.8157,37.156
"3,388",10/15/2025 16:27:00,8.8157,37.125
"3,389",10/15/2025 16:28:00,8.8168,37.031
"3,390",10/15/2025 16:29:00,8.8157,36.914
"3,391",10/15/2025 16:30:00,8.8157,36.742
"3,392",10/15/2025 16:31:00,8.8157,36.633
"3,393",10/15/2025 16:32:00,8.8168,36.492
"3,394",10/15/2025 16:33:00,8.8178,36.367
"3,395",10/15/2025 16:34:00,8.8168,36.336
"3,396",10/15/2025 16:35:00,8.8178,36.258
"3,397",10/15/2025 16:36:00,8.8157,36.148
"3,398",10/15/2025 16:37:00,8.8168,36.031
"3,399",10/15/2025 16:38:00,8.8178,35.969
"3,400",10/15/2025 16:39:00,8.8198,35.898
"3,401",10/15/2025 16:40:00,8.8178,35.813
"3,402",10/15/2025 16:41:00,8.8178,35.758
"3,403",10/15/2025 16:42:00,8.8178,35.695
"3,404",10/15/2025 16:43:00,8.8198,35.617
"3,405",10/15/2025 16:44:00,8.8198,35.539
"3,406",10/15/2025 16:45:00,8.8178,35.461
"3,407",10/15/2025 16:46:00,8.8188,35.406
"3,408",10/15/2025 16:47:00,8.8188,35.359
"3,409",10/15/2025 16:48:00,8.8168,35.320
"3,410",10/15/2025 16:49:00,8.8168,35.258
"3,411",10/15/2025 16:50:00,8.8188,35.172
"3,412",10/15/2025 16:51:00,8.8198,35.117
"3,413",10/15/2025 16:52:00,8.8188,35.008
"3,414",10/15/2025 16:53:00,8.8198,34.930
"3,415",10/15/2025 16:54:00,8.8198,34.898
"3,416",10/15/2025 16:55:00,8.8198,34.844
"3,417",10/15/2025 16:56:00,8.8188,34.773
"3,418",10/15/2025 16:57:00,8.8188,34.703
"3,419",10/15/2025 16:58:00,8.8198,34.609
"3,420",10/15/2025 16:59:00,8.8208,34.539
"3,421",10/15/2025 17:00:00,8.8188,34.469
"3,422",10/15/2025 17:01:00,8.8198,34.414
"3,423",10/15/2025 17:02:00,8.8198,34.359
"3,424",10/15/2025 17:03:00,8.8208,34.281
"3,425",10/15/2025 17:04:00,8.8208,34.219
"3,426",10/15/2025 17:05:00,8.8208,34.156
"3,427",10/15/2025 17:06:00,8.8198,34.094
"3,428",10/15/2025 17:07:00,8.8208,34.055
"3,429",10/15/2025 17:08:00,8.8198,34.016
"3,430",10/15/2025 17:09:00,8.8208,33.977
"3,431",10/15/2025 17:10:00,8.8208,33.914
"3,432",10/15/2025 17:11:00,8.8208,33.844
"3,433",10/15/2025 17:12:00,8.8198,33.789
"3,434",10/15/2025 17:13:00,8.8219,33.758
"3,435",10/15/2025 17:14:00,8.8219,33.727
"3,436",10/15/2025 17:15:00,8.8219,33.672
"3,437",10/15/2025 17:16:00,8.8219,33.625
"3,438",10/15/2025 17:17:00,8.8219,33.570
"3,439",10/15/2025 17:18:00,8.8219,33.516
"3,440",10/15/2025 17:19:00,8.8229,33.438
"3,441",10/15/2025 17:20:00,8.8219,33.383
"3,442",10/15/2025 17:21:00,8.8229,33.313
"3,443",10/15/2025 17:22:00,8.8229,33.250
"3,444",10/15/2025 17:23:00,8.8219,33.195
"3,445",10/15/2025 17:24:00,8.8219,33.133
"3,446",10/15/2025 17:25:00,8.8219,33.063
"3,447",10/15/2025 17:26:00,8.8229,33.008
"3,448",10/15/2025 17:27:00,8.8219,32.953
"3,449",10/15/2025 17:28:00,8.8219,32.898
"3,450",10/15/2025 17:29:00,8.8219,32.844
"3,451",10/15/2025 17:30:00,8.8219,32.773
"3,452",10/15/2025 17:31:00,8.8219,32.711
"3,453",10/15/2025 17:32:00,8.8239,32.672
"3,454",10/15/2025 17:33:00,8.8239,32.648
"3,455",10/15/2025 17:34:00,8.8219,32.633
"3,456",10/15/2025 17:35:00,8.8239,32.625
"3,457",10/15/2025 17:36:00,8.8229,32.602
"3,458",10/15/2025 17:37:00,8.8229,32.586
"3,459",10/15/2025 17:38:00,8.8239,32.563
"3,460",10/15/2025 17:39:00,8.8229,32.539
"3,461",10/15/2025 17:40:00,8.8239,32.516
"3,462",10/15/2025 17:41:00,8.8229,32.500
"3,463",10/15/2025 17:42:00,8.8229,32.484
"3,464",10/15/2025 17:43:00,8.8229,32.453
"3,465",10/15/2025 17:44:00,8.8239,32.422
"3,466",10/15/2025 17:45:00,8.8259,32.383
"3,467",10/15/2025 17:46:00,8.8239,32.352
"3,468",10/15/2025 17:47:00,8.8249,32.336
"3,469",10/15/2025 17:48:00,8.8239,32.313
"3,470",10/15/2025 17:49:00,8.8249,32.297
"3,471",10/15/2025 17:50:00,8.8249,32.273
"3,472",10/15/2025 17:51:00,8.8259,32.250
"3,473",10/15/2025 17:52:00,8.8239,32.203
"3,474",10/15/2025 17:53:00,8.8249,32.180
"3,475",10/15/2025 17:54:00,8.8249,32.172
"3,476",10/15/2025 17:55:00,8.8249,32.133
"3,477",10/15/2025 17:56:00,8.8249,32.109
"3,478",10/15/2025 17:57:00,8.8239,32.070
"3,479",10/15/2025 17:58:00,8.8249,32.047
"3,480",10/15/2025 17:59:00,8.8249,32.023
"3,481",10/15/2025 18:00:00,8.8270,32.000
"3,482",10/15/2025 18:01:00,8.8259,31.961
"3,483",10/15/2025 18:02:00,8.8249,31.945
"3,484",10/15/2025 18:03:00,8.8259,31.914
"3,485",10/15/2025 18:04:00,8.8259,31.867
"3,486",10/15/2025 18:05:00,8.8270,31.805
"3,487",10/15/2025 18:06:00,8.8270,31.734
"3,488",10/15/2025 18:07:00,8.8259,31.664
"3,489",10/15/2025 18:08:00,8.8259,31.594
"3,490",10/15/2025 18:09:00,8.8270,31.547
"3,491",10/15/2025 18:10:00,8.8270,31.516
"3,492",10/15/2025 18:11:00,8.8280,31.461
"3,493",10/15/2025 18:12:00,8.8270,31.422
"3,494",10/15/2025 18:13:00,8.8270,31.383
"3,495",10/15/2025 18:14:00,8.8280,31.367
"3,496",10/15/2025 18:15:00,8.8259,31.336
"3,497",10/15/2025 18:16:00,8.8280,31.305
"3,498",10/15/2025 18:17:00,8.8280,31.266
"3,499",10/15/2025 18:18:00,8.8280,31.211
"3,500",10/15/2025 18:19:00,8.8280,31.117
"3,501",10/15/2025 18:20:00,8.8280,31.000
"3,502",10/15/2025 18:21:00,8.8290,30.828
"3,503",10/15/2025 18:22:00,8.8300,30.617
"3,504",10/15/2025 18:23:00,8.8300,30.406
"3,505",10/15/2025 18:24:00,8.8310,30.164
"3,506",10/15/2025 18:25:00,8.8310,29.898
"3,507",10/15/2025 18:26:00,8.8321,29.656
"3,508",10/15/2025 18:27:00,8.8321,29.422
"3,509",10/15/2025 18:28:00,8.8331,29.195
"3,510",10/15/2025 18:29:00,8.8331,28.984
"3,511",10/15/2025 18:30:00,8.8341,28.773
"3,512",10/15/2025 18:31:00,8.8341,28.586
"3,513",10/15/2025 18:32:00,8.8351,28.406
"3,514",10/15/2025 18:33:00,8.8341,28.234
"3,515",10/15/2025 18:34:00,8.8341,28.070
"3,516",10/15/2025 18:35:00,8.8341,27.922
"3,517",10/15/2025 18:36:00,8.8351,27.766
"3,518",10/15/2025 18:37:00,8.8351,27.625
"3,519",10/15/2025 18:38:00,8.8361,27.484
"3,520",10/15/2025 18:39:00,8.8361,27.336
"3,521",10/15/2025 18:40:00,8.8361,27.203
"3,522",10/15/2025 18:41:00,8.8372,27.078
"3,523",10/15/2025 18:42:00,8.8372,26.953
"3,524",10/15/2025 18:43:00,8.8372,26.820
"3,525",10/15/2025 18:44:00,8.8382,26.711
"3,526",10/15/2025 18:45:00,8.8372,26.617
"3,527",10/15/2025 18:46:00,8.8382,26.523
"3,528",10/15/2025 18:47:00,8.8382,26.414
"3,529",10/15/2025 18:48:00,8.8382,26.328
"3,530",10/15/2025 18:49:00,8.8402,26.242
"3,531",10/15/2025 18:50:00,8.8392,26.180
"3,532",10/15/2025 18:51:00,8.8392,26.125
"3,533",10/15/2025 18:52:00,8.8392,26.047
"3,534",10/15/2025 18:53:00,8.8402,25.969
"3,535",10/15/2025 18:54:00,8.8402,25.883
"3,536",10/15/2025 18:55:00,8.8402,25.797
"3,537",10/15/2025 18:56:00,8.8402,25.703
"3,538",10/15/2025 18:57:00,8.8402,25.617
"3,539",10/15/2025 18:58:00,8.8412,25.523
"3,540",10/15/2025 18:59:00,8.8402,25.445
"3,541",10/15/2025 19:00:00,8.8412,25.367
"3,542",10/15/2025 19:01:00,8.8423,25.297
"3,543",10/15/2025 19:02:00,8.8412,25.227
"3,544",10/15/2025 19:03:00,8.8412,25.156
"3,545",10/15/2025 19:04:00,8.8423,25.094
"3,546",10/15/2025 19:05:00,8.8423,25.023
"3,547",10/15/2025 19:06:00,8.8433,24.953
"3,548",10/15/2025 19:07:00,8.8433,24.883
"3,549",10/15/2025 19:08:00,8.8423,24.836
"3,550",10/15/2025 19:09:00,8.8423,24.773
"3,551",10/15/2025 19:10:00,8.8443,24.711
"3,552",10/15/2025 19:11:00,8.8433,24.656
"3,553",10/15/2025 19:12:00,8.8443,24.602
"3,554",10/15/2025 19:13:00,8.8443,24.547
"3,555",10/15/2025 19:14:00,8.8443,24.500
"3,556",10/15/2025 19:15:00,8.8443,24.461
"3,557",10/15/2025 19:16:00,8.8443,24.414
"3,558",10/15/2025 19:17:00,8.8443,24.375
"3,559",10/15/2025 19:18:00,8.8463,24.320
"3,560",10/15/2025 19:19:00,8.8453,24.273
"3,561",10/15/2025 19:20:00,8.8453,24.227
"3,562",10/15/2025 19:21:00,8.8453,24.172
"3,563",10/15/2025 19:22:00,8.8463,24.125
"3,564",10/15/2025 19:23:00,8.8443,24.078
"3,565",10/15/2025 19:24:00,8.8463,24.047
"3,566",10/15/2025 19:25:00,8.8463,24.000
"3,567",10/15/2025 19:26:00,8.8463,23.961
"3,568",10/15/2025 19:27:00,8.8463,23.922
"3,569",10/15/2025 19:28:00,8.8463,23.883
"3,570",10/15/2025 19:29:00,8.8463,23.844
"3,571",10/15/2025 19:30:00,8.8474,23.805
"3,572",10/15/2025 19:31:00,8.8463,23.758
"3,573",10/15/2025 19:32:00,8.8474,23.719
"3,574",10/15/2025 19:33:00,8.8474,23.664
"3,575",10/15/2025 19:34:00,8.8474,23.625
"3,576",10/15/2025 19:35:00,8.8474,23.586
"3,577",10/15/2025 19:36:00,8.8484,23.539
"3,578",10/15/2025 19:37:00,8.8484,23.477
"3,579",10/15/2025 19:38:00,8.8474,23.422
"3,580",10/15/2025 19:39:00,8.8474,23.391
"3,581",10/15/2025 19:40:00,8.8484,23.344
"3,582",10/15/2025 19:41:00,8.8484,23.289
"3,583",10/15/2025 19:42:00,8.8494,23.234
"3,584",10/15/2025 19:43:00,8.8484,23.172
"3,585",10/15/2025 19:44:00,8.8484,23.125
"3,586",10/15/2025 19:45:00,8.8494,23.055
"3,587",10/15/2025 19:46:00,8.8494,22.992
"3,588",10/15/2025 19:47:00,8.8494,22.938
"3,589",10/15/2025 19:48:00,8.8494,22.883
"3,590",10/15/2025 19:49:00,8.8484,22.836
"3,591",10/15/2025 19:50:00,8.8494,22.805
"3,592",10/15/2025 19:51:00,8.8494,22.773
"3,593",10/15/2025 19:52:00,8.8494,22.750
"3,594",10/15/2025 19:53:00,8.8504,22.734
"3,595",10/15/2025 19:54:00,8.8494,22.711
"3,596",10/15/2025 19:55:00,8.8504,22.688
"3,597",10/15/2025 19:56:00,8.8494,22.664
"3,598",10/15/2025 19:57:00,8.8494,22.648
"3,599",10/15/2025 19:58:00,8.8504,22.633
"3,600",10/15/2025 19:59:00,8.8504,22.609
"3,601",10/15/2025 20:00:00,8.8514,22.563
"3,602",10/15/2025 20:01:00,8.8494,22.508
"3,603",10/15/2025 20:02:00,8.8504,22.477
"3,604",10/15/2025 20:03:00,8.8504,22.438
"3,605",10/15/2025 20:04:00,8.8504,22.430
"3,606",10/15/2025 20:05:00,8.8514,22.430
"3,607",10/15/2025 20:06:00,8.8524,22.422
"3,608",10/15/2025 20:07:00,8.8514,22.406
"3,609",10/15/2025 20:08:00,8.8514,22.367
"3,610",10/15/2025 20:09:00,8.8514,22.328
"3,611",10/15/2025 20:10:00,8.8514,22.289
"3,612",10/15/2025 20:11:00,8.8514,22.266
"3,613",10/15/2025 20:12:00,8.8514,22.242
"3,614",10/15/2025 20:13:00,8.8514,22.227
"3,615",10/15/2025 20:14:00,8.8524,22.195
"3,616",10/15/2025 20:15:00,8.8524,22.164
"3,617",10/15/2025 20:16:00,8.8514,22.125
"3,618",10/15/2025 20:17:00,8.8524,22.078
"3,619",10/15/2025 20:18:00,8.8524,22.047
"3,620",10/15/2025 20:19:00,8.8524,22.000
"3,621",10/15/2025 20:20:00,8.8524,21.953
"3,622",10/15/2025 20:21:00,8.8524,21.914
"3,623",10/15/2025 20:22:00,8.8524,21.898
"3,624",10/15/2025 20:23:00,8.8535,21.875
"3,625",10/15/2025 20:24:00,8.8535,21.852
"3,626",10/15/2025 20:25:00,8.8535,21.828
"3,627",10/15/2025 20:26:00,8.8535,21.836
"3,628",10/15/2025 20:27:00,8.8535,21.836
"3,629",10/15/2025 20:28:00,8.8545,21.844
"3,630",10/15/2025 20:29:00,8.8535,21.859
"3,631",10/15/2025 20:30:00,8.8535,21.844
"3,632",10/15/2025 20:31:00,8.8535,21.813
"3,633",10/15/2025 20:32:00,8.8524,21.789
"3,634",10/15/2025 20:33:00,8.8545,21.758
"3,635",10/15/2025 20:34:00,8.8545,21.711
"3,636",10/15/2025 20:35:00,8.8545,21.688
"3,637",10/15/2025 20:36:00,8.8535,21.656
"3,638",10/15/2025 20:37:00,8.8545,21.625
"3,639",10/15/2025 20:38:00,8.8535,21.586
"3,640",10/15/2025 20:39:00,8.8545,21.539
"3,641",10/15/2025 20:40:00,8.8545,21.492
"3,642",10/15/2025 20:41:00,8.8545,21.445
"3,643",10/15/2025 20:42:00,8.8545,21.398
"3,644",10/15/2025 20:43:00,8.8555,21.375
"3,645",10/15/2025 20:44:00,8.8555,21.344
"3,646",10/15/2025 20:45:00,8.8555,21.313
"3,647",10/15/2025 20:46:00,8.8555,21.258
"3,648",10/15/2025 20:47:00,8.8555,21.203
"3,649",10/15/2025 20:48:00,8.8565,21.156
"3,650",10/15/2025 20:49:00,8.8555,21.102
"3,651",10/15/2025 20:50:00,8.8565,21.070
"3,652",10/15/2025 20:51:00,8.8555,21.039
"3,653",10/15/2025 20:52:00,8.8565,21.008
"3,654",10/15/2025 20:53:00,8.8575,21.000
"3,655",10/15/2025 20:54:00,8.8565,20.984
"3,656",10/15/2025 20:55:00,8.8565,20.961
"3,657",10/15/2025 20:56:00,8.8555,20.945
"3,658",10/15/2025 20:57:00,8.8565,20.914
"3,659",10/15/2025 20:58:00,8.8565,20.883
"3,660",10/15/2025 20:59:00,8.8575,20.844
"3,661",10/15/2025 21:00:00,8.8575,20.805
"3,662",10/15/2025 21:01:00,8.8575,20.766
"3,663",10/15/2025 21:02:00,8.8575,20.719
"3,664",10/15/2025 21:03:00,8.8575,20.680
"3,665",10/15/2025 21:04:00,8.8586,20.656
"3,666",10/15/2025 21:05:00,8.8586,20.617
"3,667",10/15/2025 21:06:00,8.8586,20.555
"3,668",10/15/2025 21:07:00,8.8596,20.500
"3,669",10/15/2025 21:08:00,8.8596,20.445
"3,670",10/15/2025 21:09:00,8.8596,20.398
"3,671",10/15/2025 21:10:00,8.8596,20.344
"3,672",10/15/2025 21:11:00,8.8596,20.297
"3,673",10/15/2025 21:12:00,8.8596,20.266
"3,674",10/15/2025 21:13:00,8.8596,20.227
"3,675",10/15/2025 21:14:00,8.8596,20.211
"3,676",10/15/2025 21:15:00,8.8606,20.188
"3,677",10/15/2025 21:16:00,8.8596,20.195
"3,678",10/15/2025 21:17:00,8.8596,20.203
"3,679",10/15/2025 21:18:00,8.8596,20.188
"3,680",10/15/2025 21:19:00,8.8606,20.164
"3,681",10/15/2025 21:20:00,8.8596,20.133
"3,682",10/15/2025 21:21:00,8.8606,20.109
"3,683",10/15/2025 21:22:00,8.8606,20.070
"3,684",10/15/2025 21:23:00,8.8616,20.016
"3,685",10/15/2025 21:24:00,8.8616,19.938
"3,686",10/15/2025 21:25:00,8.8616,19.898
"3,687",10/15/2025 21:26:00,8.8616,19.859
"3,688",10/15/2025 21:27:00,8.8616,19.828
"3,689",10/15/2025 21:28:00,8.8616,19.836
"3,690",10/15/2025 21:29:00,8.8616,19.844
"3,691",10/15/2025 21:30:00,8.8616,19.844
"3,692",10/15/2025 21:31:00,8.8616,19.844
"3,693",10/15/2025 21:32:00,8.8616,19.828
"3,694",10/15/2025 21:33:00,8.8616,19.797
"3,695",10/15/2025 21:34:00,8.8626,19.773
"3,696",10/15/2025 21:35:00,8.8616,19.758
"3,697",10/15/2025 21:36:00,8.8626,19.742
"3,698",10/15/2025 21:37:00,8.8626,19.719
"3,699",10/15/2025 21:38:00,8.8626,19.695
"3,700",10/15/2025 21:39:00,8.8626,19.664
"3,701",10/15/2025 21:40:00,8.8626,19.633
"3,702",10/15/2025 21:41:00,8.8616,19.586
"3,703",10/15/2025 21:42:00,8.8626,19.531
"3,704",10/15/2025 21:43:00,8.8626,19.492
"3,705",10/15/2025 21:44:00,8.8637,19.438
"3,706",10/15/2025 21:45:00,8.8626,19.406
"3,707",10/15/2025 21:46:00,8.8626,19.391
"3,708",10/15/2025 21:47:00,8.8637,19.398
"3,709",10/15/2025 21:48:00,8.8637,19.414
"3,710",10/15/2025 21:49:00,8.8647,19.430
"3,711",10/15/2025 21:50:00,8.8637,19.453
"3,712",10/15/2025 21:51:00,8.8637,19.453
"3,713",10/15/2025 21:52:00,8.8637,19.445
"3,714",10/15/2025 21:53:00,8.8637,19.422
"3,715",10/15/2025 21:54:00,8.8637,19.383
"3,716",10/15/2025 21:55:00,8.8647,19.367
"3,717",10/15/2025 21:56:00,8.8647,19.344
"3,718",10/15/2025 21:57:00,8.8647,19.305
"3,719",10/15/2025 21:58:00,8.8637,19.266
"3,720",10/15/2025 21:59:00,8.8647,19.227
"3,721",10/15/2025 22:00:00,8.8647,19.188
"3,722",10/15/2025 22:01:00,8.8647,19.148
"3,723",10/15/2025 22:02:00,8.8647,19.109
"3,724",10/15/2025 22:03:00,8.8647,19.070
"3,725",10/15/2025 22:04:00,8.8647,19.055
"3,726",10/15/2025 22:05:00,8.8647,19.031
"3,727",10/15/2025 22:06:00,8.8647,19.016
"3,728",10/15/2025 22:07:00,8.8647,19.016
"3,729",10/15/2025 22:08:00,8.8647,19.039
"3,730",10/15/2025 22:09:00,8.8647,19.031
"3,731",10/15/2025 22:10:00,8.8647,19.039
"3,732",10/15/2025 22:11:00,8.8647,19.063
"3,733",10/15/2025 22:12:00,8.8647,19.078
"3,734",10/15/2025 22:13:00,8.8637,19.078
"3,735",10/15/2025 22:14:00,8.8647,19.047
"3,736",10/15/2025 22:15:00,8.8647,19.000
"3,737",10/15/2025 22:16:00,8.8637,18.969
"3,738",10/15/2025 22:17:00,8.8657,18.945
"3,739",10/15/2025 22:18:00,8.8647,18.922
"3,740",10/15/2025 22:19:00,8.8657,18.906
"3,741",10/15/2025 22:20:00,8.8647,18.883
"3,742",10/15/2025 22:21:00,8.8647,18.852
"3,743",10/15/2025 22:22:00,8.8647,18.828
"3,744",10/15/2025 22:23:00,8.8647,18.797
"3,745",10/15/2025 22:24:00,8.8647,18.766
"3,746",10/15/2025 22:25:00,8.8647,18.734
"3,747",10/15/2025 22:26:00,8.8647,18.719
"3,748",10/15/2025 22:27:00,8.8637,18.695
"3,749",10/15/2025 22:28:00,8.8647,18.680
"3,750",10/15/2025 22:29:00,8.8647,18.648
"3,751",10/15/2025 22:30:00,8.8637,18.617
"3,752",10/15/2025 22:31:00,8.8647,18.578
"3,753",10/15/2025 22:32:00,8.8647,18.547
"3,754",10/15/2025 22:33:00,8.8637,18.516
"3,755",10/15/2025 22:34:00,8.8647,18.492
"3,756",10/15/2025 22:35:00,8.8637,18.453
"3,757",10/15/2025 22:36:00,8.8637,18.430
"3,758",10/15/2025 22:37:00,8.8637,18.406
"3,759",10/15/2025 22:38:00,8.8647,18.391
"3,760",10/15/2025 22:39:00,8.8637,18.359
"3,761",10/15/2025 22:40:00,8.8637,18.328
"3,762",10/15/2025 22:41:00,8.8647,18.289
"3,763",10/15/2025 22:42:00,8.8637,18.242
"3,764",10/15/2025 22:43:00,8.8637,18.203
"3,765",10/15/2025 22:44:00,8.8637,18.172
"3,766",10/15/2025 22:45:00,8.8647,18.148
"3,767",10/15/2025 22:46:00,8.8637,18.141
"3,768",10/15/2025 22:47:00,8.8626,18.125
"3,769",10/15/2025 22:48:00,8.8626,18.102
"3,770",10/15/2025 22:49:00,8.8637,18.070
"3,771",10/15/2025 22:50:00,8.8637,18.047
"3,772",10/15/2025 22:51:00,8.8626,18.016
"3,773",10/15/2025 22:52:00,8.8626,18.000
"3,774",10/15/2025 22:53:00,8.8626,17.984
"3,775",10/15/2025 22:54:00,8.8626,17.984
"3,776",10/15/2025 22:55:00,8.8626,17.969
"3,777",10/15/2025 22:56:00,8.8626,17.961
"3,778",10/15/2025 22:57:00,8.8626,17.930
"3,779",10/15/2025 22:58:00,8.8626,17.891
"3,780",10/15/2025 22:59:00,8.8626,17.852
"3,781",10/15/2025 23:00:00,8.8626,17.820
"3,782",10/15/2025 23:01:00,8.8626,17.797
"3,783",10/15/2025 23:02:00,8.8626,17.781
"3,784",10/15/2025 23:03:00,8.8626,17.766
"3,785",10/15/2025 23:04:00,8.8616,17.758
"3,786",10/15/2025 23:05:00,8.8626,17.734
"3,787",10/15/2025 23:06:00,8.8626,17.719
"3,788",10/15/2025 23:07:00,8.8616,17.695
"3,789",10/15/2025 23:08:00,8.8616,17.672
"3,790",10/15/2025 23:09:00,8.8626,17.672
"3,791",10/15/2025 23:10:00,8.8616,17.648
"3,792",10/15/2025 23:11:00,8.8626,17.641
"3,793",10/15/2025 23:12:00,8.8626,17.633
"3,794",10/15/2025 23:13:00,8.8637,17.617
"3,795",10/15/2025 23:14:00,8.8637,17.586
"3,796",10/15/2025 23:15:00,8.8637,17.563
"3,797",10/15/2025 23:16:00,8.8637,17.547
"3,798",10/15/2025 23:17:00,8.8647,17.523
"3,799",10/15/2025 23:18:00,8.8637,17.492
"3,800",10/15/2025 23:19:00,8.8637,17.469
"3,801",10/15/2025 23:20:00,8.8637,17.438
"3,802",10/15/2025 23:21:00,8.8637,17.414
"3,803",10/15/2025 23:22:00,8.8637,17.406
"3,804",10/15/2025 23:23:00,8.8637,17.391
"3,805",10/15/2025 23:24:00,8.8637,17.383
"3,806",10/15/2025 23:25:00,8.8626,17.367
"3,807",10/15/2025 23:26:00,8.8637,17.367
"3,808",10/15/2025 23:27:00,8.8626,17.359
"3,809",10/15/2025 23:28:00,8.8626,17.352
"3,810",10/15/2025 23:29:00,8.8626,17.344
"3,811",10/15/2025 23:30:00,8.8626,17.320
"3,812",10/15/2025 23:31:00,8.8626,17.297
"3,813",10/15/2025 23:32:00,8.8626,17.273
"3,814",10/15/2025 23:33:00,8.8616,17.258
"3,815",10/15/2025 23:34:00,8.8626,17.234
"3,816",10/15/2025 23:35:00,8.8616,17.219
"3,817",10/15/2025 23:36:00,8.8626,17.195
"3,818",10/15/2025 23:37:00,8.8626,17.180
"3,819",10/15/2025 23:38:00,8.8637,17.156
"3,820",10/15/2025 23:39:00,8.8626,17.148
"3,821",10/15/2025 23:40:00,8.8637,17.133
"3,822",10/15/2025 23:41:00,8.8637,17.102
"3,823",10/15/2025 23:42:00,8.8637,17.070
"3,824",10/15/2025 23:43:00,8.8637,17.055
"3,825",10/15/2025 23:44:00,8.8637,17.039
"3,826",10/15/2025 23:45:00,8.8626,17.023
"3,827",10/15/2025 23:46:00,8.8637,17.039
"3,828",10/15/2025 23:47:00,8.8616,17.055
"3,829",10/15/2025 23:48:00,8.8626,17.063
"3,830",10/15/2025 23:49:00,8.8626,17.070
"3,831",10/15/2025 23:50:00,8.8626,17.063
"3,832",10/15/2025 23:51:00,8.8637,17.047
"3,833",10/15/2025 23:52:00,8.8626,17.023
"3,834",10/15/2025 23:53:00,8.8626,17.000
"3,835",10/15/2025 23:54:00,8.8626,16.984
"3,836",10/15/2025 23:55:00,8.8626,16.953
"3,837",10/15/2025 23:56:00,8.8626,16.914
"3,838",10/15/2025 23:57:00,8.8616,16.883
"3,839",10/15/2025 23:58:00,8.8616,16.859
"3,840",10/15/2025 23:59:00,8.8616,16.836
"3,841",10/16/2025 0:00:00,8.8616,16.844
"3,842",10/16/2025 0:01:00,8.8626,16.836
"3,843",10/16/2025 0:02:00,8.8616,16.836
"3,844",10/16/2025 0:03:00,8.8606,16.844
"3,845",10/16/2025 0:04:00,8.8616,16.859
"3,846",10/16/2025 0:05:00,8.8606,16.875
"3,847",10/16/2025 0:06:00,8.8606,16.875
"3,848",10/16/2025 0:07:00,8.8596,16.875
"3,849",10/16/2025 0:08:00,8.8606,16.867
"3,850",10/16/2025 0:09:00,8.8596,16.867
"3,851",10/16/2025 0:10:00,8.8596,16.867
"3,852",10/16/2025 0:11:00,8.8596,16.859
"3,853",10/16/2025 0:12:00,8.8606,16.813
"3,854",10/16/2025 0:13:00,8.8606,16.766
"3,855",10/16/2025 0:14:00,8.8606,16.727
"3,856",10/16/2025 0:15:00,8.8596,16.711
"3,857",10/16/2025 0:16:00,8.8606,16.688
"3,858",10/16/2025 0:17:00,8.8596,16.672
"3,859",10/16/2025 0:18:00,8.8606,16.656
"3,860",10/16/2025 0:19:00,8.8596,16.633
"3,861",10/16/2025 0:20:00,8.8596,16.625
"3,862",10/16/2025 0:21:00,8.8606,16.617
"3,863",10/16/2025 0:22:00,8.8596,16.594
"3,864",10/16/2025 0:23:00,8.8596,16.578
"3,865",10/16/2025 0:24:00,8.8606,16.547
"3,866",10/16/2025 0:25:00,8.8596,16.531
"3,867",10/16/2025 0:26:00,8.8596,16.516
"3,868",10/16/2025 0:27:00,8.8596,16.492
"3,869",10/16/2025 0:28:00,8.8606,16.461
"3,870",10/16/2025 0:29:00,8.8596,16.422
"3,871",10/16/2025 0:30:00,8.8596,16.391
"3,872",10/16/2025 0:31:00,8.8596,16.367
"3,873",10/16/2025 0:32:00,8.8606,16.352
"3,874",10/16/2025 0:33:00,8.8606,16.352
"3,875",10/16/2025 0:34:00,8.8596,16.352
"3,876",10/16/2025 0:35:00,8.8596,16.359
"3,877",10/16/2025 0:36:00,8.8596,16.367
"3,878",10/16/2025 0:37:00,8.8596,16.391
"3,879",10/16/2025 0:38:00,8.8596,16.383
"3,880",10/16/2025 0:39:00,8.8606,16.367
"3,881",10/16/2025 0:40:00,8.8606,16.352
"3,882",10/16/2025 0:41:00,8.8596,16.336
"3,883",10/16/2025 0:42:00,8.8606,16.313
"3,884",10/16/2025 0:43:00,8.8596,16.297
"3,885",10/16/2025 0:44:00,8.8596,16.273
"3,886",10/16/2025 0:45:00,8.8606,16.242
"3,887",10/16/2025 0:46:00,8.8606,16.211
"3,888",10/16/2025 0:47:00,8.8596,16.172
"3,889",10/16/2025 0:48:00,8.8606,16.148
"3,890",10/16/2025 0:49:00,8.8596,16.125
"3,891",10/16/2025 0:50:00,8.8596,16.133
"3,892",10/16/2025 0:51:00,8.8596,16.141
"3,893",10/16/2025 0:52:00,8.8596,16.148
"3,894",10/16/2025 0:53:00,8.8596,16.141
"3,895",10/16/2025 0:54:00,8.8586,16.117
"3,896",10/16/2025 0:55:00,8.8586,16.086
"3,897",10/16/2025 0:56:00,8.8586,16.055
"3,898",10/16/2025 0:57:00,8.8586,16.031
"3,899",10/16/2025 0:58:00,8.8596,16.008
"3,900",10/16/2025 0:59:00,8.8596,15.977
"3,901",10/16/2025 1:00:00,8.8596,15.953
"3,902",10/16/2025 1:01:00,8.8596,15.945
"3,903",10/16/2025 1:02:00,8.8596,15.914
"3,904",10/16/2025 1:03:00,8.8606,15.883
"3,905",10/16/2025 1:04:00,8.8606,15.852
"3,906",10/16/2025 1:05:00,8.8596,15.828
"3,907",10/16/2025 1:06:00,8.8596,15.813
"3,908",10/16/2025 1:07:00,8.8596,15.781
"3,909",10/16/2025 1:08:00,8.8596,15.758
"3,910",10/16/2025 1:09:00,8.8596,15.742
"3,911",10/16/2025 1:10:00,8.8596,15.719
"3,912",10/16/2025 1:11:00,8.8606,15.695
"3,913",10/16/2025 1:12:00,8.8606,15.672
"3,914",10/16/2025 1:13:00,8.8606,15.641
"3,915",10/16/2025 1:14:00,8.8606,15.625
"3,916",10/16/2025 1:15:00,8.8616,15.594
"3,917",10/16/2025 1:16:00,8.8606,15.570
"3,918",10/16/2025 1:17:00,8.8616,15.539
"3,919",10/16/2025 1:18:00,8.8596,15.500
"3,920",10/16/2025 1:19:00,8.8606,15.469
"3,921",10/16/2025 1:20:00,8.8616,15.438
"3,922",10/16/2025 1:21:00,8.8606,15.398
"3,923",10/16/2025 1:22:00,8.8616,15.367
"3,924",10/16/2025 1:23:00,8.8616,15.336
"3,925",10/16/2025 1:24:00,8.8606,15.320
"3,926",10/16/2025 1:25:00,8.8606,15.297
"3,927",10/16/2025 1:26:00,8.8606,15.273
"3,928",10/16/2025 1:27:00,8.8606,15.258
"3,929",10/16/2025 1:28:00,8.8606,15.234
"3,930",10/16/2025 1:29:00,8.8606,15.219
"3,931",10/16/2025 1:30:00,8.8606,15.195
"3,932",10/16/2025 1:31:00,8.8606,15.180
"3,933",10/16/2025 1:32:00,8.8616,15.156
"3,934",10/16/2025 1:33:00,8.8606,15.117
"3,935",10/16/2025 1:34:00,8.8616,15.078
"3,936",10/16/2025 1:35:00,8.8616,15.063
"3,937",10/16/2025 1:36:00,8.8616,15.039
"3,938",10/16/2025 1:37:00,8.8616,14.992
"3,939",10/16/2025 1:38:00,8.8616,14.953
"3,940",10/16/2025 1:39:00,8.8606,14.914
"3,941",10/16/2025 1:40:00,8.8606,14.891
"3,942",10/16/2025 1:41:00,8.8616,14.883
"3,943",10/16/2025 1:42:00,8.8616,14.875
"3,944",10/16/2025 1:43:00,8.8606,14.875
"3,945",10/16/2025 1:44:00,8.8606,14.859
"3,946",10/16/2025 1:45:00,8.8616,14.852
"3,947",10/16/2025 1:46:00,8.8616,14.844
"3,948",10/16/2025 1:47:00,8.8616,14.836
"3,949",10/16/2025 1:48:00,8.8616,14.820
"3,950",10/16/2025 1:49:00,8.8606,14.805
"3,951",10/16/2025 1:50:00,8.8606,14.789
"3,952",10/16/2025 1:51:00,8.8606,14.766
"3,953",10/16/2025 1:52:00,8.8606,14.750
"3,954",10/16/2025 1:53:00,8.8616,14.727
"3,955",10/16/2025 1:54:00,8.8616,14.703
"3,956",10/16/2025 1:55:00,8.8606,14.688
"3,957",10/16/2025 1:56:00,8.8616,14.672
"3,958",10/16/2025 1:57:00,8.8606,14.656
"3,959",10/16/2025 1:58:00,8.8616,14.633
"3,960",10/16/2025 1:59:00,8.8606,14.602
"3,961",10/16/2025 2:00:00,8.8606,14.570
"3,962",10/16/2025 2:01:00,8.8606,14.547
"3,963",10/16/2025 2:02:00,8.8606,14.547
"3,964",10/16/2025 2:03:00,8.8606,14.547
"3,965",10/16/2025 2:04:00,8.8606,14.547
"3,966",10/16/2025 2:05:00,8.8606,14.547
"3,967",10/16/2025 2:06:00,8.8606,14.531
"3,968",10/16/2025 2:07:00,8.8606,14.516
"3,969",10/16/2025 2:08:00,8.8616,14.492
"3,970",10/16/2025 2:09:00,8.8616,14.477
"3,971",10/16/2025 2:10:00,8.8606,14.453
"3,972",10/16/2025 2:11:00,8.8606,14.453
"3,973",10/16/2025 2:12:00,8.8616,14.445
"3,974",10/16/2025 2:13:00,8.8606,14.438
"3,975",10/16/2025 2:14:00,8.8616,14.430
"3,976",10/16/2025 2:15:00,8.8606,14.414
"3,977",10/16/2025 2:16:00,8.8606,14.406
"3,978",10/16/2025 2:17:00,8.8606,14.398
"3,979",10/16/2025 2:18:00,8.8606,14.383
"3,980",10/16/2025 2:19:00,8.8606,14.375
"3,981",10/16/2025 2:20:00,8.8616,14.359
"3,982",10/16/2025 2:21:00,8.8596,14.344
"3,983",10/16/2025 2:22:00,8.8616,14.320
"3,984",10/16/2025 2:23:00,8.8616,14.289
"3,985",10/16/2025 2:24:00,8.8606,14.258
"3,986",10/16/2025 2:25:00,8.8606,14.234
"3,987",10/16/2025 2:26:00,8.8606,14.211
"3,988",10/16/2025 2:27:00,8.8616,14.203
"3,989",10/16/2025 2:28:00,8.8606,14.203
"3,990",10/16/2025 2:29:00,8.8606,14.195
"3,991",10/16/2025 2:30:00,8.8606,14.195
"3,992",10/16/2025 2:31:00,8.8616,14.203
"3,993",10/16/2025 2:32:00,8.8606,14.234
"3,994",10/16/2025 2:33:00,8.8606,14.258
"3,995",10/16/2025 2:34:00,8.8596,14.273
"3,996",10/16/2025 2:35:00,8.8606,14.281
"3,997",10/16/2025 2:36:00,8.8596,14.289
"3,998",10/16/2025 2:37:00,8.8606,14.320
"3,999",10/16/2025 2:38:00,8.8596,14.336
"4,000",10/16/2025 2:39:00,8.8606,14.359
"4,001",10/16/2025 2:40:00,8.8606,14.359
"4,002",10/16/2025 2:41:00,8.8596,14.367
"4,003",10/16/2025 2:42:00,8.8596,14.375
"4,004",10/16/2025 2:43:00,8.8606,14.391
"4,005",10/16/2025 2:44:00,8.8606,14.414
"4,006",10/16/2025 2:45:00,8.8606,14.438
"4,007",10/16/2025 2:46:00,8.8606,14.469
"4,008",10/16/2025 2:47:00,8.8606,14.469
"4,009",10/16/2025 2:48:00,8.8606,14.461
"4,010",10/16/2025 2:49:00,8.8616,14.445
"4,011",10/16/2025 2:50:00,8.8616,14.461
"4,012",10/16/2025 2:51:00,8.8606,14.500
"4,013",10/16/2025 2:52:00,8.8606,14.516
"4,014",10/16/2025 2:53:00,8.8616,14.531
"4,015",10/16/2025 2:54:00,8.8616,14.547
"4,016",10/16/2025 2:55:00,8.8606,14.555
"4,017",10/16/2025 2:56:00,8.8616,14.563
"4,018",10/16/2025 2:57:00,8.8606,14.570
"4,019",10/16/2025 2:58:00,8.8616,14.602
"4,020",10/16/2025 2:59:00,8.8606,14.656
"4,021",10/16/2025 3:00:00,8.8616,14.703
"4,022",10/16/2025 3:01:00,8.8616,14.734
"4,023",10/16/2025 3:02:00,8.8606,14.797
"4,024",10/16/2025 3:03:00,8.8606,14.898
"4,025",10/16/2025 3:04:00,8.8596,15.000
"4,026",10/16/2025 3:05:00,8.8596,15.172
"4,027",10/16/2025 3:06:00,8.8586,15.227
"4,028",10/16/2025 3:07:00,8.8596,15.211
"4,029",10/16/2025 3:08:00,8.8606,15.164
"4,030",10/16/2025 3:09:00,8.8616,15.125
"4,031",10/16/2025 3:10:00,8.8606,15.063
"4,032",10/16/2025 3:11:00,8.8606,14.977
"4,033",10/16/2025 3:12:00,8.8616,14.891
"4,034",10/16/2025 3:13:00,8.8616,14.820
"4,035",10/16/2025 3:14:00,8.8616,14.766
"4,036",10/16/2025 3:15:00,8.8616,14.711
"4,037",10/16/2025 3:16:00,8.8616,14.672
"4,038",10/16/2025 3:17:00,8.8616,14.617
"4,039",10/16/2025 3:18:00,8.8616,14.586
"4,040",10/16/2025 3:19:00,8.8616,14.555
"4,041",10/16/2025 3:20:00,8.8616,14.531
"4,042",10/16/2025 3:21:00,8.8616,14.523
"4,043",10/16/2025 3:22:00,8.8626,14.523
"4,044",10/16/2025 3:23:00,8.8626,14.539
"4,045",10/16/2025 3:24:00,8.8637,14.563
"4,046",10/16/2025 3:25:00,8.8626,14.594
"4,047",10/16/2025 3:26:00,8.8637,14.617
"4,048",10/16/2025 3:27:00,8.8647,14.625
"4,049",10/16/2025 3:28:00,8.8637,14.633
"4,050",10/16/2025 3:29:00,8.8637,14.633
"4,051",10/16/2025 3:30:00,8.8637,14.609
"4,052",10/16/2025 3:31:00,8.8647,14.586
"4,053",10/16/2025 3:32:00,8.8647,14.570
"4,054",10/16/2025 3:33:00,8.8637,14.555
"4,055",10/16/2025 3:34:00,8.8647,14.555
"4,056",10/16/2025 3:35:00,8.8637,14.547
"4,057",10/16/2025 3:36:00,8.8637,14.531
"4,058",10/16/2025 3:37:00,8.8637,14.516
"4,059",10/16/2025 3:38:00,8.8647,14.508
"4,060",10/16/2025 3:39:00,8.8657,14.500
"4,061",10/16/2025 3:40:00,8.8647,14.492
"4,062",10/16/2025 3:41:00,8.8657,14.500
"4,063",10/16/2025 3:42:00,8.8647,14.508
"4,064",10/16/2025 3:43:00,8.8647,14.484
"4,065",10/16/2025 3:44:00,8.8647,14.430
"4,066",10/16/2025 3:45:00,8.8647,14.383
"4,067",10/16/2025 3:46:00,8.8657,14.328
"4,068",10/16/2025 3:47:00,8.8657,14.281
"4,069",10/16/2025 3:48:00,8.8657,14.242
"4,070",10/16/2025 3:49:00,8.8667,14.234
"4,071",10/16/2025 3:50:00,8.8667,14.234
"4,072",10/16/2025 3:51:00,8.8667,14.242
"4,073",10/16/2025 3:52:00,8.8667,14.250
"4,074",10/16/2025 3:53:00,8.8667,14.273
"4,075",10/16/2025 3:54:00,8.8667,14.289
"4,076",10/16/2025 3:55:00,8.8667,14.289
"4,077",10/16/2025 3:56:00,8.8677,14.273
"4,078",10/16/2025 3:57:00,8.8677,14.242
"4,079",10/16/2025 3:58:00,8.8688,14.219
"4,080",10/16/2025 3:59:00,8.8677,14.195
"4,081",10/16/2025 4:00:00,8.8677,14.164
"4,082",10/16/2025 4:01:00,8.8677,14.133
"4,083",10/16/2025 4:02:00,8.8688,14.102
"4,084",10/16/2025 4:03:00,8.8688,14.063
"4,085",10/16/2025 4:04:00,8.8688,14.023
"4,086",10/16/2025 4:05:00,8.8688,13.984
"4,087",10/16/2025 4:06:00,8.8688,13.938
"4,088",10/16/2025 4:07:00,8.8688,13.898
"4,089",10/16/2025 4:08:00,8.8698,13.859
"4,090",10/16/2025 4:09:00,8.8688,13.844
"4,091",10/16/2025 4:10:00,8.8698,13.828
"4,092",10/16/2025 4:11:00,8.8698,13.828
"4,093",10/16/2025 4:12:00,8.8708,13.805
"4,094",10/16/2025 4:13:00,8.8698,13.781
"4,095",10/16/2025 4:14:00,8.8698,13.750
"4,096",10/16/2025 4:15:00,8.8698,13.719
"4,097",10/16/2025 4:16:00,8.8698,13.688
"4,098",10/16/2025 4:17:00,8.8708,13.664
"4,099",10/16/2025 4:18:00,8.8708,13.625
"4,100",10/16/2025 4:19:00,8.8708,13.578
"4,101",10/16/2025 4:20:00,8.8708,13.547
"4,102",10/16/2025 4:21:00,8.8718,13.508
"4,103",10/16/2025 4:22:00,8.8718,13.461
"4,104",10/16/2025 4:23:00,8.8708,13.430
"4,105",10/16/2025 4:24:00,8.8708,13.391
"4,106",10/16/2025 4:25:00,8.8718,13.352
"4,107",10/16/2025 4:26:00,8.8718,13.320
"4,108",10/16/2025 4:27:00,8.8718,13.281
"4,109",10/16/2025 4:28:00,8.8718,13.234
"4,110",10/16/2025 4:29:00,8.8718,13.195
"4,111",10/16/2025 4:30:00,8.8718,13.141
"4,112",10/16/2025 4:31:00,8.8718,13.094
"4,113",10/16/2025 4:32:00,8.8728,13.047
"4,114",10/16/2025 4:33:00,8.8728,13.023
"4,115",10/16/2025 4:34:00,8.8728,13.000
"4,116",10/16/2025 4:35:00,8.8739,12.977
"4,117",10/16/2025 4:36:00,8.8728,12.961
"4,118",10/16/2025 4:37:00,8.8739,12.938
"4,119",10/16/2025 4:38:00,8.8739,12.914
"4,120",10/16/2025 4:39:00,8.8749,12.898
"4,121",10/16/2025 4:40:00,8.8739,12.883
"4,122",10/16/2025 4:41:00,8.8749,12.883
"4,123",10/16/2025 4:42:00,8.8749,12.859
"4,124",10/16/2025 4:43:00,8.8749,12.836
"4,125",10/16/2025 4:44:00,8.8739,12.805
"4,126",10/16/2025 4:45:00,8.8739,12.789
"4,127",10/16/2025 4:46:00,8.8749,12.766
"4,128",10/16/2025 4:47:00,8.8749,12.750
"4,129",10/16/2025 4:48:00,8.8749,12.750
"4,130",10/16/2025 4:49:00,8.8759,12.742
"4,131",10/16/2025 4:50:00,8.8749,12.734
"4,132",10/16/2025 4:51:00,8.8759,12.703
"4,133",10/16/2025 4:52:00,8.8759,12.680
"4,134",10/16/2025 4:53:00,8.8759,12.656
"4,135",10/16/2025 4:54:00,8.8769,12.641
"4,136",10/16/2025 4:55:00,8.8769,12.625
"4,137",10/16/2025 4:56:00,8.8769,12.617
"4,138",10/16/2025 4:57:00,8.8769,12.617
"4,139",10/16/2025 4:58:00,8.8769,12.594
"4,140",10/16/2025 4:59:00,8.8779,12.563
"4,141",10/16/2025 5:00:00,8.8769,12.539
"4,142",10/16/2025 5:01:00,8.8779,12.523
"4,143",10/16/2025 5:02:00,8.8790,12.523
"4,144",10/16/2025 5:03:00,8.8779,12.523
"4,145",10/16/2025 5:04:00,8.8790,12.508
"4,146",10/16/2025 5:05:00,8.8779,12.508
"4,147",10/16/2025 5:06:00,8.8790,12.508
"4,148",10/16/2025 5:07:00,8.8790,12.523
"4,149",10/16/2025 5:08:00,8.8790,12.523
"4,150",10/16/2025 5:09:00,8.8800,12.516
"4,151",10/16/2025 5:10:00,8.8790,12.500
"4,152",10/16/2025 5:11:00,8.8800,12.500
"4,153",10/16/2025 5:12:00,8.8790,12.508
"4,154",10/16/2025 5:13:00,8.8800,12.516
"4,155",10/16/2025 5:14:00,8.8800,12.508
"4,156",10/16/2025 5:15:00,8.8800,12.523
"4,157",10/16/2025 5:16:00,8.8800,12.523
"4,158",10/16/2025 5:17:00,8.8800,12.539
"4,159",10/16/2025 5:18:00,8.8800,12.547
"4,160",10/16/2025 5:19:00,8.8810,12.547
"4,161",10/16/2025 5:20:00,8.8800,12.547
"4,162",10/16/2025 5:21:00,8.8810,12.539
"4,163",10/16/2025 5:22:00,8.8810,12.523
"4,164",10/16/2025 5:23:00,8.8820,12.508
"4,165",10/16/2025 5:24:00,8.8810,12.500
"4,166",10/16/2025 5:25:00,8.8820,12.492
"4,167",10/16/2025 5:26:00,8.8820,12.492
"4,168",10/16/2025 5:27:00,8.8820,12.469
"4,169",10/16/2025 5:28:00,8.8820,12.461
"4,170",10/16/2025 5:29:00,8.8820,12.445
"4,171",10/16/2025 5:30:00,8.8820,12.422
"4,172",10/16/2025 5:31:00,8.8830,12.398
"4,173",10/16/2025 5:32:00,8.8830,12.375
"4,174",10/16/2025 5:33:00,8.8830,12.367
"4,175",10/16/2025 5:34:00,8.8830,12.344
"4,176",10/16/2025 5:35:00,8.8830,12.344
"4,177",10/16/2025 5:36:00,8.8830,12.344
"4,178",10/16/2025 5:37:00,8.8830,12.344
"4,179",10/16/2025 5:38:00,8.8830,12.336
"4,180",10/16/2025 5:39:00,8.8840,12.328
"4,181",10/16/2025 5:40:00,8.8830,12.313
"4,182",10/16/2025 5:41:00,8.8830,12.313
"4,183",10/16/2025 5:42:00,8.8840,12.305
"4,184",10/16/2025 5:43:00,8.8840,12.289
"4,185",10/16/2025 5:44:00,8.8840,12.289
"4,186",10/16/2025 5:45:00,8.8851,12.273
"4,187",10/16/2025 5:46:00,8.8861,12.273
"4,188",10/16/2025 5:47:00,8.8851,12.250
"4,189",10/16/2025 5:48:00,8.8851,12.234
"4,190",10/16/2025 5:49:00,8.8851,12.219
"4,191",10/16/2025 5:50:00,8.8861,12.211
"4,192",10/16/2025 5:51:00,8.8851,12.211
"4,193",10/16/2025 5:52:00,8.8861,12.219
"4,194",10/16/2025 5:53:00,8.8861,12.219
"4,195",10/16/2025 5:54:00,8.8861,12.219
"4,196",10/16/2025 5:55:00,8.8861,12.219
"4,197",10/16/2025 5:56:00,8.8871,12.195
"4,198",10/16/2025 5:57:00,8.8861,12.164
"4,199",10/16/2025 5:58:00,8.8861,12.148
"4,200",10/16/2025 5:59:00,8.8871,12.156
"4,201",10/16/2025 6:00:00,8.8871,12.164
"4,202",10/16/2025 6:01:00,8.8871,12.172
"4,203",10/16/2025 6:02:00,8.8871,12.172
"4,204",10/16/2025 6:03:00,8.8871,12.180
"4,205",10/16/2025 6:04:00,8.8881,12.195
"4,206",10/16/2025 6:05:00,8.8881,12.203
"4,207",10/16/2025 6:06:00,8.8881,12.234
"4,208",10/16/2025 6:07:00,8.8881,12.258
"4,209",10/16/2025 6:08:00,8.8891,12.313
"4,210",10/16/2025 6:09:00,8.8891,12.352
"4,211",10/16/2025 6:10:00,8.8902,12.391
"4,212",10/16/2025 6:11:00,8.8891,12.438
"4,213",10/16/2025 6:12:00,8.8891,12.531
"4,214",10/16/2025 6:13:00,8.8902,12.617
"4,215",10/16/2025 6:14:00,8.8902,12.641
"4,216",10/16/2025 6:15:00,8.8902,12.633
"4,217",10/16/2025 6:16:00,8.8902,12.648
"4,218",10/16/2025 6:17:00,8.8902,12.664
"4,219",10/16/2025 6:18:00,8.8902,12.703
"4,220",10/16/2025 6:19:00,8.8902,12.758
"4,221",10/16/2025 6:20:00,8.8902,12.813
"4,222",10/16/2025 6:21:00,8.8902,12.859
"4,223",10/16/2025 6:22:00,8.8902,12.883
"4,224",10/16/2025 6:23:00,8.8891,12.914
"4,225",10/16/2025 6:24:00,8.8912,12.977
"4,226",10/16/2025 6:25:00,8.8912,13.055
"4,227",10/16/2025 6:26:00,8.8912,13.164
"4,228",10/16/2025 6:27:00,8.8912,13.289
"4,229",10/16/2025 6:28:00,8.8902,13.445
"4,230",10/16/2025 6:29:00,8.8902,13.609
"4,231",10/16/2025 6:30:00,8.8891,13.781
"4,232",10/16/2025 6:31:00,8.8891,13.922
"4,233",10/16/2025 6:32:00,8.8902,14.031
"4,234",10/16/2025 6:33:00,8.8912,14.156
"4,235",10/16/2025 6:34:00,8.8891,14.297
"4,236",10/16/2025 6:35:00,8.8881,14.445
"4,237",10/16/2025 6:36:00,8.8891,14.586
"4,238",10/16/2025 6:37:00,8.8891,14.719
"4,239",10/16/2025 6:38:00,8.8881,14.836
"4,240",10/16/2025 6:39:00,8.8891,14.961
"4,241",10/16/2025 6:40:00,8.8891,15.102
"4,242",10/16/2025 6:41:00,8.8891,15.242
"4,243",10/16/2025 6:42:00,8.8881,15.383
"4,244",10/16/2025 6:43:00,8.8881,15.547
"4,245",10/16/2025 6:44:00,8.8871,15.664
"4,246",10/16/2025 6:45:00,8.8861,15.750
"4,247",10/16/2025 6:46:00,8.8861,15.859
"4,248",10/16/2025 6:47:00,8.8871,15.969
"4,249",10/16/2025 6:48:00,8.8871,16.094
"4,250",10/16/2025 6:49:00,8.8871,16.242
"4,251",10/16/2025 6:50:00,8.8871,16.438
"4,252",10/16/2025 6:51:00,8.8871,16.648
"4,253",10/16/2025 6:52:00,8.8861,16.852
"4,254",10/16/2025 6:53:00,8.8861,17.078
"4,255",10/16/2025 6:54:00,8.8851,17.320
"4,256",10/16/2025 6:55:00,8.8840,17.555
"4,257",10/16/2025 6:56:00,8.8840,17.773
"4,258",10/16/2025 6:57:00,8.8840,17.930
"4,259",10/16/2025 6:58:00,8.8840,18.055
"4,260",10/16/2025 6:59:00,8.8840,18.172
"4,261",10/16/2025 7:00:00,8.8830,18.289
"4,262",10/16/2025 7:01:00,8.8840,18.469
"4,263",10/16/2025 7:02:00,8.8830,18.656
"4,264",10/16/2025 7:03:00,8.8830,18.859
"4,265",10/16/2025 7:04:00,8.8830,19.039
"4,266",10/16/2025 7:05:00,8.8830,19.234
"4,267",10/16/2025 7:06:00,8.8820,19.438
"4,268",10/16/2025 7:07:00,8.8810,19.656
"4,269",10/16/2025 7:08:00,8.8810,19.867
"4,270",10/16/2025 7:09:00,8.8810,20.109
"4,271",10/16/2025 7:10:00,8.8810,20.344
"4,272",10/16/2025 7:11:00,8.8810,20.586
"4,273",10/16/2025 7:12:00,8.8790,20.844
"4,274",10/16/2025 7:13:00,8.8790,21.148
"4,275",10/16/2025 7:14:00,8.8790,21.414
"4,276",10/16/2025 7:15:00,8.8779,21.633
"4,277",10/16/2025 7:16:00,8.8779,21.820
"4,278",10/16/2025 7:17:00,8.8790,21.977
"4,279",10/16/2025 7:18:00,8.8779,22.117
"4,280",10/16/2025 7:19:00,8.8779,22.258
"4,281",10/16/2025 7:20:00,8.8769,22.422
"4,282",10/16/2025 7:21:00,8.8779,22.570
"4,283",10/16/2025 7:22:00,8.8769,22.781
"4,284",10/16/2025 7:23:00,8.8769,23.047
"4,285",10/16/2025 7:24:00,8.8759,23.344
"4,286",10/16/2025 7:25:00,8.8759,23.594
"4,287",10/16/2025 7:26:00,8.8759,23.781
"4,288",10/16/2025 7:27:00,8.8749,23.945
"4,289",10/16/2025 7:28:00,8.8739,24.102
"4,290",10/16/2025 7:29:00,8.8749,24.172
"4,291",10/16/2025 7:30:00,8.8749,24.258
"4,292",10/16/2025 7:31:00,8.8739,24.391
"4,293",10/16/2025 7:32:00,8.8749,24.531
"4,294",10/16/2025 7:33:00,8.8739,24.766
"4,295",10/16/2025 7:34:00,8.8728,25.023
"4,296",10/16/2025 7:35:00,8.8739,25.281
"4,297",10/16/2025 7:36:00,8.8749,25.484
"4,298",10/16/2025 7:37:00,8.8739,25.664
"4,299",10/16/2025 7:38:00,8.8739,25.813
"4,300",10/16/2025 7:39:00,8.8739,25.898
"4,301",10/16/2025 7:40:00,8.8728,26.125
"4,302",10/16/2025 7:41:00,8.8718,26.398
"4,303",10/16/2025 7:42:00,8.8718,26.547
"4,304",10/16/2025 7:43:00,8.8718,26.633
"4,305",10/16/2025 7:44:00,8.8728,26.695
"4,306",10/16/2025 7:45:00,8.8718,26.727
"4,307",10/16/2025 7:46:00,8.8718,26.820
"4,308",10/16/2025 7:47:00,8.8708,27.055
"4,309",10/16/2025 7:48:00,8.8718,27.320
"4,310",10/16/2025 7:49:00,8.8698,27.547
"4,311",10/16/2025 7:50:00,8.8708,27.750
"4,312",10/16/2025 7:51:00,8.8698,27.945
"4,313",10/16/2025 7:52:00,8.8708,28.055
"4,314",10/16/2025 7:53:00,8.8698,28.094
"4,315",10/16/2025 7:54:00,8.8708,28.094
"4,316",10/16/2025 7:55:00,8.8708,28.086
"4,317",10/16/2025 7:56:00,8.8708,28.188
"4,318",10/16/2025 7:57:00,8.8698,28.430
"4,319",10/16/2025 7:58:00,8.8677,28.781
"4,320",10/16/2025 7:59:00,8.8677,29.078
"4,321",10/16/2025 8:00:00,8.8677,29.266
"4,322",10/16/2025 8:01:00,8.8688,29.375
"4,323",10/16/2025 8:02:00,8.8688,29.383
"4,324",10/16/2025 8:03:00,8.8688,29.422
"4,325",10/16/2025 8:04:00,8.8688,29.492
"4,326",10/16/2025 8:05:00,8.8677,29.625
"4,327",10/16/2025 8:06:00,8.8688,29.727
"4,328",10/16/2025 8:07:00,8.8677,29.727
"4,329",10/16/2025 8:08:00,8.8688,29.781
"4,330",10/16/2025 8:09:00,8.8688,29.961
"4,331",10/16/2025 8:10:00,8.8677,30.234
"4,332",10/16/2025 8:11:00,8.8667,30.516
"4,333",10/16/2025 8:12:00,8.8657,30.727
"4,334",10/16/2025 8:13:00,8.8657,30.992
"4,335",10/16/2025 8:14:00,8.8647,31.219
"4,336",10/16/2025 8:15:00,8.8637,31.383
"4,337",10/16/2025 8:16:00,8.8647,31.523
"4,338",10/16/2025 8:17:00,8.8657,31.602
"4,339",10/16/2025 8:18:00,8.8647,31.688
"4,340",10/16/2025 8:19:00,8.8637,31.836
"4,341",10/16/2025 8:20:00,8.8657,31.797
"4,342",10/16/2025 8:21:00,8.8647,31.711
"4,343",10/16/2025 8:22:00,8.8647,31.656
"4,344",10/16/2025 8:23:00,8.8657,31.609
"4,345",10/16/2025 8:24:00,8.8637,31.664
"4,346",10/16/2025 8:25:00,8.8647,31.742
"4,347",10/16/2025 8:26:00,8.8637,31.836
"4,348",10/16/2025 8:27:00,8.8647,31.953
"4,349",10/16/2025 8:28:00,8.8637,31.945
"4,350",10/16/2025 8:29:00,8.8637,31.852
"4,351",10/16/2025 8:30:00,8.8637,31.836
"4,352",10/16/2025 8:31:00,8.8637,31.930
"4,353",10/16/2025 8:32:00,8.8637,31.984
"4,354",10/16/2025 8:33:00,8.8647,32.039
"4,355",10/16/2025 8:34:00,8.8637,32.063
"4,356",10/16/2025 8:35:00,8.8637,32.047
"4,357",10/16/2025 8:36:00,8.8637,32.031
"4,358",10/16/2025 8:37:00,8.8647,32.008
"4,359",10/16/2025 8:38:00,8.8626,32.008
"4,360",10/16/2025 8:39:00,8.8626,32.063
"4,361",10/16/2025 8:40:00,8.8637,32.156
"4,362",10/16/2025 8:41:00,8.8626,32.289
"4,363",10/16/2025 8:42:00,8.8626,32.305
"4,364",10/16/2025 8:43:00,8.8626,32.227
"4,365",10/16/2025 8:44:00,8.8626,32.156
"4,366",10/16/2025 8:45:00,8.8647,32.094
"4,367",10/16/2025 8:46:00,8.8626,32.102
"4,368",10/16/2025 8:47:00,8.8637,32.070
"4,369",10/16/2025 8:48:00,8.8616,32.000
"4,370",10/16/2025 8:49:00,8.8626,31.992
"4,371",10/16/2025 8:50:00,8.8626,31.969
"4,372",10/16/2025 8:51:00,8.8626,32.031
"4,373",10/16/2025 8:52:00,8.8637,32.039
"4,374",10/16/2025 8:53:00,8.8616,32.195
"4,375",10/16/2025 8:54:00,8.8616,32.258
"4,376",10/16/2025 8:55:00,8.8616,32.273
"4,377",10/16/2025 8:56:00,8.8626,32.313
"4,378",10/16/2025 8:57:00,8.8626,32.391
"4,379",10/16/2025 8:58:00,8.8616,32.367
"4,380",10/16/2025 8:59:00,8.8616,32.359
"4,381",10/16/2025 9:00:00,8.8626,32.344
"4,382",10/16/2025 9:01:00,8.8626,32.398
"4,383",10/16/2025 9:02:00,8.8626,32.523
"4,384",10/16/2025 9:03:00,8.8616,32.695
"4,385",10/16/2025 9:04:00,8.8596,32.758
"4,386",10/16/2025 9:05:00,8.8596,32.820
"4,387",10/16/2025 9:06:00,8.8596,32.922
"4,388",10/16/2025 9:07:00,8.8596,32.969
"4,389",10/16/2025 9:08:00,8.8606,33.031
"4,390",10/16/2025 9:09:00,8.8596,33.063
"4,391",10/16/2025 9:10:00,8.8596,33.148
"4,392",10/16/2025 9:11:00,8.8606,33.367
"4,393",10/16/2025 9:12:00,8.8586,33.570
"4,394",10/16/2025 9:13:00,8.8586,33.648
"4,395",10/16/2025 9:14:00,8.8565,33.766
"4,396",10/16/2025 9:15:00,8.8586,33.805
"4,397",10/16/2025 9:16:00,8.8586,33.836
"4,398",10/16/2025 9:17:00,8.8586,34.023
"4,399",10/16/2025 9:18:00,8.8565,34.195
"4,400",10/16/2025 9:19:00,8.8565,34.305
"4,401",10/16/2025 9:20:00,8.8565,34.383
"4,402",10/16/2025 9:21:00,8.8555,34.523
"4,403",10/16/2025 9:22:00,8.8565,34.648
"4,404",10/16/2025 9:23:00,8.8575,34.656
"4,405",10/16/2025 9:24:00,8.8555,34.523
"4,406",10/16/2025 9:25:00,8.8555,34.555
"4,407",10/16/2025 9:26:00,8.8565,34.570
"4,408",10/16/2025 9:27:00,8.8565,34.367
"4,409",10/16/2025 9:28:00,8.8575,34.156
"4,410",10/16/2025 9:29:00,8.8575,34.023
"4,411",10/16/2025 9:30:00,8.8575,33.977
"4,412",10/16/2025 9:31:00,8.8565,33.813
"4,413",10/16/2025 9:32:00,8.8565,33.641
"4,414",10/16/2025 9:33:00,8.8555,33.578
"4,415",10/16/2025 9:34:00,8.8565,33.656
"4,416",10/16/2025 9:35:00,8.8565,33.711
"4,417",10/16/2025 9:36:00,8.8586,33.719
"4,418",10/16/2025 9:37:00,8.8565,33.703
"4,419",10/16/2025 9:38:00,8.8555,33.703
"4,420",10/16/2025 9:39:00,8.8565,33.656
"4,421",10/16/2025 9:40:00,8.8555,33.602
"4,422",10/16/2025 9:41:00,8.8565,33.539
"4,423",10/16/2025 9:42:00,8.8555,33.594
"4,424",10/16/2025 9:43:00,8.8555,33.609
"4,425",10/16/2025 9:44:00,8.8565,33.656
"4,426",10/16/2025 9:45:00,8.8565,33.570
"4,427",10/16/2025 9:46:00,8.8565,33.500
"4,428",10/16/2025 9:47:00,8.8555,33.617
"4,429",10/16/2025 9:48:00,8.8565,33.578
"4,430",10/16/2025 9:49:00,8.8565,33.461
"4,431",10/16/2025 9:50:00,8.8565,33.438
"4,432",10/16/2025 9:51:00,8.8565,33.422
"4,433",10/16/2025 9:52:00,8.8545,33.438
"4,434",10/16/2025 9:53:00,8.8545,33.555
"4,435",10/16/2025 9:54:00,8.8545,33.711
"4,436",10/16/2025 9:55:00,8.8545,33.789
"4,437",10/16/2025 9:56:00,8.8535,33.938
"4,438",10/16/2025 9:57:00,8.8524,34.250
"4,439",10/16/2025 9:58:00,8.8535,34.492
"4,440",10/16/2025 9:59:00,8.8535,34.445
"4,441",10/16/2025 10:00:00,8.8524,34.375
"4,442",10/16/2025 10:01:00,8.8524,34.313
"4,443",10/16/2025 10:02:00,8.8514,34.320
"4,444",10/16/2025 10:03:00,8.8514,34.289
"4,445",10/16/2025 10:04:00,8.8524,34.398
"4,446",10/16/2025 10:05:00,8.8524,34.523
"4,447",10/16/2025 10:06:00,8.8514,34.492
"4,448",10/16/2025 10:07:00,8.8524,34.484
"4,449",10/16/2025 10:08:00,8.8514,34.500
"4,450",10/16/2025 10:09:00,8.8514,34.633
"4,451",10/16/2025 10:10:00,8.8514,34.828
"4,452",10/16/2025 10:11:00,8.8494,35.047
"4,453",10/16/2025 10:12:00,8.8514,35.094
"4,454",10/16/2025 10:13:00,8.8504,35.047
"4,455",10/16/2025 10:14:00,8.8494,35.008
"4,456",10/16/2025 10:15:00,8.8484,35.031
"4,457",10/16/2025 10:16:00,8.8484,35.313
"4,458",10/16/2025 10:17:00,8.8484,35.594
"4,459",10/16/2025 10:18:00,8.8504,35.555
"4,460",10/16/2025 10:19:00,8.8494,35.438
"4,461",10/16/2025 10:20:00,8.8504,35.313
"4,462",10/16/2025 10:21:00,8.8504,35.133
"4,463",10/16/2025 10:22:00,8.8524,34.789
"4,464",10/16/2025 10:23:00,8.8535,34.422
"4,465",10/16/2025 10:24:00,8.8524,34.078
"4,466",10/16/2025 10:25:00,8.8504,33.781
"4,467",10/16/2025 10:26:00,8.8524,33.734
"4,468",10/16/2025 10:27:00,8.8504,34.000
"4,469",10/16/2025 10:28:00,8.8514,34.211
"4,470",10/16/2025 10:29:00,8.8504,34.320
"4,471",10/16/2025 10:30:00,8.8504,34.461
"4,472",10/16/2025 10:31:00,8.8484,34.742
"4,473",10/16/2025 10:32:00,8.8474,35.039
"4,474",10/16/2025 10:33:00,8.8504,35.219
"4,475",10/16/2025 10:34:00,8.8463,35.461
"4,476",10/16/2025 10:35:00,8.8484,35.727
"4,477",10/16/2025 10:36:00,8.8494,35.813
"4,478",10/16/2025 10:37:00,8.8463,35.992
"4,479",10/16/2025 10:38:00,8.8474,36.203
"4,480",10/16/2025 10:39:00,8.8463,36.430
"4,481",10/16/2025 10:40:00,8.8463,36.641
"4,482",10/16/2025 10:41:00,8.8463,36.641
"4,483",10/16/2025 10:42:00,8.8494,36.492
"4,484",10/16/2025 10:43:00,8.8524,36.141
"4,485",10/16/2025 10:44:00,8.8504,35.695
"4,486",10/16/2025 10:45:00,8.8494,35.344
"4,487",10/16/2025 10:46:00,8.8514,35.156
"4,488",10/16/2025 10:47:00,8.8484,35.031
"4,489",10/16/2025 10:48:00,8.8484,34.938
"4,490",10/16/2025 10:49:00,8.8494,34.859
"4,491",10/16/2025 10:50:00,8.8504,34.781
"4,492",10/16/2025 10:51:00,8.8514,34.594
"4,493",10/16/2025 10:52:00,8.8504,34.453
"4,494",10/16/2025 10:53:00,8.8494,34.406
"4,495",10/16/2025 10:54:00,8.8504,34.391
"4,496",10/16/2025 10:55:00,8.8494,34.383
"4,497",10/16/2025 10:56:00,8.8484,34.422
"4,498",10/16/2025 10:57:00,8.8494,34.398
"4,499",10/16/2025 10:58:00,8.8474,34.484
"4,500",10/16/2025 10:59:00,8.8474,34.641
"4,501",10/16/2025 11:00:00,8.8463,34.781
"4,502",10/16/2025 11:01:00,8.8484,34.773
"4,503",10/16/2025 11:02:00,8.8474,34.750
"4,504",10/16/2025 11:03:00,8.8474,34.758
"4,505",10/16/2025 11:04:00,8.8474,34.719
"4,506",10/16/2025 11:05:00,8.8474,34.758
"4,507",10/16/2025 11:06:00,8.8474,34.766
"4,508",10/16/2025 11:07:00,8.8474,34.789
"4,509",10/16/2025 11:08:00,8.8453,34.852
"4,510",10/16/2025 11:09:00,8.8453,35.016
"4,511",10/16/2025 11:10:00,8.8463,35.102
"4,512",10/16/2025 11:11:00,8.8463,35.227
"4,513",10/16/2025 11:12:00,8.8463,35.266
"4,514",10/16/2025 11:13:00,8.8453,35.352
"4,515",10/16/2025 11:14:00,8.8443,35.531
"4,516",10/16/2025 11:15:00,8.8433,35.742
"4,517",10/16/2025 11:16:00,8.8423,35.945
"4,518",10/16/2025 11:17:00,8.8412,36.148
"4,519",10/16/2025 11:18:00,8.8423,36.320
"4,520",10/16/2025 11:19:00,8.8433,36.320
"4,521",10/16/2025 11:20:00,8.8433,36.313
"4,522",10/16/2025 11:21:00,8.8423,36.398
"4,523",10/16/2025 11:22:00,8.8392,36.570
"4,524",10/16/2025 11:23:00,8.8412,36.734
"4,525",10/16/2025 11:24:00,8.8392,36.867
"4,526",10/16/2025 11:25:00,8.8402,37.031
"4,527",10/16/2025 11:26:00,8.8412,37.180
"4,528",10/16/2025 11:27:00,8.8423,37.000
"4,529",10/16/2025 11:28:00,8.8433,36.656
"4,530",10/16/2025 11:29:00,8.8412,36.422
"4,531",10/16/2025 11:30:00,8.8412,36.414
"4,532",10/16/2025 11:31:00,8.8412,36.406
"4,533",10/16/2025 11:32:00,8.8423,36.359
"4,534",10/16/2025 11:33:00,8.8402,36.344
"4,535",10/16/2025 11:34:00,8.8412,36.297
"4,536",10/16/2025 11:35:00,8.8402,36.148
"4,537",10/16/2025 11:36:00,8.8402,36.195
"4,538",10/16/2025 11:37:00,8.8392,36.406
"4,539",10/16/2025 11:38:00,8.8402,36.492
"4,540",10/16/2025 11:39:00,8.8412,36.484
"4,541",10/16/2025 11:40:00,8.8392,36.438
"4,542",10/16/2025 11:41:00,8.8402,36.305
"4,543",10/16/2025 11:42:00,8.8402,36.188
"4,544",10/16/2025 11:43:00,8.8392,35.938
"4,545",10/16/2025 11:44:00,8.8412,35.648
"4,546",10/16/2025 11:45:00,8.8412,35.359
"4,547",10/16/2025 11:46:00,8.8412,35.141
"4,548",10/16/2025 11:47:00,8.8402,35.047
"4,549",10/16/2025 11:48:00,8.8402,35.094
"4,550",10/16/2025 11:49:00,8.8423,35.063
"4,551",10/16/2025 11:50:00,8.8402,35.070
"4,552",10/16/2025 11:51:00,8.8402,35.094
"4,553",10/16/2025 11:52:00,8.8392,35.039
"4,554",10/16/2025 11:53:00,8.8402,34.867
"4,555",10/16/2025 11:54:00,8.8382,34.688
"4,556",10/16/2025 11:55:00,8.8392,34.656
"4,557",10/16/2025 11:56:00,8.8402,34.773
"4,558",10/16/2025 11:57:00,8.8392,34.813
"4,559",10/16/2025 11:58:00,8.8392,34.844
"4,560",10/16/2025 11:59:00,8.8382,35.016
"4,561",10/16/2025 12:00:00,8.8382,35.148
"4,562",10/16/2025 12:01:00,8.8392,35.094
"4,563",10/16/2025 12:02:00,8.8361,35.039
"4,564",10/16/2025 12:03:00,8.8361,35.086
"4,565",10/16/2025 12:04:00,8.8372,35.320
"4,566",10/16/2025 12:05:00,8.8361,35.523
"4,567",10/16/2025 12:06:00,8.8361,35.758
"4,568",10/16/2025 12:07:00,8.8321,36.063
"4,569",10/16/2025 12:08:00,8.8331,36.406
"4,570",10/16/2025 12:09:00,8.8310,36.625
"4,571",10/16/2025 12:10:00,8.8331,36.719
"4,572",10/16/2025 12:11:00,8.8361,36.648
"4,573",10/16/2025 12:12:00,8.8372,36.438
"4,574",10/16/2025 12:13:00,8.8341,36.352
"4,575",10/16/2025 12:14:00,8.8351,36.367
"4,576",10/16/2025 12:15:00,8.8341,36.406
"4,577",10/16/2025 12:16:00,8.8331,36.594
"4,578",10/16/2025 12:17:00,8.8321,36.828
"4,579",10/16/2025 12:18:00,8.8310,37.000
"4,580",10/16/2025 12:19:00,8.8310,37.273
"4,581",10/16/2025 12:20:00,8.8300,37.570
"4,582",10/16/2025 12:21:00,8.8290,37.813
"4,583",10/16/2025 12:22:00,8.8310,37.992
"4,584",10/16/2025 12:23:00,8.8290,38.148
"4,585",10/16/2025 12:24:00,8.8290,38.359
"4,586",10/16/2025 12:25:00,8.8290,38.570
"4,587",10/16/2025 12:26:00,8.8280,38.758
"4,588",10/16/2025 12:27:00,8.8310,38.734
"4,589",10/16/2025 12:28:00,8.8290,38.508
"4,590",10/16/2025 12:29:00,8.8300,38.102
"4,591",10/16/2025 12:30:00,8.8300,37.711
"4,592",10/16/2025 12:31:00,8.8310,37.305
"4,593",10/16/2025 12:32:00,8.8310,36.922
"4,594",10/16/2025 12:33:00,8.8300,36.711
"4,595",10/16/2025 12:34:00,8.8300,36.594
"4,596",10/16/2025 12:35:00,8.8290,36.477
"4,597",10/16/2025 12:36:00,8.8300,36.484
"4,598",10/16/2025 12:37:00,8.8290,36.414
"4,599",10/16/2025 12:38:00,8.8290,36.336
"4,600",10/16/2025 12:39:00,8.8280,36.258
"4,601",10/16/2025 12:40:00,8.8290,36.141
"4,602",10/16/2025 12:41:00,8.8300,36.008
"4,603",10/16/2025 12:42:00,8.8290,36.000
"4,604",10/16/2025 12:43:00,8.8300,35.977
"4,605",10/16/2025 12:44:00,8.8300,35.852
"4,606",10/16/2025 12:45:00,8.8290,35.758
"4,607",10/16/2025 12:46:00,8.8290,35.742
"4,608",10/16/2025 12:47:00,8.8280,35.719
"4,609",10/16/2025 12:48:00,8.8280,35.734
"4,610",10/16/2025 12:49:00,8.8270,35.844
"4,611",10/16/2025 12:50:00,8.8259,36.094
"4,612",10/16/2025 12:51:00,8.8249,36.453
"4,613",10/16/2025 12:52:00,8.8249,36.852
"4,614",10/16/2025 12:53:00,8.8259,37.047
"4,615",10/16/2025 12:54:00,8.8229,37.289
"4,616",10/16/2025 12:55:00,8.8259,37.297
"4,617",10/16/2025 12:56:00,8.8249,37.039
"4,618",10/16/2025 12:57:00,8.8239,36.805
"4,619",10/16/2025 12:58:00,8.8239,36.688
"4,620",10/16/2025 12:59:00,8.8249,36.609
"4,621",10/16/2025 13:00:00,8.8249,36.523
"4,622",10/16/2025 13:01:00,8.8249,36.594
"4,623",10/16/2025 13:02:00,8.8259,36.773
"4,624",10/16/2025 13:03:00,8.8239,36.781
"4,625",10/16/2025 13:04:00,8.8219,36.797
"4,626",10/16/2025 13:05:00,8.8208,37.023
"4,627",10/16/2025 13:06:00,8.8229,37.195
"4,628",10/16/2025 13:07:00,8.8219,37.242
"4,629",10/16/2025 13:08:00,8.8219,37.180
"4,630",10/16/2025 13:09:00,8.8208,37.164
"4,631",10/16/2025 13:10:00,8.8188,37.406
"4,632",10/16/2025 13:11:00,8.8178,37.758
"4,633",10/16/2025 13:12:00,8.8178,38.016
"4,634",10/16/2025 13:13:00,8.8178,38.242
"4,635",10/16/2025 13:14:00,8.8188,38.375
"4,636",10/16/2025 13:15:00,8.8198,38.500
"4,637",10/16/2025 13:16:00,8.8198,38.617
"4,638",10/16/2025 13:17:00,8.8188,38.594
"4,639",10/16/2025 13:18:00,8.8178,38.508
"4,640",10/16/2025 13:19:00,8.8198,38.406
"4,641",10/16/2025 13:20:00,8.8208,38.297
"4,642",10/16/2025 13:21:00,8.8198,38.234
"4,643",10/16/2025 13:22:00,8.8208,38.055
"4,644",10/16/2025 13:23:00,8.8198,37.977
"4,645",10/16/2025 13:24:00,8.8198,37.961
"4,646",10/16/2025 13:25:00,8.8188,38.000
"4,647",10/16/2025 13:26:00,8.8178,38.109
"4,648",10/16/2025 13:27:00,8.8178,38.133
"4,649",10/16/2025 13:28:00,8.8188,38.109
"4,650",10/16/2025 13:29:00,8.8198,38.172
"4,651",10/16/2025 13:30:00,8.8178,38.406
"4,652",10/16/2025 13:31:00,8.8178,38.633
"4,653",10/16/2025 13:32:00,8.8157,38.922
"4,654",10/16/2025 13:33:00,8.8147,39.203
"4,655",10/16/2025 13:34:00,8.8147,39.266
"4,656",10/16/2025 13:35:00,8.8168,39.234
"4,657",10/16/2025 13:36:00,8.8147,39.258
"4,658",10/16/2025 13:37:00,8.8168,39.359
"4,659",10/16/2025 13:38:00,8.8157,39.453
"4,660",10/16/2025 13:39:00,8.8147,39.547
"4,661",10/16/2025 13:40:00,8.8127,39.688
"4,662",10/16/2025 13:41:00,8.8147,39.859
"4,663",10/16/2025 13:42:00,8.8117,40.141
"4,664",10/16/2025 13:43:00,8.8137,40.461
"4,665",10/16/2025 13:44:00,8.8117,40.727
"4,666",10/16/2025 13:45:00,8.8096,41.000
"4,667",10/16/2025 13:46:00,8.8107,41.289
"4,668",10/16/2025 13:47:00,8.8117,41.531
"4,669",10/16/2025 13:48:00,8.8117,41.602
"4,670",10/16/2025 13:49:00,8.8096,41.617
"4,671",10/16/2025 13:50:00,8.8107,41.570
"4,672",10/16/2025 13:51:00,8.8107,41.430
"4,673",10/16/2025 13:52:00,8.8107,41.156
"4,674",10/16/2025 13:53:00,8.8096,40.781
"4,675",10/16/2025 13:54:00,8.8107,40.391
"4,676",10/16/2025 13:55:00,8.8137,40.008
"4,677",10/16/2025 13:56:00,8.8127,39.602
"4,678",10/16/2025 13:57:00,8.8147,39.273
"4,679",10/16/2025 13:58:00,8.8137,39.047
"4,680",10/16/2025 13:59:00,8.8127,38.797
"4,681",10/16/2025 14:00:00,8.8147,38.563
"4,682",10/16/2025 14:01:00,8.8127,38.227
"4,683",10/16/2025 14:02:00,8.8147,37.828
"4,684",10/16/2025 14:03:00,8.8157,37.438
"4,685",10/16/2025 14:04:00,8.8168,37.180
"4,686",10/16/2025 14:05:00,8.8137,36.977
"4,687",10/16/2025 14:06:00,8.8147,36.820
"4,688",10/16/2025 14:07:00,8.8137,36.797
"4,689",10/16/2025 14:08:00,8.8147,36.875
"4,690",10/16/2025 14:09:00,8.8147,37.023
"4,691",10/16/2025 14:10:00,8.8137,37.258
"4,692",10/16/2025 14:11:00,8.8127,37.641
"4,693",10/16/2025 14:12:00,8.8117,38.016
"4,694",10/16/2025 14:13:00,8.8117,38.367
"4,695",10/16/2025 14:14:00,8.8086,38.727
"4,696",10/16/2025 14:15:00,8.8096,39.078
"4,697",10/16/2025 14:16:00,8.8076,39.359
"4,698",10/16/2025 14:17:00,8.8076,39.641
"4,699",10/16/2025 14:18:00,8.8117,39.961
"4,700",10/16/2025 14:19:00,8.8066,40.266
"4,701",10/16/2025 14:20:00,8.8076,40.547
"4,702",10/16/2025 14:21:00,8.8076,40.797
"4,703",10/16/2025 14:22:00,8.8066,40.977
"4,704",10/16/2025 14:23:00,8.8045,41.188
"4,705",10/16/2025 14:24:00,8.8045,41.406
"4,706",10/16/2025 14:25:00,8.8056,41.648
"4,707",10/16/2025 14:26:00,8.8066,41.898
"4,708",10/16/2025 14:27:00,8.8045,42.117
"4,709",10/16/2025 14:28:00,8.8045,42.313
"4,710",10/16/2025 14:29:00,8.8056,42.547
"4,711",10/16/2025 14:30:00,8.8056,42.609
"4,712",10/16/2025 14:31:00,8.8066,42.492
"4,713",10/16/2025 14:32:00,8.8056,42.516
"4,714",10/16/2025 14:33:00,8.8056,42.602
"4,715",10/16/2025 14:34:00,8.8056,42.617
"4,716",10/16/2025 14:35:00,8.8056,42.461
"4,717",10/16/2025 14:36:00,8.8076,42.313
"4,718",10/16/2025 14:37:00,8.8056,42.188
"4,719",10/16/2025 14:38:00,8.8066,42.227
"4,720",10/16/2025 14:39:00,8.8045,42.281
"4,721",10/16/2025 14:40:00,8.8045,42.234
"4,722",10/16/2025 14:41:00,8.8056,42.148
"4,723",10/16/2025 14:42:00,8.8066,41.781
"4,724",10/16/2025 14:43:00,8.8056,41.508
"4,725",10/16/2025 14:44:00,8.8066,41.484
"4,726",10/16/2025 14:45:00,8.8066,41.570
"4,727",10/16/2025 14:46:00,8.8056,41.617
"4,728",10/16/2025 14:47:00,8.8025,41.680
"4,729",10/16/2025 14:48:00,8.8056,41.789
"4,730",10/16/2025 14:49:00,8.8056,41.961
"4,731",10/16/2025 14:50:00,8.8045,42.102
"4,732",10/16/2025 14:51:00,8.8056,42.031
"4,733",10/16/2025 14:52:00,8.8066,41.953
"4,734",10/16/2025 14:53:00,8.8056,41.828
"4,735",10/16/2025 14:54:00,8.8056,41.641
"4,736",10/16/2025 14:55:00,8.8066,41.430
"4,737",10/16/2025 14:56:00,8.8066,41.320
"4,738",10/16/2025 14:57:00,8.8056,41.234
"4,739",10/16/2025 14:58:00,8.8056,41.086
"4,740",10/16/2025 14:59:00,8.8076,40.891
"4,741",10/16/2025 15:00:00,8.8066,40.633
"4,742",10/16/2025 15:01:00,8.8066,40.352
"4,743",10/16/2025 15:02:00,8.8056,40.281
"4,744",10/16/2025 15:03:00,8.8045,40.336
"4,745",10/16/2025 15:04:00,8.8066,40.352
"4,746",10/16/2025 15:05:00,8.8066,40.328
"4,747",10/16/2025 15:06:00,8.8056,40.352
"4,748",10/16/2025 15:07:00,8.8056,40.352
"4,749",10/16/2025 15:08:00,8.8066,40.320
"4,750",10/16/2025 15:09:00,8.8076,40.258
"4,751",10/16/2025 15:10:00,8.8066,40.023
"4,752",10/16/2025 15:11:00,8.8066,39.797
"4,753",10/16/2025 15:12:00,8.8056,39.734
"4,754",10/16/2025 15:13:00,8.8066,39.781
"4,755",10/16/2025 15:14:00,8.8045,39.844
"4,756",10/16/2025 15:15:00,8.8056,39.969
"4,757",10/16/2025 15:16:00,8.8056,40.117
"4,758",10/16/2025 15:17:00,8.8056,40.156
"4,759",10/16/2025 15:18:00,8.8056,40.188
"4,760",10/16/2025 15:19:00,8.8045,40.211
"4,761",10/16/2025 15:20:00,8.8045,40.242
"4,762",10/16/2025 15:21:00,8.8066,40.258
"4,763",10/16/2025 15:22:00,8.8056,40.227
"4,764",10/16/2025 15:23:00,8.8056,40.148
"4,765",10/16/2025 15:24:00,8.8045,40.055
"4,766",10/16/2025 15:25:00,8.8045,40.055
"4,767",10/16/2025 15:26:00,8.8045,40.039
"4,768",10/16/2025 15:27:00,8.8045,40.063
"4,769",10/16/2025 15:28:00,8.8045,40.070
"4,770",10/16/2025 15:29:00,8.8056,40.031
"4,771",10/16/2025 15:30:00,8.8045,40.063
"4,772",10/16/2025 15:31:00,8.8035,40.117
"4,773",10/16/2025 15:32:00,8.8035,40.148
"4,774",10/16/2025 15:33:00,8.8035,40.164
"4,775",10/16/2025 15:34:00,8.8056,40.148
"4,776",10/16/2025 15:35:00,8.8035,40.164
"4,777",10/16/2025 15:36:00,8.8035,40.188
"4,778",10/16/2025 15:37:00,8.8025,40.180
"4,779",10/16/2025 15:38:00,8.8035,40.172
"4,780",10/16/2025 15:39:00,8.8045,40.211
"4,781",10/16/2025 15:40:00,8.8045,40.227
"4,782",10/16/2025 15:41:00,8.8025,40.172
"4,783",10/16/2025 15:42:00,8.8035,40.117
"4,784",10/16/2025 15:43:00,8.8056,40.008
"4,785",10/16/2025 15:44:00,8.8045,39.859
"4,786",10/16/2025 15:45:00,8.8035,39.758
"4,787",10/16/2025 15:46:00,8.8035,39.672
"4,788",10/16/2025 15:47:00,8.8056,39.617
"4,789",10/16/2025 15:48:00,8.8025,39.602
"4,790",10/16/2025 15:49:00,8.8035,39.555
"4,791",10/16/2025 15:50:00,8.8035,39.430
"4,792",10/16/2025 15:51:00,8.8045,39.398
"4,793",10/16/2025 15:52:00,8.8045,39.406
"4,794",10/16/2025 15:53:00,8.8035,39.430
"4,795",10/16/2025 15:54:00,8.8045,39.438
"4,796",10/16/2025 15:55:00,8.8035,39.266
"4,797",10/16/2025 15:56:00,8.8045,38.977
"4,798",10/16/2025 15:57:00,8.8035,38.672
"4,799",10/16/2025 15:58:00,8.8056,38.352
"4,800",10/16/2025 15:59:00,8.8056,38.086
"4,801",10/16/2025 16:00:00,8.8066,37.727
"4,802",10/16/2025 16:01:00,8.8056,37.414
"4,803",10/16/2025 16:02:00,8.8066,37.234
"4,804",10/16/2025 16:03:00,8.8066,37.039
"4,805",10/16/2025 16:04:00,8.8076,36.898
"4,806",10/16/2025 16:05:00,8.8045,36.852
"4,807",10/16/2025 16:06:00,8.8056,36.844
"4,808",10/16/2025 16:07:00,8.8045,36.883
"4,809",10/16/2025 16:08:00,8.8056,36.859
"4,810",10/16/2025 16:09:00,8.8056,36.766
"4,811",10/16/2025 16:10:00,8.8056,36.711
"4,812",10/16/2025 16:11:00,8.8066,36.672
"4,813",10/16/2025 16:12:00,8.8056,36.672
"4,814",10/16/2025 16:13:00,8.8066,36.656
"4,815",10/16/2025 16:14:00,8.8066,36.602
"4,816",10/16/2025 16:15:00,8.8066,36.516
"4,817",10/16/2025 16:16:00,8.8066,36.391
"4,818",10/16/2025 16:17:00,8.8076,36.328
"4,819",10/16/2025 16:18:00,8.8076,36.266
"4,820",10/16/2025 16:19:00,8.8086,36.188
"4,821",10/16/2025 16:20:00,8.8076,36.133
"4,822",10/16/2025 16:21:00,8.8056,36.102
"4,823",10/16/2025 16:22:00,8.8076,36.086
"4,824",10/16/2025 16:23:00,8.8066,36.031
"4,825",10/16/2025 16:24:00,8.8066,35.961
"4,826",10/16/2025 16:25:00,8.8076,35.891
"4,827",10/16/2025 16:26:00,8.8066,35.820
"4,828",10/16/2025 16:27:00,8.8086,35.750
"4,829",10/16/2025 16:28:00,8.8086,35.672
"4,830",10/16/2025 16:29:00,8.8066,35.570
"4,831",10/16/2025 16:30:00,8.8076,35.508
"4,832",10/16/2025 16:31:00,8.8076,35.414
"4,833",10/16/2025 16:32:00,8.8076,35.328
"4,834",10/16/2025 16:33:00,8.8086,35.180
"4,835",10/16/2025 16:34:00,8.8066,35.086
"4,836",10/16/2025 16:35:00,8.8076,35.063
"4,837",10/16/2025 16:36:00,8.8076,35.008
"4,838",10/16/2025 16:37:00,8.8076,34.938
"4,839",10/16/2025 16:38:00,8.8086,34.852
"4,840",10/16/2025 16:39:00,8.8107,34.789
"4,841",10/16/2025 16:40:00,8.8076,34.703
"4,842",10/16/2025 16:41:00,8.8086,34.648
"4,843",10/16/2025 16:42:00,8.8096,34.594
"4,844",10/16/2025 16:43:00,8.8086,34.508
"4,845",10/16/2025 16:44:00,8.8066,34.453
"4,846",10/16/2025 16:45:00,8.8096,34.414
"4,847",10/16/2025 16:46:00,8.8086,34.391
"4,848",10/16/2025 16:47:00,8.8076,34.375
"4,849",10/16/2025 16:48:00,8.8096,34.375
"4,850",10/16/2025 16:49:00,8.8086,34.375
"4,851",10/16/2025 16:50:00,8.8096,34.391
"4,852",10/16/2025 16:51:00,8.8076,34.406
"4,853",10/16/2025 16:52:00,8.8076,34.422
"4,854",10/16/2025 16:53:00,8.8086,34.422
"4,855",10/16/2025 16:54:00,8.8096,34.391
"4,856",10/16/2025 16:55:00,8.8096,34.367
"4,857",10/16/2025 16:56:00,8.8096,34.359
"4,858",10/16/2025 16:57:00,8.8086,34.336
"4,859",10/16/2025 16:58:00,8.8086,34.297
"4,860",10/16/2025 16:59:00,8.8096,34.281
"4,861",10/16/2025 17:00:00,8.8117,34.242
"4,862",10/16/2025 17:01:00,8.8107,34.203
"4,863",10/16/2025 17:02:00,8.8096,34.164
"4,864",10/16/2025 17:03:00,8.8107,34.117
"4,865",10/16/2025 17:04:00,8.8107,34.063
"4,866",10/16/2025 17:05:00,8.8117,34.000
"4,867",10/16/2025 17:06:00,8.8117,33.945
"4,868",10/16/2025 17:07:00,8.8107,33.891
"4,869",10/16/2025 17:08:00,8.8117,33.820
"4,870",10/16/2025 17:09:00,8.8117,33.766
"4,871",10/16/2025 17:10:00,8.8117,33.711
"4,872",10/16/2025 17:11:00,8.8107,33.656
"4,873",10/16/2025 17:12:00,8.8107,33.633
"4,874",10/16/2025 17:13:00,8.8127,33.609
"4,875",10/16/2025 17:14:00,8.8107,33.578
"4,876",10/16/2025 17:15:00,8.8127,33.531
"4,877",10/16/2025 17:16:00,8.8117,33.461
"4,878",10/16/2025 17:17:00,8.8117,33.398
"4,879",10/16/2025 17:18:00,8.8137,33.344
"4,880",10/16/2025 17:19:00,8.8127,33.305
"4,881",10/16/2025 17:20:00,8.8117,33.258
"4,882",10/16/2025 17:21:00,8.8127,33.203
"4,883",10/16/2025 17:22:00,8.8127,33.156
"4,884",10/16/2025 17:23:00,8.8117,33.109
"4,885",10/16/2025 17:24:00,8.8117,33.063
"4,886",10/16/2025 17:25:00,8.8137,33.008
"4,887",10/16/2025 17:26:00,8.8137,32.953
"4,888",10/16/2025 17:27:00,8.8127,32.906
"4,889",10/16/2025 17:28:00,8.8137,32.859
"4,890",10/16/2025 17:29:00,8.8137,32.797
"4,891",10/16/2025 17:30:00,8.8127,32.742
"4,892",10/16/2025 17:31:00,8.8137,32.680
"4,893",10/16/2025 17:32:00,8.8137,32.609
"4,894",10/16/2025 17:33:00,8.8137,32.555
"4,895",10/16/2025 17:34:00,8.8127,32.484
"4,896",10/16/2025 17:35:00,8.8147,32.422
"4,897",10/16/2025 17:36:00,8.8137,32.352
"4,898",10/16/2025 17:37:00,8.8137,32.289
"4,899",10/16/2025 17:38:00,8.8137,32.242
"4,900",10/16/2025 17:39:00,8.8147,32.180
"4,901",10/16/2025 17:40:00,8.8157,32.109
"4,902",10/16/2025 17:41:00,8.8147,32.047
"4,903",10/16/2025 17:42:00,8.8147,31.977
"4,904",10/16/2025 17:43:00,8.8147,31.898
"4,905",10/16/2025 17:44:00,8.8157,31.828
"4,906",10/16/2025 17:45:00,8.8147,31.758
"4,907",10/16/2025 17:46:00,8.8157,31.695
"4,908",10/16/2025 17:47:00,8.8157,31.633
"4,909",10/16/2025 17:48:00,8.8157,31.570
"4,910",10/16/2025 17:49:00,8.8157,31.508
"4,911",10/16/2025 17:50:00,8.8157,31.453
"4,912",10/16/2025 17:51:00,8.8168,31.398
"4,913",10/16/2025 17:52:00,8.8168,31.352
"4,914",10/16/2025 17:53:00,8.8157,31.313
"4,915",10/16/2025 17:54:00,8.8178,31.266
"4,916",10/16/2025 17:55:00,8.8168,31.219
"4,917",10/16/2025 17:56:00,8.8178,31.156
"4,918",10/16/2025 17:57:00,8.8188,31.094
"4,919",10/16/2025 17:58:00,8.8178,31.031
"4,920",10/16/2025 17:59:00,8.8188,30.961
"4,921",10/16/2025 18:00:00,8.8168,30.891
"4,922",10/16/2025 18:01:00,8.8198,30.836
"4,923",10/16/2025 18:02:00,8.8198,30.766
"4,924",10/16/2025 18:03:00,8.8198,30.711
"4,925",10/16/2025 18:04:00,8.8188,30.648
"4,926",10/16/2025 18:05:00,8.8198,30.602
"4,927",10/16/2025 18:06:00,8.8188,30.547
"4,928",10/16/2025 18:07:00,8.8188,30.516
"4,929",10/16/2025 18:08:00,8.8178,30.469
"4,930",10/16/2025 18:09:00,8.8208,30.438
"4,931",10/16/2025 18:10:00,8.8198,30.398
"4,932",10/16/2025 18:11:00,8.8188,30.344
"4,933",10/16/2025 18:12:00,8.8208,30.242
"4,934",10/16/2025 18:13:00,8.8208,30.109
"4,935",10/16/2025 18:14:00,8.8219,29.961
"4,936",10/16/2025 18:15:00,8.8208,29.813
"4,937",10/16/2025 18:16:00,8.8219,29.656
"4,938",10/16/2025 18:17:00,8.8219,29.500
"4,939",10/16/2025 18:18:00,8.8219,29.328
"4,940",10/16/2025 18:19:00,8.8229,29.164
"4,941",10/16/2025 18:20:00,8.8239,28.984
"4,942",10/16/2025 18:21:00,8.8239,28.820
"4,943",10/16/2025 18:22:00,8.8239,28.656
"4,944",10/16/2025 18:23:00,8.8249,28.492
"4,945",10/16/2025 18:24:00,8.8249,28.328
"4,946",10/16/2025 18:25:00,8.8249,28.203
"4,947",10/16/2025 18:26:00,8.8259,28.055
"4,948",10/16/2025 18:27:00,8.8270,27.914
"4,949",10/16/2025 18:28:00,8.8270,27.766
"4,950",10/16/2025 18:29:00,8.8270,27.625
"4,951",10/16/2025 18:30:00,8.8280,27.500
"4,952",10/16/2025 18:31:00,8.8270,27.438
"4,953",10/16/2025 18:32:00,8.8270,27.438
"4,954",10/16/2025 18:33:00,8.8270,27.484
"4,955",10/16/2025 18:34:00,8.8270,27.531
"4,956",10/16/2025 18:35:00,8.8270,27.617
"4,957",10/16/2025 18:36:00,8.8270,27.703
"4,958",10/16/2025 18:37:00,8.8270,27.773
"4,959",10/16/2025 18:38:00,8.8259,27.852
"4,960",10/16/2025 18:39:00,8.8280,27.922
"4,961",10/16/2025 18:40:00,8.8270,28.016
"4,962",10/16/2025 18:41:00,8.8270,28.094
"4,963",10/16/2025 18:42:00,8.8259,28.180
"4,964",10/16/2025 18:43:00,8.8280,28.266
"4,965",10/16/2025 18:44:00,8.8270,28.328
"4,966",10/16/2025 18:45:00,8.8270,28.398
"4,967",10/16/2025 18:46:00,8.8270,28.461
"4,968",10/16/2025 18:47:00,8.8259,28.508
"4,969",10/16/2025 18:48:00,8.8270,28.547
"4,970",10/16/2025 18:49:00,8.8290,28.570
"4,971",10/16/2025 18:50:00,8.8270,28.602
"4,972",10/16/2025 18:51:00,8.8270,28.617
"4,973",10/16/2025 18:52:00,8.8270,28.656
"4,974",10/16/2025 18:53:00,8.8290,28.578
"4,975",10/16/2025 18:54:00,8.8280,28.406
"4,976",10/16/2025 18:55:00,8.8290,28.203
"4,977",10/16/2025 18:56:00,8.8310,28.000
"4,978",10/16/2025 18:57:00,8.8310,27.836
"4,979",10/16/2025 18:58:00,8.8300,27.688
"4,980",10/16/2025 18:59:00,8.8310,27.609
"4,981",10/16/2025 19:00:00,8.8321,27.609
"4,982",10/16/2025 19:01:00,8.8300,27.664
"4,983",10/16/2025 19:02:00,8.8290,27.758
"4,984",10/16/2025 19:03:00,8.8310,27.820
"4,985",10/16/2025 19:04:00,8.8300,27.867
"4,986",10/16/2025 19:05:00,8.8290,27.914
"4,987",10/16/2025 19:06:00,8.8300,27.977
"4,988",10/16/2025 19:07:00,8.8300,28.047
"4,989",10/16/2025 19:08:00,8.8300,28.094
"4,990",10/16/2025 19:09:00,8.8321,28.078
"4,991",10/16/2025 19:10:00,8.8321,27.891
"4,992",10/16/2025 19:11:00,8.8321,27.625
"4,993",10/16/2025 19:12:00,8.8341,27.352
"4,994",10/16/2025 19:13:00,8.8341,27.125
"4,995",10/16/2025 19:14:00,8.8341,26.914
"4,996",10/16/2025 19:15:00,8.8341,26.680
"4,997",10/16/2025 19:16:00,8.8351,26.438
"4,998",10/16/2025 19:17:00,8.8351,26.219
"4,999",10/16/2025 19:18:00,8.8372,26.039
"5,000",10/16/2025 19:19:00,8.8372,25.859
"5,001",10/16/2025 19:20:00,8.8372,25.688
"5,002",10/16/2025 19:21:00,8.8382,25.531
"5,003",10/16/2025 19:22:00,8.8372,25.398
"5,004",10/16/2025 19:23:00,8.8382,25.297
"5,005",10/16/2025 19:24:00,8.8382,25.195
"5,006",10/16/2025 19:25:00,8.8382,25.102
"5,007",10/16/2025 19:26:00,8.8382,25.008
"5,008",10/16/2025 19:27:00,8.8402,24.914
"5,009",10/16/2025 19:28:00,8.8402,24.813
"5,010",10/16/2025 19:29:00,8.8392,24.703
"5,011",10/16/2025 19:30:00,8.8402,24.586
"5,012",10/16/2025 19:31:00,8.8412,24.477
"5,013",10/16/2025 19:32:00,8.8412,24.375
"5,014",10/16/2025 19:33:00,8.8412,24.281
"5,015",10/16/2025 19:34:00,8.8412,24.195
"5,016",10/16/2025 19:35:00,8.8412,24.125
"5,017",10/16/2025 19:36:00,8.8412,24.047
"5,018",10/16/2025 19:37:00,8.8423,23.969
"5,019",10/16/2025 19:38:00,8.8423,23.898
"5,020",10/16/2025 19:39:00,8.8433,23.828
"5,021",10/16/2025 19:40:00,8.8423,23.766
"5,022",10/16/2025 19:41:00,8.8423,23.703
"5,023",10/16/2025 19:42:00,8.8433,23.641
"5,024",10/16/2025 19:43:00,8.8443,23.570
"5,025",10/16/2025 19:44:00,8.8443,23.492
"5,026",10/16/2025 19:45:00,8.8433,23.414
"5,027",10/16/2025 19:46:00,8.8433,23.359
"5,028",10/16/2025 19:47:00,8.8443,23.320
"5,029",10/16/2025 19:48:00,8.8433,23.281
"5,030",10/16/2025 19:49:00,8.8443,23.234
"5,031",10/16/2025 19:50:00,8.8443,23.172
"5,032",10/16/2025 19:51:00,8.8443,23.102
"5,033",10/16/2025 19:52:00,8.8443,23.047
"5,034",10/16/2025 19:53:00,8.8443,23.000
"5,035",10/16/2025 19:54:00,8.8453,22.953
"5,036",10/16/2025 19:55:00,8.8443,22.914
"5,037",10/16/2025 19:56:00,8.8453,22.852
"5,038",10/16/2025 19:57:00,8.8463,22.797
"5,039",10/16/2025 19:58:00,8.8463,22.727
"5,040",10/16/2025 19:59:00,8.8463,22.672
"5,041",10/16/2025 20:00:00,8.8463,22.617
"5,042",10/16/2025 20:01:00,8.8474,22.586
"5,043",10/16/2025 20:02:00,8.8463,22.539
"5,044",10/16/2025 20:03:00,8.8474,22.492
"5,045",10/16/2025 20:04:00,8.8463,22.445
"5,046",10/16/2025 20:05:00,8.8474,22.406
"5,047",10/16/2025 20:06:00,8.8474,22.352
"5,048",10/16/2025 20:07:00,8.8474,22.305
"5,049",10/16/2025 20:08:00,8.8484,22.258
"5,050",10/16/2025 20:09:00,8.8474,22.227
"5,051",10/16/2025 20:10:00,8.8484,22.195
"5,052",10/16/2025 20:11:00,8.8474,22.164
"5,053",10/16/2025 20:12:00,8.8484,22.133
"5,054",10/16/2025 20:13:00,8.8484,22.102
"5,055",10/16/2025 20:14:00,8.8484,22.055
"5,056",10/16/2025 20:15:00,8.8494,22.023
"5,057",10/16/2025 20:16:00,8.8494,21.977
"5,058",10/16/2025 20:17:00,8.8494,21.930
"5,059",10/16/2025 20:18:00,8.8504,21.883
"5,060",10/16/2025 20:19:00,8.8504,21.836
"5,061",10/16/2025 20:20:00,8.8504,21.781
"5,062",10/16/2025 20:21:00,8.8504,21.719
"5,063",10/16/2025 20:22:00,8.8504,21.664
"5,064",10/16/2025 20:23:00,8.8504,21.617
"5,065",10/16/2025 20:24:00,8.8504,21.570
"5,066",10/16/2025 20:25:00,8.8494,21.547
"5,067",10/16/2025 20:26:00,8.8504,21.523
"5,068",10/16/2025 20:27:00,8.8494,21.516
"5,069",10/16/2025 20:28:00,8.8494,21.500
"5,070",10/16/2025 20:29:00,8.8494,21.500
"5,071",10/16/2025 20:30:00,8.8504,21.492
"5,072",10/16/2025 20:31:00,8.8504,21.492
"5,073",10/16/2025 20:32:00,8.8504,21.477
"5,074",10/16/2025 20:33:00,8.8514,21.453
"5,075",10/16/2025 20:34:00,8.8514,21.414
"5,076",10/16/2025 20:35:00,8.8514,21.383
"5,077",10/16/2025 20:36:00,8.8514,21.352
"5,078",10/16/2025 20:37:00,8.8514,21.320
"5,079",10/16/2025 20:38:00,8.8524,21.289
"5,080",10/16/2025 20:39:00,8.8524,21.258
"5,081",10/16/2025 20:40:00,8.8524,21.227
"5,082",10/16/2025 20:41:00,8.8535,21.203
"5,083",10/16/2025 20:42:00,8.8535,21.180
"5,084",10/16/2025 20:43:00,8.8524,21.164
"5,085",10/16/2025 20:44:00,8.8545,21.148
"5,086",10/16/2025 20:45:00,8.8535,21.133
"5,087",10/16/2025 20:46:00,8.8535,21.102
"5,088",10/16/2025 20:47:00,8.8535,21.086
"5,089",10/16/2025 20:48:00,8.8535,21.063
"5,090",10/16/2025 20:49:00,8.8545,21.039
"5,091",10/16/2025 20:50:00,8.8545,21.016
"5,092",10/16/2025 20:51:00,8.8545,20.977
"5,093",10/16/2025 20:52:00,8.8545,20.945
"5,094",10/16/2025 20:53:00,8.8545,20.922
"5,095",10/16/2025 20:54:00,8.8545,20.906
"5,096",10/16/2025 20:55:00,8.8555,20.898
"5,097",10/16/2025 20:56:00,8.8555,20.898
"5,098",10/16/2025 20:57:00,8.8555,20.883
"5,099",10/16/2025 20:58:00,8.8555,20.875
"5,100",10/16/2025 20:59:00,8.8555,20.859
"5,101",10/16/2025 21:00:00,8.8555,20.836
"5,102",10/16/2025 21:01:00,8.8555,20.813
"5,103",10/16/2025 21:02:00,8.8565,20.781
"5,104",10/16/2025 21:03:00,8.8565,20.750
"5,105",10/16/2025 21:04:00,8.8555,20.727
"5,106",10/16/2025 21:05:00,8.8565,20.703
"5,107",10/16/2025 21:06:00,8.8565,20.672
"5,108",10/16/2025 21:07:00,8.8575,20.633
"5,109",10/16/2025 21:08:00,8.8575,20.609
"5,110",10/16/2025 21:09:00,8.8575,20.570
"5,111",10/16/2025 21:10:00,8.8586,20.539
"5,112",10/16/2025 21:11:00,8.8586,20.523
"5,113",10/16/2025 21:12:00,8.8575,20.500
"5,114",10/16/2025 21:13:00,8.8575,20.469
"5,115",10/16/2025 21:14:00,8.8586,20.461
"5,116",10/16/2025 21:15:00,8.8586,20.438
"5,117",10/16/2025 21:16:00,8.8586,20.414
"5,118",10/16/2025 21:17:00,8.8586,20.375
"5,119",10/16/2025 21:18:00,8.8586,20.352
"5,120",10/16/2025 21:19:00,8.8596,20.328
"5,121",10/16/2025 21:20:00,8.8586,20.297
"5,122",10/16/2025 21:21:00,8.8596,20.258
"5,123",10/16/2025 21:22:00,8.8596,20.227
"5,124",10/16/2025 21:23:00,8.8606,20.188
"5,125",10/16/2025 21:24:00,8.8596,20.133
"5,126",10/16/2025 21:25:00,8.8606,20.094
"5,127",10/16/2025 21:26:00,8.8606,20.063
"5,128",10/16/2025 21:27:00,8.8606,20.039
"5,129",10/16/2025 21:28:00,8.8606,20.016
"5,130",10/16/2025 21:29:00,8.8606,20.000
"5,131",10/16/2025 21:30:00,8.8626,19.961
"5,132",10/16/2025 21:31:00,8.8626,19.938
"5,133",10/16/2025 21:32:00,8.8616,19.898
"5,134",10/16/2025 21:33:00,8.8626,19.867
"5,135",10/16/2025 21:34:00,8.8616,19.844
"5,136",10/16/2025 21:35:00,8.8616,19.820
"5,137",10/16/2025 21:36:00,8.8616,19.813
"5,138",10/16/2025 21:37:00,8.8616,19.797
"5,139",10/16/2025 21:38:00,8.8616,19.773
"5,140",10/16/2025 21:39:00,8.8626,19.766
"5,141",10/16/2025 21:40:00,8.8616,19.734
"5,142",10/16/2025 21:41:00,8.8616,19.711
"5,143",10/16/2025 21:42:00,8.8626,19.695
"5,144",10/16/2025 21:43:00,8.8616,19.680
"5,145",10/16/2025 21:44:00,8.8616,19.648
"5,146",10/16/2025 21:45:00,8.8616,19.617
"5,147",10/16/2025 21:46:00,8.8616,19.586
"5,148",10/16/2025 21:47:00,8.8626,19.555
"5,149",10/16/2025 21:48:00,8.8616,19.531
"5,150",10/16/2025 21:49:00,8.8626,19.508
"5,151",10/16/2025 21:50:00,8.8616,19.484
"5,152",10/16/2025 21:51:00,8.8626,19.453
"5,153",10/16/2025 21:52:00,8.8626,19.414
"5,154",10/16/2025 21:53:00,8.8616,19.391
"5,155",10/16/2025 21:54:00,8.8616,19.375
"5,156",10/16/2025 21:55:00,8.8626,19.359
"5,157",10/16/2025 21:56:00,8.8626,19.336
"5,158",10/16/2025 21:57:00,8.8626,19.313
"5,159",10/16/2025 21:58:00,8.8626,19.281
"5,160",10/16/2025 21:59:00,8.8626,19.258
"5,161",10/16/2025 22:00:00,8.8626,19.227
"5,162",10/16/2025 22:01:00,8.8626,19.203
"5,163",10/16/2025 22:02:00,8.8637,19.188
"5,164",10/16/2025 22:03:00,8.8637,19.164
"5,165",10/16/2025 22:04:00,8.8637,19.141
"5,166",10/16/2025 22:05:00,8.8626,19.125
"5,167",10/16/2025 22:06:00,8.8637,19.094
"5,168",10/16/2025 22:07:00,8.8637,19.047
"5,169",10/16/2025 22:08:00,8.8637,19.031
"5,170",10/16/2025 22:09:00,8.8647,19.016
"5,171",10/16/2025 22:10:00,8.8637,18.992
"5,172",10/16/2025 22:11:00,8.8637,18.969
"5,173",10/16/2025 22:12:00,8.8637,18.953
"5,174",10/16/2025 22:13:00,8.8637,18.930
"5,175",10/16/2025 22:14:00,8.8647,18.938
"5,176",10/16/2025 22:15:00,8.8637,18.922
"5,177",10/16/2025 22:16:00,8.8637,18.906
"5,178",10/16/2025 22:17:00,8.8637,18.883
"5,179",10/16/2025 22:18:00,8.8637,18.859
"5,180",10/16/2025 22:19:00,8.8637,18.828
"5,181",10/16/2025 22:20:00,8.8647,18.805
"5,182",10/16/2025 22:21:00,8.8647,18.781
"5,183",10/16/2025 22:22:00,8.8647,18.758
"5,184",10/16/2025 22:23:00,8.8657,18.727
"5,185",10/16/2025 22:24:00,8.8657,18.680
"5,186",10/16/2025 22:25:00,8.8657,18.633
"5,187",10/16/2025 22:26:00,8.8647,18.609
"5,188",10/16/2025 22:27:00,8.8647,18.570
"5,189",10/16/2025 22:28:00,8.8657,18.531
"5,190",10/16/2025 22:29:00,8.8657,18.492
"5,191",10/16/2025 22:30:00,8.8647,18.453
"5,192",10/16/2025 22:31:00,8.8657,18.414
"5,193",10/16/2025 22:32:00,8.8647,18.367
"5,194",10/16/2025 22:33:00,8.8657,18.320
"5,195",10/16/2025 22:34:00,8.8657,18.281
"5,196",10/16/2025 22:35:00,8.8657,18.242
"5,197",10/16/2025 22:36:00,8.8657,18.203
"5,198",10/16/2025 22:37:00,8.8647,18.172
"5,199",10/16/2025 22:38:00,8.8647,18.156
"5,200",10/16/2025 22:39:00,8.8657,18.117
"5,201",10/16/2025 22:40:00,8.8657,18.078
"5,202",10/16/2025 22:41:00,8.8647,18.039
"5,203",10/16/2025 22:42:00,8.8657,18.016
"5,204",10/16/2025 22:43:00,8.8647,18.000
"5,205",10/16/2025 22:44:00,8.8647,17.969
"5,206",10/16/2025 22:45:00,8.8657,17.930
"5,207",10/16/2025 22:46:00,8.8657,17.883
"5,208",10/16/2025 22:47:00,8.8657,17.828
"5,209",10/16/2025 22:48:00,8.8657,17.773
"5,210",10/16/2025 22:49:00,8.8657,17.734
"5,211",10/16/2025 22:50:00,8.8657,17.703
"5,212",10/16/2025 22:51:00,8.8657,17.672
"5,213",10/16/2025 22:52:00,8.8667,17.633
"5,214",10/16/2025 22:53:00,8.8657,17.609
"5,215",10/16/2025 22:54:00,8.8657,17.586
"5,216",10/16/2025 22:55:00,8.8657,17.555
"5,217",10/16/2025 22:56:00,8.8657,17.539
"5,218",10/16/2025 22:57:00,8.8657,17.500
"5,219",10/16/2025 22:58:00,8.8657,17.461
"5,220",10/16/2025 22:59:00,8.8667,17.414
"5,221",10/16/2025 23:00:00,8.8667,17.367
"5,222",10/16/2025 23:01:00,8.8667,17.328
"5,223",10/16/2025 23:02:00,8.8667,17.313
"5,224",10/16/2025 23:03:00,8.8657,17.305
"5,225",10/16/2025 23:04:00,8.8667,17.320
"5,226",10/16/2025 23:05:00,8.8667,17.344
"5,227",10/16/2025 23:06:00,8.8657,17.375
"5,228",10/16/2025 23:07:00,8.8657,17.383
"5,229",10/16/2025 23:08:00,8.8657,17.391
"5,230",10/16/2025 23:09:00,8.8657,17.383
"5,231",10/16/2025 23:10:00,8.8657,17.359
"5,232",10/16/2025 23:11:00,8.8667,17.336
"5,233",10/16/2025 23:12:00,8.8657,17.313
"5,234",10/16/2025 23:13:00,8.8657,17.281
"5,235",10/16/2025 23:14:00,8.8657,17.250
"5,236",10/16/2025 23:15:00,8.8657,17.203
"5,237",10/16/2025 23:16:00,8.8657,17.172
"5,238",10/16/2025 23:17:00,8.8657,17.125
"5,239",10/16/2025 23:18:00,8.8667,17.086
"5,240",10/16/2025 23:19:00,8.8657,17.055
"5,241",10/16/2025 23:20:00,8.8657,17.016
"5,242",10/16/2025 23:21:00,8.8657,16.984
"5,243",10/16/2025 23:22:00,8.8647,16.945
"5,244",10/16/2025 23:23:00,8.8667,16.891
"5,245",10/16/2025 23:24:00,8.8657,16.844
"5,246",10/16/2025 23:25:00,8.8667,16.797
"5,247",10/16/2025 23:26:00,8.8667,16.734
"5,248",10/16/2025 23:27:00,8.8667,16.703
"5,249",10/16/2025 23:28:00,8.8667,16.680
"5,250",10/16/2025 23:29:00,8.8667,16.664
"5,251",10/16/2025 23:30:00,8.8667,16.625
"5,252",10/16/2025 23:31:00,8.8667,16.586
"5,253",10/16/2025 23:32:00,8.8667,16.539
"5,254",10/16/2025 23:33:00,8.8667,16.484
"5,255",10/16/2025 23:34:00,8.8667,16.445
"5,256",10/16/2025 23:35:00,8.8677,16.414
"5,257",10/16/2025 23:36:00,8.8667,16.391
"5,258",10/16/2025 23:37:00,8.8667,16.367
"5,259",10/16/2025 23:38:00,8.8667,16.344
"5,260",10/16/2025 23:39:00,8.8667,16.328
"5,261",10/16/2025 23:40:00,8.8667,16.305
"5,262",10/16/2025 23:41:00,8.8667,16.273
"5,263",10/16/2025 23:42:00,8.8667,16.242
"5,264",10/16/2025 23:43:00,8.8667,16.219
"5,265",10/16/2025 23:44:00,8.8667,16.203
"5,266",10/16/2025 23:45:00,8.8667,16.180
"5,267",10/16/2025 23:46:00,8.8667,16.164
"5,268",10/16/2025 23:47:00,8.8667,16.148
"5,269",10/16/2025 23:48:00,8.8667,16.125
"5,270",10/16/2025 23:49:00,8.8667,16.109
"5,271",10/16/2025 23:50:00,8.8667,16.086
"5,272",10/16/2025 23:51:00,8.8667,16.055
"5,273",10/16/2025 23:52:00,8.8667,16.031
"5,274",10/16/2025 23:53:00,8.8667,16.008
"5,275",10/16/2025 23:54:00,8.8667,15.984
"5,276",10/16/2025 23:55:00,8.8667,15.969
"5,277",10/16/2025 23:56:00,8.8667,15.945
"5,278",10/16/2025 23:57:00,8.8667,15.930
"5,279",10/16/2025 23:58:00,8.8667,15.898
"5,280",10/16/2025 23:59:00,8.8667,15.867
"5,281",10/17/2025 0:00:00,8.8667,15.836
"5,282",10/17/2025 0:01:00,8.8667,15.813
"5,283",10/17/2025 0:02:00,8.8667,15.789
"5,284",10/17/2025 0:03:00,8.8657,15.781
"5,285",10/17/2025 0:04:00,8.8657,15.773
"5,286",10/17/2025 0:05:00,8.8657,15.750
"5,287",10/17/2025 0:06:00,8.8657,15.727
"5,288",10/17/2025 0:07:00,8.8657,15.695
"5,289",10/17/2025 0:08:00,8.8657,15.672
"5,290",10/17/2025 0:09:00,8.8667,15.656
"5,291",10/17/2025 0:10:00,8.8657,15.648
"5,292",10/17/2025 0:11:00,8.8657,15.633
"5,293",10/17/2025 0:12:00,8.8657,15.633
"5,294",10/17/2025 0:13:00,8.8667,15.617
"5,295",10/17/2025 0:14:00,8.8657,15.586
"5,296",10/17/2025 0:15:00,8.8657,15.570
"5,297",10/17/2025 0:16:00,8.8657,15.531
"5,298",10/17/2025 0:17:00,8.8657,15.484
"5,299",10/17/2025 0:18:00,8.8667,15.430
"5,300",10/17/2025 0:19:00,8.8667,15.375
"5,301",10/17/2025 0:20:00,8.8667,15.328
"5,302",10/17/2025 0:21:00,8.8677,15.289
"5,303",10/17/2025 0:22:00,8.8677,15.242
"5,304",10/17/2025 0:23:00,8.8677,15.219
"5,305",10/17/2025 0:24:00,8.8677,15.195
"5,306",10/17/2025 0:25:00,8.8677,15.180
"5,307",10/17/2025 0:26:00,8.8677,15.164
"5,308",10/17/2025 0:27:00,8.8688,15.156
"5,309",10/17/2025 0:28:00,8.8688,15.156
"5,310",10/17/2025 0:29:00,8.8688,15.172
"5,311",10/17/2025 0:30:00,8.8698,15.203
"5,312",10/17/2025 0:31:00,8.8698,15.242
"5,313",10/17/2025 0:32:00,8.8698,15.328
"5,314",10/17/2025 0:33:00,8.8688,15.430
"5,315",10/17/2025 0:34:00,8.8688,15.523
"5,316",10/17/2025 0:35:00,8.8677,15.531
"5,317",10/17/2025 0:36:00,8.8677,15.516
"5,318",10/17/2025 0:37:00,8.8688,15.508
"5,319",10/17/2025 0:38:00,8.8677,15.500
"5,320",10/17/2025 0:39:00,8.8677,15.516
"5,321",10/17/2025 0:40:00,8.8677,15.516
"5,322",10/17/2025 0:41:00,8.8677,15.500
"5,323",10/17/2025 0:42:00,8.8677,15.469
"5,324",10/17/2025 0:43:00,8.8688,15.430
"5,325",10/17/2025 0:44:00,8.8667,15.422
"5,326",10/17/2025 0:45:00,8.8677,15.430
"5,327",10/17/2025 0:46:00,8.8677,15.438
"5,328",10/17/2025 0:47:00,8.8677,15.453
"5,329",10/17/2025 0:48:00,8.8667,15.461
"5,330",10/17/2025 0:49:00,8.8667,15.469
"5,331",10/17/2025 0:50:00,8.8677,15.477
"5,332",10/17/2025 0:51:00,8.8667,15.469
"5,333",10/17/2025 0:52:00,8.8677,15.438
"5,334",10/17/2025 0:53:00,8.8677,15.414
"5,335",10/17/2025 0:54:00,8.8677,15.391
"5,336",10/17/2025 0:55:00,8.8677,15.375
"5,337",10/17/2025 0:56:00,8.8677,15.352
"5,338",10/17/2025 0:57:00,8.8677,15.328
"5,339",10/17/2025 0:58:00,8.8667,15.297
"5,340",10/17/2025 0:59:00,8.8667,15.266
"5,341",10/17/2025 1:00:00,8.8677,15.234
"5,342",10/17/2025 1:01:00,8.8677,15.211
"5,343",10/17/2025 1:02:00,8.8677,15.203
"5,344",10/17/2025 1:03:00,8.8677,15.203
"5,345",10/17/2025 1:04:00,8.8667,15.203
"5,346",10/17/2025 1:05:00,8.8677,15.211
"5,347",10/17/2025 1:06:00,8.8677,15.234
"5,348",10/17/2025 1:07:00,8.8677,15.258
"5,349",10/17/2025 1:08:00,8.8677,15.281
"5,350",10/17/2025 1:09:00,8.8688,15.305
"5,351",10/17/2025 1:10:00,8.8677,15.336
"5,352",10/17/2025 1:11:00,8.8677,15.398
"5,353",10/17/2025 1:12:00,8.8667,15.445
"5,354",10/17/2025 1:13:00,8.8677,15.445
"5,355",10/17/2025 1:14:00,8.8667,15.422
"5,356",10/17/2025 1:15:00,8.8677,15.406
"5,357",10/17/2025 1:16:00,8.8677,15.398
"5,358",10/17/2025 1:17:00,8.8677,15.398
"5,359",10/17/2025 1:18:00,8.8667,15.383
"5,360",10/17/2025 1:19:00,8.8677,15.359
"5,361",10/17/2025 1:20:00,8.8677,15.336
"5,362",10/17/2025 1:21:00,8.8677,15.320
"5,363",10/17/2025 1:22:00,8.8677,15.297
"5,364",10/17/2025 1:23:00,8.8667,15.258
"5,365",10/17/2025 1:24:00,8.8667,15.219
"5,366",10/17/2025 1:25:00,8.8677,15.188
"5,367",10/17/2025 1:26:00,8.8667,15.148
"5,368",10/17/2025 1:27:00,8.8667,15.164
"5,369",10/17/2025 1:28:00,8.8657,15.172
"5,370",10/17/2025 1:29:00,8.8677,15.172
"5,371",10/17/2025 1:30:00,8.8677,15.156
"5,372",10/17/2025 1:31:00,8.8667,15.164
"5,373",10/17/2025 1:32:00,8.8667,15.195
"5,374",10/17/2025 1:33:00,8.8667,15.266
"5,375",10/17/2025 1:34:00,8.8667,15.344
"5,376",10/17/2025 1:35:00,8.8657,15.430
"5,377",10/17/2025 1:36:00,8.8657,15.523
"5,378",10/17/2025 1:37:00,8.8657,15.625
"5,379",10/17/2025 1:38:00,8.8657,15.711
"5,380",10/17/2025 1:39:00,8.8657,15.766
"5,381",10/17/2025 1:40:00,8.8657,15.797
"5,382",10/17/2025 1:41:00,8.8647,15.813
"5,383",10/17/2025 1:42:00,8.8647,15.797
"5,384",10/17/2025 1:43:00,8.8657,15.781
"5,385",10/17/2025 1:44:00,8.8647,15.773
"5,386",10/17/2025 1:45:00,8.8637,15.742
"5,387",10/17/2025 1:46:00,8.8647,15.695
"5,388",10/17/2025 1:47:00,8.8647,15.648
"5,389",10/17/2025 1:48:00,8.8647,15.617
"5,390",10/17/2025 1:49:00,8.8647,15.578
"5,391",10/17/2025 1:50:00,8.8637,15.555
"5,392",10/17/2025 1:51:00,8.8647,15.516
"5,393",10/17/2025 1:52:00,8.8657,15.492
"5,394",10/17/2025 1:53:00,8.8657,15.477
"5,395",10/17/2025 1:54:00,8.8657,15.445
"5,396",10/17/2025 1:55:00,8.8657,15.406
"5,397",10/17/2025 1:56:00,8.8657,15.352
"5,398",10/17/2025 1:57:00,8.8657,15.273
"5,399",10/17/2025 1:58:00,8.8657,15.203
"5,400",10/17/2025 1:59:00,8.8667,15.148
"5,401",10/17/2025 2:00:00,8.8667,15.102
"5,402",10/17/2025 2:01:00,8.8657,15.070
"5,403",10/17/2025 2:02:00,8.8667,15.039
"5,404",10/17/2025 2:03:00,8.8667,15.008
"5,405",10/17/2025 2:04:00,8.8667,14.984
"5,406",10/17/2025 2:05:00,8.8677,14.953
"5,407",10/17/2025 2:06:00,8.8667,14.914
"5,408",10/17/2025 2:07:00,8.8657,14.883
"5,409",10/17/2025 2:08:00,8.8667,14.836
"5,410",10/17/2025 2:09:00,8.8667,14.797
"5,411",10/17/2025 2:10:00,8.8677,14.773
"5,412",10/17/2025 2:11:00,8.8657,14.758
"5,413",10/17/2025 2:12:00,8.8677,14.742
"5,414",10/17/2025 2:13:00,8.8677,14.719
"5,415",10/17/2025 2:14:00,8.8677,14.703
"5,416",10/17/2025 2:15:00,8.8667,14.688
"5,417",10/17/2025 2:16:00,8.8677,14.672
"5,418",10/17/2025 2:17:00,8.8677,14.641
"5,419",10/17/2025 2:18:00,8.8677,14.617
"5,420",10/17/2025 2:19:00,8.8677,14.602
"5,421",10/17/2025 2:20:00,8.8677,14.578
"5,422",10/17/2025 2:21:00,8.8677,14.570
"5,423",10/17/2025 2:22:00,8.8688,14.555
"5,424",10/17/2025 2:23:00,8.8677,14.547
"5,425",10/17/2025 2:24:00,8.8688,14.539
"5,426",10/17/2025 2:25:00,8.8667,14.555
"5,427",10/17/2025 2:26:00,8.8667,14.570
"5,428",10/17/2025 2:27:00,8.8667,14.617
"5,429",10/17/2025 2:28:00,8.8667,14.664
"5,430",10/17/2025 2:29:00,8.8657,14.719
"5,431",10/17/2025 2:30:00,8.8667,14.766
"5,432",10/17/2025 2:31:00,8.8667,14.797
"5,433",10/17/2025 2:32:00,8.8667,14.828
"5,434",10/17/2025 2:33:00,8.8667,14.852
"5,435",10/17/2025 2:34:00,8.8667,14.883
"5,436",10/17/2025 2:35:00,8.8667,14.914
"5,437",10/17/2025 2:36:00,8.8667,14.945
"5,438",10/17/2025 2:37:00,8.8677,14.977
"5,439",10/17/2025 2:38:00,8.8677,15.016
"5,440",10/17/2025 2:39:00,8.8667,15.109
"5,441",10/17/2025 2:40:00,8.8667,15.211
"5,442",10/17/2025 2:41:00,8.8667,15.273
"5,443",10/17/2025 2:42:00,8.8667,15.305
"5,444",10/17/2025 2:43:00,8.8667,15.352
"5,445",10/17/2025 2:44:00,8.8657,15.406
"5,446",10/17/2025 2:45:00,8.8657,15.445
"5,447",10/17/2025 2:46:00,8.8667,15.461
"5,448",10/17/2025 2:47:00,8.8667,15.469
"5,449",10/17/2025 2:48:00,8.8657,15.469
"5,450",10/17/2025 2:49:00,8.8667,15.484
"5,451",10/17/2025 2:50:00,8.8657,15.477
"5,452",10/17/2025 2:51:00,8.8657,15.492
"5,453",10/17/2025 2:52:00,8.8657,15.516
"5,454",10/17/2025 2:53:00,8.8657,15.523
"5,455",10/17/2025 2:54:00,8.8657,15.516
"5,456",10/17/2025 2:55:00,8.8667,15.492
"5,457",10/17/2025 2:56:00,8.8657,15.477
"5,458",10/17/2025 2:57:00,8.8667,15.461
"5,459",10/17/2025 2:58:00,8.8657,15.438
"5,460",10/17/2025 2:59:00,8.8667,15.422
"5,461",10/17/2025 3:00:00,8.8667,15.414
"5,462",10/17/2025 3:01:00,8.8667,15.414
"5,463",10/17/2025 3:02:00,8.8667,15.398
"5,464",10/17/2025 3:03:00,8.8667,15.383
"5,465",10/17/2025 3:04:00,8.8667,15.383
"5,466",10/17/2025 3:05:00,8.8667,15.359
"5,467",10/17/2025 3:06:00,8.8667,15.336
"5,468",10/17/2025 3:07:00,8.8667,15.305
"5,469",10/17/2025 3:08:00,8.8667,15.281
"5,470",10/17/2025 3:09:00,8.8667,15.250
"5,471",10/17/2025 3:10:00,8.8677,15.242
"5,472",10/17/2025 3:11:00,8.8667,15.250
"5,473",10/17/2025 3:12:00,8.8667,15.266
"5,474",10/17/2025 3:13:00,8.8677,15.266
"5,475",10/17/2025 3:14:00,8.8677,15.289
"5,476",10/17/2025 3:15:00,8.8677,15.328
"5,477",10/17/2025 3:16:00,8.8667,15.336
"5,478",10/17/2025 3:17:00,8.8677,15.328
"5,479",10/17/2025 3:18:00,8.8667,15.297
"5,480",10/17/2025 3:19:00,8.8677,15.273
"5,481",10/17/2025 3:20:00,8.8667,15.250
"5,482",10/17/2025 3:21:00,8.8677,15.211
"5,483",10/17/2025 3:22:00,8.8688,15.180
"5,484",10/17/2025 3:23:00,8.8677,15.133
"5,485",10/17/2025 3:24:00,8.8677,15.094
"5,486",10/17/2025 3:25:00,8.8688,15.063
"5,487",10/17/2025 3:26:00,8.8688,15.039
"5,488",10/17/2025 3:27:00,8.8677,15.023
"5,489",10/17/2025 3:28:00,8.8688,15.008
"5,490",10/17/2025 3:29:00,8.8677,14.992
"5,491",10/17/2025 3:30:00,8.8677,14.977
"5,492",10/17/2025 3:31:00,8.8688,14.969
"5,493",10/17/2025 3:32:00,8.8688,14.945
"5,494",10/17/2025 3:33:00,8.8677,14.922
"5,495",10/17/2025 3:34:00,8.8677,14.898
"5,496",10/17/2025 3:35:00,8.8688,14.867
"5,497",10/17/2025 3:36:00,8.8688,14.828
"5,498",10/17/2025 3:37:00,8.8688,14.797
"5,499",10/17/2025 3:38:00,8.8688,14.766
"5,500",10/17/2025 3:39:00,8.8688,14.734
"5,501",10/17/2025 3:40:00,8.8688,14.688
"5,502",10/17/2025 3:41:00,8.8688,14.641
"5,503",10/17/2025 3:42:00,8.8688,14.617
"5,504",10/17/2025 3:43:00,8.8698,14.602
"5,505",10/17/2025 3:44:00,8.8688,14.563
"5,506",10/17/2025 3:45:00,8.8688,14.547
"5,507",10/17/2025 3:46:00,8.8698,14.523
"5,508",10/17/2025 3:47:00,8.8688,14.500
"5,509",10/17/2025 3:48:00,8.8698,14.484
"5,510",10/17/2025 3:49:00,8.8698,14.477
"5,511",10/17/2025 3:50:00,8.8698,14.484
"5,512",10/17/2025 3:51:00,8.8698,14.492
"5,513",10/17/2025 3:52:00,8.8708,14.508
"5,514",10/17/2025 3:53:00,8.8698,14.523
"5,515",10/17/2025 3:54:00,8.8698,14.539
"5,516",10/17/2025 3:55:00,8.8698,14.547
"5,517",10/17/2025 3:56:00,8.8698,14.555
"5,518",10/17/2025 3:57:00,8.8698,14.547
"5,519",10/17/2025 3:58:00,8.8677,14.547
"5,520",10/17/2025 3:59:00,8.8698,14.555
"5,521",10/17/2025 4:00:00,8.8688,14.563
"5,522",10/17/2025 4:01:00,8.8688,14.578
"5,523",10/17/2025 4:02:00,8.8688,14.594
"5,524",10/17/2025 4:03:00,8.8688,14.609
"5,525",10/17/2025 4:04:00,8.8688,14.625
"5,526",10/17/2025 4:05:00,8.8688,14.617
"5,527",10/17/2025 4:06:00,8.8688,14.609
"5,528",10/17/2025 4:07:00,8.8688,14.594
"5,529",10/17/2025 4:08:00,8.8688,14.570
"5,530",10/17/2025 4:09:00,8.8688,14.555
"5,531",10/17/2025 4:10:00,8.8688,14.539
"5,532",10/17/2025 4:11:00,8.8688,14.523
"5,533",10/17/2025 4:12:00,8.8688,14.516
"5,534",10/17/2025 4:13:00,8.8688,14.516
"5,535",10/17/2025 4:14:00,8.8688,14.508
"5,536",10/17/2025 4:15:00,8.8698,14.508
"5,537",10/17/2025 4:16:00,8.8698,14.500
"5,538",10/17/2025 4:17:00,8.8698,14.500
"5,539",10/17/2025 4:18:00,8.8698,14.508
"5,540",10/17/2025 4:19:00,8.8698,14.500
"5,541",10/17/2025 4:20:00,8.8708,14.500
"5,542",10/17/2025 4:21:00,8.8698,14.484
"5,543",10/17/2025 4:22:00,8.8708,14.484
"5,544",10/17/2025 4:23:00,8.8708,14.477
"5,545",10/17/2025 4:24:00,8.8708,14.484
"5,546",10/17/2025 4:25:00,8.8708,14.492
"5,547",10/17/2025 4:26:00,8.8708,14.500
"5,548",10/17/2025 4:27:00,8.8708,14.492
"5,549",10/17/2025 4:28:00,8.8708,14.500
"5,550",10/17/2025 4:29:00,8.8708,14.500
"5,551",10/17/2025 4:30:00,8.8708,14.500
"5,552",10/17/2025 4:31:00,8.8708,14.492
"5,553",10/17/2025 4:32:00,8.8708,14.492
"5,554",10/17/2025 4:33:00,8.8708,14.500
"5,555",10/17/2025 4:34:00,8.8718,14.508
"5,556",10/17/2025 4:35:00,8.8728,14.500
"5,557",10/17/2025 4:36:00,8.8718,14.500
"5,558",10/17/2025 4:37:00,8.8718,14.500
"5,559",10/17/2025 4:38:00,8.8718,14.508
"5,560",10/17/2025 4:39:00,8.8728,14.500
"5,561",10/17/2025 4:40:00,8.8739,14.484
"5,562",10/17/2025 4:41:00,8.8779,14.484
"5,563",10/17/2025 4:42:00,8.8769,14.500
"5,564",10/17/2025 4:43:00,8.8759,14.570
"5,565",10/17/2025 4:44:00,8.8739,14.688
"5,566",10/17/2025 4:45:00,8.8739,14.773
"5,567",10/17/2025 4:46:00,8.8739,14.852
"5,568",10/17/2025 4:47:00,8.8769,14.898
"5,569",10/17/2025 4:48:00,8.8769,14.930
"5,570",10/17/2025 4:49:00,8.8749,14.969
"5,571",10/17/2025 4:50:00,8.8749,14.961
"5,572",10/17/2025 4:51:00,8.8749,14.938
"5,573",10/17/2025 4:52:00,8.8759,14.922
"5,574",10/17/2025 4:53:00,8.8769,14.922
"5,575",10/17/2025 4:54:00,8.8769,14.938
"5,576",10/17/2025 4:55:00,8.8759,14.953
"5,577",10/17/2025 4:56:00,8.8759,14.984
"5,578",10/17/2025 4:57:00,8.8759,14.977
"5,579",10/17/2025 4:58:00,8.8749,14.969
"5,580",10/17/2025 4:59:00,8.8749,14.969
"5,581",10/17/2025 5:00:00,8.8759,14.984
"5,582",10/17/2025 5:01:00,8.8749,14.984
"5,583",10/17/2025 5:02:00,8.8759,14.992
"5,584",10/17/2025 5:03:00,8.8759,15.008
"5,585",10/17/2025 5:04:00,8.8749,15.039
"5,586",10/17/2025 5:05:00,8.8759,15.070
"5,587",10/17/2025 5:06:00,8.8759,15.070
"5,588",10/17/2025 5:07:00,8.8759,15.063
"5,589",10/17/2025 5:08:00,8.8759,15.063
"5,590",10/17/2025 5:09:00,8.8759,15.039
"5,591",10/17/2025 5:10:00,8.8769,15.008
"5,592",10/17/2025 5:11:00,8.8769,14.977
"5,593",10/17/2025 5:12:00,8.8759,14.961
"5,594",10/17/2025 5:13:00,8.8769,14.945
"5,595",10/17/2025 5:14:00,8.8769,14.930
"5,596",10/17/2025 5:15:00,8.8769,14.914
"5,597",10/17/2025 5:16:00,8.8769,14.914
"5,598",10/17/2025 5:17:00,8.8779,14.914
"5,599",10/17/2025 5:18:00,8.8779,14.914
"5,600",10/17/2025 5:19:00,8.8779,14.883
"5,601",10/17/2025 5:20:00,8.8779,14.859
"5,602",10/17/2025 5:21:00,8.8790,14.844
"5,603",10/17/2025 5:22:00,8.8779,14.828
"5,604",10/17/2025 5:23:00,8.8779,14.828
"5,605",10/17/2025 5:24:00,8.8790,14.820
"5,606",10/17/2025 5:25:00,8.8790,14.813
"5,607",10/17/2025 5:26:00,8.8790,14.797
"5,608",10/17/2025 5:27:00,8.8790,14.781
"5,609",10/17/2025 5:28:00,8.8779,14.766
"5,610",10/17/2025 5:29:00,8.8790,14.766
"5,611",10/17/2025 5:30:00,8.8790,14.766
"5,612",10/17/2025 5:31:00,8.8790,14.750
"5,613",10/17/2025 5:32:00,8.8800,14.742
"5,614",10/17/2025 5:33:00,8.8800,14.742
"5,615",10/17/2025 5:34:00,8.8800,14.742
"5,616",10/17/2025 5:35:00,8.8790,14.758
"5,617",10/17/2025 5:36:00,8.8790,14.766
"5,618",10/17/2025 5:37:00,8.8790,14.773
"5,619",10/17/2025 5:38:00,8.8790,14.750
"5,620",10/17/2025 5:39:00,8.8800,14.750
"5,621",10/17/2025 5:40:00,8.8790,14.758
"5,622",10/17/2025 5:41:00,8.8790,14.766
"5,623",10/17/2025 5:42:00,8.8800,14.773
"5,624",10/17/2025 5:43:00,8.8800,14.789
"5,625",10/17/2025 5:44:00,8.8800,14.797
"5,626",10/17/2025 5:45:00,8.8800,14.805
"5,627",10/17/2025 5:46:00,8.8800,14.828
"5,628",10/17/2025 5:47:00,8.8800,14.852
"5,629",10/17/2025 5:48:00,8.8810,14.875
"5,630",10/17/2025 5:49:00,8.8810,14.875
"5,631",10/17/2025 5:50:00,8.8810,14.852
"5,632",10/17/2025 5:51:00,8.8810,14.828
"5,633",10/17/2025 5:52:00,8.8810,14.813
"5,634",10/17/2025 5:53:00,8.8810,14.805
"5,635",10/17/2025 5:54:00,8.8810,14.813
"5,636",10/17/2025 5:55:00,8.8810,14.813
"5,637",10/17/2025 5:56:00,8.8810,14.820
"5,638",10/17/2025 5:57:00,8.8820,14.828
"5,639",10/17/2025 5:58:00,8.8820,14.828
"5,640",10/17/2025 5:59:00,8.8820,14.828
"5,641",10/17/2025 6:00:00,8.8830,14.836
"5,642",10/17/2025 6:01:00,8.8820,14.828
"5,643",10/17/2025 6:02:00,8.8830,14.828
"5,644",10/17/2025 6:03:00,8.8830,14.820
"5,645",10/17/2025 6:04:00,8.8830,14.820
"5,646",10/17/2025 6:05:00,8.8830,14.813
"5,647",10/17/2025 6:06:00,8.8830,14.813
"5,648",10/17/2025 6:07:00,8.8830,14.813
"5,649",10/17/2025 6:08:00,8.8830,14.820
"5,650",10/17/2025 6:09:00,8.8840,14.836
"5,651",10/17/2025 6:10:00,8.8840,14.859
"5,652",10/17/2025 6:11:00,8.8851,14.883
"5,653",10/17/2025 6:12:00,8.8840,14.898
"5,654",10/17/2025 6:13:00,8.8851,14.914
"5,655",10/17/2025 6:14:00,8.8851,14.938
"5,656",10/17/2025 6:15:00,8.8851,14.945
"5,657",10/17/2025 6:16:00,8.8851,14.961
"5,658",10/17/2025 6:17:00,8.8851,14.977
"5,659",10/17/2025 6:18:00,8.8851,14.977
"5,660",10/17/2025 6:19:00,8.8840,14.977
"5,661",10/17/2025 6:20:00,8.8861,14.977
"5,662",10/17/2025 6:21:00,8.8851,14.969
"5,663",10/17/2025 6:22:00,8.8851,14.984
"5,664",10/17/2025 6:23:00,8.8851,15.016
"5,665",10/17/2025 6:24:00,8.8851,15.055
"5,666",10/17/2025 6:25:00,8.8861,15.102
"5,667",10/17/2025 6:26:00,8.8861,15.148
"5,668",10/17/2025 6:27:00,8.8851,15.203
"5,669",10/17/2025 6:28:00,8.8861,15.258
"5,670",10/17/2025 6:29:00,8.8861,15.313
"5,671",10/17/2025 6:30:00,8.8871,15.359
"5,672",10/17/2025 6:31:00,8.8861,15.414
"5,673",10/17/2025 6:32:00,8.8871,15.469
"5,674",10/17/2025 6:33:00,8.8861,15.523
"5,675",10/17/2025 6:34:00,8.8861,15.563
"5,676",10/17/2025 6:35:00,8.8861,15.609
"5,677",10/17/2025 6:36:00,8.8871,15.648
"5,678",10/17/2025 6:37:00,8.8871,15.688
"5,679",10/17/2025 6:38:00,8.8871,15.734
"5,680",10/17/2025 6:39:00,8.8871,15.781
"5,681",10/17/2025 6:40:00,8.8861,15.836
"5,682",10/17/2025 6:41:00,8.8861,15.914
"5,683",10/17/2025 6:42:00,8.8871,16.008
"5,684",10/17/2025 6:43:00,8.8871,16.086
"5,685",10/17/2025 6:44:00,8.8861,16.172
"5,686",10/17/2025 6:45:00,8.8861,16.234
"5,687",10/17/2025 6:46:00,8.8871,16.305
"5,688",10/17/2025 6:47:00,8.8881,16.375
"5,689",10/17/2025 6:48:00,8.8881,16.430
"5,690",10/17/2025 6:49:00,8.8881,16.477
"5,691",10/17/2025 6:50:00,8.8891,16.523
"5,692",10/17/2025 6:51:00,8.8891,16.602
"5,693",10/17/2025 6:52:00,8.8881,16.695
"5,694",10/17/2025 6:53:00,8.8891,16.789
"5,695",10/17/2025 6:54:00,8.8881,16.898
"5,696",10/17/2025 6:55:00,8.8881,17.016
"5,697",10/17/2025 6:56:00,8.8871,17.156
"5,698",10/17/2025 6:57:00,8.8871,17.305
"5,699",10/17/2025 6:58:00,8.8871,17.445
"5,700",10/17/2025 6:59:00,8.8871,17.555
"5,701",10/17/2025 7:00:00,8.8851,17.680
"5,702",10/17/2025 7:01:00,8.8861,17.820
"5,703",10/17/2025 7:02:00,8.8861,17.992
"5,704",10/17/2025 7:03:00,8.8851,18.188
"5,705",10/17/2025 7:04:00,8.8851,18.398
"5,706",10/17/2025 7:05:00,8.8840,18.633
"5,707",10/17/2025 7:06:00,8.8840,18.867
"5,708",10/17/2025 7:07:00,8.8840,19.117
"5,709",10/17/2025 7:08:00,8.8830,19.367
"5,710",10/17/2025 7:09:00,8.8830,19.625
"5,711",10/17/2025 7:10:00,8.8820,19.844
"5,712",10/17/2025 7:11:00,8.8820,20.047
"5,713",10/17/2025 7:12:00,8.8820,20.273
"5,714",10/17/2025 7:13:00,8.8810,20.438
"5,715",10/17/2025 7:14:00,8.8810,20.586
"5,716",10/17/2025 7:15:00,8.8820,20.648
"5,717",10/17/2025 7:16:00,8.8820,20.656
"5,718",10/17/2025 7:17:00,8.8820,20.711
"5,719",10/17/2025 7:18:00,8.8820,20.820
"5,720",10/17/2025 7:19:00,8.8810,21.008
"5,721",10/17/2025 7:20:00,8.8800,21.266
"5,722",10/17/2025 7:21:00,8.8800,21.516
"5,723",10/17/2025 7:22:00,8.8790,21.672
"5,724",10/17/2025 7:23:00,8.8800,21.867
"5,725",10/17/2025 7:24:00,8.8800,22.102
"5,726",10/17/2025 7:25:00,8.8790,22.336
"5,727",10/17/2025 7:26:00,8.8790,22.578
"5,728",10/17/2025 7:27:00,8.8779,22.867
"5,729",10/17/2025 7:28:00,8.8769,23.141
"5,730",10/17/2025 7:29:00,8.8769,23.352
"5,731",10/17/2025 7:30:00,8.8759,23.531
"5,732",10/17/2025 7:31:00,8.8769,23.688
"5,733",10/17/2025 7:32:00,8.8759,23.828
"5,734",10/17/2025 7:33:00,8.8769,23.961
"5,735",10/17/2025 7:34:00,8.8759,24.125
"5,736",10/17/2025 7:35:00,8.8759,24.297
"5,737",10/17/2025 7:36:00,8.8749,24.477
"5,738",10/17/2025 7:37:00,8.8759,24.648
"5,739",10/17/2025 7:38:00,8.8759,24.844
"5,740",10/17/2025 7:39:00,8.8759,25.070
"5,741",10/17/2025 7:40:00,8.8749,25.305
"5,742",10/17/2025 7:41:00,8.8749,25.609
"5,743",10/17/2025 7:42:00,8.8749,25.914
"5,744",10/17/2025 7:43:00,8.8739,26.195
"5,745",10/17/2025 7:44:00,8.8728,26.492
"5,746",10/17/2025 7:45:00,8.8728,26.789
"5,747",10/17/2025 7:46:00,8.8728,27.063
"5,748",10/17/2025 7:47:00,8.8718,27.320
"5,749",10/17/2025 7:48:00,8.8718,27.602
"5,750",10/17/2025 7:49:00,8.8718,27.859
"5,751",10/17/2025 7:50:00,8.8708,28.109
"5,752",10/17/2025 7:51:00,8.8708,28.375
"5,753",10/17/2025 7:52:00,8.8698,28.609
"5,754",10/17/2025 7:53:00,8.8708,28.805
"5,755",10/17/2025 7:54:00,8.8708,28.992
"5,756",10/17/2025 7:55:00,8.8708,29.102
"5,757",10/17/2025 7:56:00,8.8698,29.063
"5,758",10/17/2025 7:57:00,8.8698,28.953
"5,759",10/17/2025 7:58:00,8.8708,28.906
"5,760",10/17/2025 7:59:00,8.8718,28.898
"5,761",10/17/2025 8:00:00,8.8708,29.023
"5,762",10/17/2025 8:01:00,8.8708,29.227
"5,763",10/17/2025 8:02:00,8.8708,29.422
"5,764",10/17/2025 8:03:00,8.8698,29.664
"5,765",10/17/2025 8:04:00,8.8698,29.938
"5,766",10/17/2025 8:05:00,8.8688,30.219
"5,767",10/17/2025 8:06:00,8.8677,30.539
"5,768",10/17/2025 8:07:00,8.8677,30.805
"5,769",10/17/2025 8:08:00,8.8677,30.977
"5,770",10/17/2025 8:09:00,8.8677,31.133
"5,771",10/17/2025 8:10:00,8.8688,31.313
"5,772",10/17/2025 8:11:00,8.8677,31.453
"5,773",10/17/2025 8:12:00,8.8677,31.617
"5,774",10/17/2025 8:13:00,8.8688,31.742
"5,775",10/17/2025 8:14:00,8.8698,31.734
"5,776",10/17/2025 8:15:00,8.8698,31.656
"5,777",10/17/2025 8:16:00,8.8698,31.523
"5,778",10/17/2025 8:17:00,8.8708,31.398
"5,779",10/17/2025 8:18:00,8.8718,31.227
"5,780",10/17/2025 8:19:00,8.8718,31.031
"5,781",10/17/2025 8:20:00,8.8718,30.836
"5,782",10/17/2025 8:21:00,8.8728,30.648
"5,783",10/17/2025 8:22:00,8.8718,30.523
"5,784",10/17/2025 8:23:00,8.8739,30.375
"5,785",10/17/2025 8:24:00,8.8739,30.250
"5,786",10/17/2025 8:25:00,8.8739,30.172
"5,787",10/17/2025 8:26:00,8.8728,30.258
"5,788",10/17/2025 8:27:00,8.8718,30.352
"5,789",10/17/2025 8:28:00,8.8718,30.523
"5,790",10/17/2025 8:29:00,8.8708,30.625
"5,791",10/17/2025 8:30:00,8.8718,30.664
"5,792",10/17/2025 8:31:00,8.8718,30.703
"5,793",10/17/2025 8:32:00,8.8718,30.797
"5,794",10/17/2025 8:33:00,8.8718,30.805
"5,795",10/17/2025 8:34:00,8.8708,30.836
"5,796",10/17/2025 8:35:00,8.8708,31.063
"5,797",10/17/2025 8:36:00,8.8698,31.359
"5,798",10/17/2025 8:37:00,8.8698,31.656
"5,799",10/17/2025 8:38:00,8.8688,31.914
"5,800",10/17/2025 8:39:00,8.8698,32.039
"5,801",10/17/2025 8:40:00,8.8698,32.117
"5,802",10/17/2025 8:41:00,8.8677,32.250
"5,803",10/17/2025 8:42:00,8.8688,32.328
"5,804",10/17/2025 8:43:00,8.8698,32.438
"5,805",10/17/2025 8:44:00,8.8677,32.461
"5,806",10/17/2025 8:45:00,8.8688,32.430
"5,807",10/17/2025 8:46:00,8.8688,32.461
"5,808",10/17/2025 8:47:00,8.8677,32.453
"5,809",10/17/2025 8:48:00,8.8667,32.445
"5,810",10/17/2025 8:49:00,8.8667,32.617
"5,811",10/17/2025 8:50:00,8.8667,32.844
"5,812",10/17/2025 8:51:00,8.8657,33.086
"5,813",10/17/2025 8:52:00,8.8647,33.391
"5,814",10/17/2025 8:53:00,8.8657,33.633
"5,815",10/17/2025 8:54:00,8.8657,33.727
"5,816",10/17/2025 8:55:00,8.8657,33.773
"5,817",10/17/2025 8:56:00,8.8667,33.797
"5,818",10/17/2025 8:57:00,8.8667,33.625
"5,819",10/17/2025 8:58:00,8.8657,33.305
"5,820",10/17/2025 8:59:00,8.8667,33.266
"5,821",10/17/2025 9:00:00,8.8657,33.484
"5,822",10/17/2025 9:01:00,8.8657,33.633
"5,823",10/17/2025 9:02:00,8.8657,33.586
"5,824",10/17/2025 9:03:00,8.8667,33.438
"5,825",10/17/2025 9:04:00,8.8637,33.359
"5,826",10/17/2025 9:05:00,8.8667,33.383
"5,827",10/17/2025 9:06:00,8.8647,33.461
"5,828",10/17/2025 9:07:00,8.8637,33.570
"5,829",10/17/2025 9:08:00,8.8647,33.531
"5,830",10/17/2025 9:09:00,8.8657,33.492
"5,831",10/17/2025 9:10:00,8.8637,33.531
"5,832",10/17/2025 9:11:00,8.8657,33.477
"5,833",10/17/2025 9:12:00,8.8657,33.383
"5,834",10/17/2025 9:13:00,8.8677,33.242
"5,835",10/17/2025 9:14:00,8.8657,33.047
"5,836",10/17/2025 9:15:00,8.8667,32.898
"5,837",10/17/2025 9:16:00,8.8677,32.680
"5,838",10/17/2025 9:17:00,8.8677,32.414
"5,839",10/17/2025 9:18:00,8.8667,32.188
"5,840",10/17/2025 9:19:00,8.8677,32.070
"5,841",10/17/2025 9:20:00,8.8677,31.953
"5,842",10/17/2025 9:21:00,8.8667,31.766
"5,843",10/17/2025 9:22:00,8.8677,31.711
"5,844",10/17/2025 9:23:00,8.8637,31.789
"5,845",10/17/2025 9:24:00,8.8657,31.938
"5,846",10/17/2025 9:25:00,8.8657,32.039
"5,847",10/17/2025 9:26:00,8.8657,32.031
"5,848",10/17/2025 9:27:00,8.8657,31.930
"5,849",10/17/2025 9:28:00,8.8667,31.828
"5,850",10/17/2025 9:29:00,8.8647,31.766
"5,851",10/17/2025 9:30:00,8.8637,31.672
"5,852",10/17/2025 9:31:00,8.8637,31.742
"5,853",10/17/2025 9:32:00,8.8667,31.773
"5,854",10/17/2025 9:33:00,8.8667,31.750
"5,855",10/17/2025 9:34:00,8.8667,31.734
"5,856",10/17/2025 9:35:00,8.8637,31.734
"5,857",10/17/2025 9:36:00,8.8647,31.789
"5,858",10/17/2025 9:37:00,8.8626,31.852
"5,859",10/17/2025 9:38:00,8.8637,31.953
"5,860",10/17/2025 9:39:00,8.8637,32.070
"5,861",10/17/2025 9:40:00,8.8647,32.188
"5,862",10/17/2025 9:41:00,8.8657,32.125
"5,863",10/17/2025 9:42:00,8.8657,31.938
"5,864",10/17/2025 9:43:00,8.8637,31.852
"5,865",10/17/2025 9:44:00,8.8647,31.883
"5,866",10/17/2025 9:45:00,8.8657,31.883
"5,867",10/17/2025 9:46:00,8.8677,31.914
"5,868",10/17/2025 9:47:00,8.8647,31.836
"5,869",10/17/2025 9:48:00,8.8657,31.727
"5,870",10/17/2025 9:49:00,8.8657,31.672
"5,871",10/17/2025 9:50:00,8.8637,31.695
"5,872",10/17/2025 9:51:00,8.8647,31.781
"5,873",10/17/2025 9:52:00,8.8647,31.828
"5,874",10/17/2025 9:53:00,8.8626,31.828
"5,875",10/17/2025 9:54:00,8.8657,31.789
"5,876",10/17/2025 9:55:00,8.8647,31.813
"5,877",10/17/2025 9:56:00,8.8637,31.852
"5,878",10/17/2025 9:57:00,8.8657,31.805
"5,879",10/17/2025 9:58:00,8.8657,31.828
"5,880",10/17/2025 9:59:00,8.8626,31.828
"5,881",10/17/2025 10:00:00,8.8647,31.813
"5,882",10/17/2025 10:01:00,8.8616,31.820
"5,883",10/17/2025 10:02:00,8.8637,31.813
"5,884",10/17/2025 10:03:00,8.8637,31.898
"5,885",10/17/2025 10:04:00,8.8616,32.109
"5,886",10/17/2025 10:05:00,8.8616,32.359
"5,887",10/17/2025 10:06:00,8.8596,32.617
"5,888",10/17/2025 10:07:00,8.8637,32.688
"5,889",10/17/2025 10:08:00,8.8616,32.703
"5,890",10/17/2025 10:09:00,8.8596,32.641
"5,891",10/17/2025 10:10:00,8.8606,32.633
"5,892",10/17/2025 10:11:00,8.8616,32.695
"5,893",10/17/2025 10:12:00,8.8606,32.750
"5,894",10/17/2025 10:13:00,8.8586,32.813
"5,895",10/17/2025 10:14:00,8.8596,32.906
"5,896",10/17/2025 10:15:00,8.8586,33.086
"5,897",10/17/2025 10:16:00,8.8596,33.242
"5,898",10/17/2025 10:17:00,8.8586,33.375
"5,899",10/17/2025 10:18:00,8.8586,33.547
"5,900",10/17/2025 10:19:00,8.8596,33.781
"5,901",10/17/2025 10:20:00,8.8586,33.938
"5,902",10/17/2025 10:21:00,8.8616,33.797
"5,903",10/17/2025 10:22:00,8.8596,33.547
"5,904",10/17/2025 10:23:00,8.8606,33.320
"5,905",10/17/2025 10:24:00,8.8606,33.172
"5,906",10/17/2025 10:25:00,8.8596,33.070
"5,907",10/17/2025 10:26:00,8.8586,33.023
"5,908",10/17/2025 10:27:00,8.8586,32.984
"5,909",10/17/2025 10:28:00,8.8596,32.961
"5,910",10/17/2025 10:29:00,8.8596,32.961
"5,911",10/17/2025 10:30:00,8.8596,33.039
"5,912",10/17/2025 10:31:00,8.8575,33.008
"5,913",10/17/2025 10:32:00,8.8586,33.047
"5,914",10/17/2025 10:33:00,8.8596,33.172
"5,915",10/17/2025 10:34:00,8.8586,33.164
"5,916",10/17/2025 10:35:00,8.8596,33.109
"5,917",10/17/2025 10:36:00,8.8596,33.133
"5,918",10/17/2025 10:37:00,8.8586,33.195
"5,919",10/17/2025 10:38:00,8.8586,33.188
"5,920",10/17/2025 10:39:00,8.8596,33.242
"5,921",10/17/2025 10:40:00,8.8565,33.352
"5,922",10/17/2025 10:41:00,8.8586,33.484
"5,923",10/17/2025 10:42:00,8.8596,33.555
"5,924",10/17/2025 10:43:00,8.8565,33.609
"5,925",10/17/2025 10:44:00,8.8575,33.711
"5,926",10/17/2025 10:45:00,8.8565,33.938
"5,927",10/17/2025 10:46:00,8.8565,34.227
"5,928",10/17/2025 10:47:00,8.8565,34.438
"5,929",10/17/2025 10:48:00,8.8565,34.477
"5,930",10/17/2025 10:49:00,8.8555,34.438
"5,931",10/17/2025 10:50:00,8.8545,34.547
"5,932",10/17/2025 10:51:00,8.8565,34.727
"5,933",10/17/2025 10:52:00,8.8545,34.773
"5,934",10/17/2025 10:53:00,8.8555,34.852
"5,935",10/17/2025 10:54:00,8.8565,34.828
"5,936",10/17/2025 10:55:00,8.8555,34.805
"5,937",10/17/2025 10:56:00,8.8545,34.766
"5,938",10/17/2025 10:57:00,8.8545,34.797
"5,939",10/17/2025 10:58:00,8.8545,34.922
"5,940",10/17/2025 10:59:00,8.8555,35.086
"5,941",10/17/2025 11:00:00,8.8545,35.109
"5,942",10/17/2025 11:01:00,8.8545,35.031
"5,943",10/17/2025 11:02:00,8.8545,34.969
"5,944",10/17/2025 11:03:00,8.8535,34.938
"5,945",10/17/2025 11:04:00,8.8545,34.992
"5,946",10/17/2025 11:05:00,8.8524,35.023
"5,947",10/17/2025 11:06:00,8.8535,35.070
"5,948",10/17/2025 11:07:00,8.8545,35.000
"5,949",10/17/2025 11:08:00,8.8545,34.891
"5,950",10/17/2025 11:09:00,8.8535,34.875
"5,951",10/17/2025 11:10:00,8.8535,34.977
"5,952",10/17/2025 11:11:00,8.8524,35.148
"5,953",10/17/2025 11:12:00,8.8514,35.313
"5,954",10/17/2025 11:13:00,8.8524,35.352
"5,955",10/17/2025 11:14:00,8.8514,35.398
"5,956",10/17/2025 11:15:00,8.8524,35.484
"5,957",10/17/2025 11:16:00,8.8524,35.516
"5,958",10/17/2025 11:17:00,8.8545,35.469
"5,959",10/17/2025 11:18:00,8.8535,35.359
"5,960",10/17/2025 11:19:00,8.8524,35.227
"5,961",10/17/2025 11:20:00,8.8504,35.289
"5,962",10/17/2025 11:21:00,8.8504,35.289
"5,963",10/17/2025 11:22:00,8.8514,35.234
"5,964",10/17/2025 11:23:00,8.8514,35.188
"5,965",10/17/2025 11:24:00,8.8514,35.195
"5,966",10/17/2025 11:25:00,8.8504,35.242
"5,967",10/17/2025 11:26:00,8.8514,35.344
"5,968",10/17/2025 11:27:00,8.8524,35.281
"5,969",10/17/2025 11:28:00,8.8514,35.086
"5,970",10/17/2025 11:29:00,8.8514,34.977
"5,971",10/17/2025 11:30:00,8.8504,35.008
"5,972",10/17/2025 11:31:00,8.8524,34.984
"5,973",10/17/2025 11:32:00,8.8524,34.797
"5,974",10/17/2025 11:33:00,8.8524,34.641
"5,975",10/17/2025 11:34:00,8.8514,34.539
"5,976",10/17/2025 11:35:00,8.8504,34.523
"5,977",10/17/2025 11:36:00,8.8524,34.523
"5,978",10/17/2025 11:37:00,8.8514,34.531
"5,979",10/17/2025 11:38:00,8.8514,34.508
"5,980",10/17/2025 11:39:00,8.8504,34.500
"5,981",10/17/2025 11:40:00,8.8514,34.523
"5,982",10/17/2025 11:41:00,8.8514,34.445
"5,983",10/17/2025 11:42:00,8.8524,34.281
"5,984",10/17/2025 11:43:00,8.8514,34.133
"5,985",10/17/2025 11:44:00,8.8494,34.086
"5,986",10/17/2025 11:45:00,8.8504,34.188
"5,987",10/17/2025 11:46:00,8.8494,34.336
"5,988",10/17/2025 11:47:00,8.8484,34.625
"5,989",10/17/2025 11:48:00,8.8504,34.813
"5,990",10/17/2025 11:49:00,8.8494,34.945
"5,991",10/17/2025 11:50:00,8.8474,35.094
"5,992",10/17/2025 11:51:00,8.8463,35.273
"5,993",10/17/2025 11:52:00,8.8433,35.586
"5,994",10/17/2025 11:53:00,8.8443,35.930
"5,995",10/17/2025 11:54:00,8.8463,36.086
"5,996",10/17/2025 11:55:00,8.8443,36.141
"5,997",10/17/2025 11:56:00,8.8453,36.234
"5,998",10/17/2025 11:57:00,8.8453,36.422
"5,999",10/17/2025 11:58:00,8.8412,36.688
"6,000",10/17/2025 11:59:00,8.8443,36.984
"6,001",10/17/2025 12:00:00,8.8412,37.203
"6,002",10/17/2025 12:01:00,8.8423,37.422
"6,003",10/17/2025 12:02:00,8.8433,37.539
"6,004",10/17/2025 12:03:00,8.8423,37.664
"6,005",10/17/2025 12:04:00,8.8433,37.727
"6,006",10/17/2025 12:05:00,8.8423,37.664
"6,007",10/17/2025 12:06:00,8.8433,37.703
"6,008",10/17/2025 12:07:00,8.8423,37.672
"6,009",10/17/2025 12:08:00,8.8423,37.648
"6,010",10/17/2025 12:09:00,8.8412,37.648
"6,011",10/17/2025 12:10:00,8.8423,37.664
"6,012",10/17/2025 12:11:00,8.8412,37.727
"6,013",10/17/2025 12:12:00,8.8402,37.789
"6,014",10/17/2025 12:13:00,8.8402,37.922
"6,015",10/17/2025 12:14:00,8.8392,38.094
"6,016",10/17/2025 12:15:00,8.8382,38.227
"6,017",10/17/2025 12:16:00,8.8372,38.250
"6,018",10/17/2025 12:17:00,8.8372,38.391
"6,019",10/17/2025 12:18:00,8.8382,38.547
"6,020",10/17/2025 12:19:00,8.8382,38.758
"6,021",10/17/2025 12:20:00,8.8372,38.914
"6,022",10/17/2025 12:21:00,8.8382,38.938
"6,023",10/17/2025 12:22:00,8.8392,38.945
"6,024",10/17/2025 12:23:00,8.8372,38.906
"6,025",10/17/2025 12:24:00,8.8361,38.969
"6,026",10/17/2025 12:25:00,8.8382,38.906
"6,027",10/17/2025 12:26:00,8.8372,38.891
"6,028",10/17/2025 12:27:00,8.8372,38.797
"6,029",10/17/2025 12:28:00,8.8382,38.547
"6,030",10/17/2025 12:29:00,8.8372,38.219
"6,031",10/17/2025 12:30:00,8.8392,37.836
"6,032",10/17/2025 12:31:00,8.8392,37.508
"6,033",10/17/2025 12:32:00,8.8382,37.391
"6,034",10/17/2025 12:33:00,8.8392,37.367
"6,035",10/17/2025 12:34:00,8.8372,37.320
"6,036",10/17/2025 12:35:00,8.8361,37.344
"6,037",10/17/2025 12:36:00,8.8372,37.313
"6,038",10/17/2025 12:37:00,8.8361,37.344
"6,039",10/17/2025 12:38:00,8.8351,37.539
"6,040",10/17/2025 12:39:00,8.8361,37.828
"6,041",10/17/2025 12:40:00,8.8341,37.930
"6,042",10/17/2025 12:41:00,8.8341,37.852
"6,043",10/17/2025 12:42:00,8.8351,37.766
"6,044",10/17/2025 12:43:00,8.8361,37.625
"6,045",10/17/2025 12:44:00,8.8361,37.367
"6,046",10/17/2025 12:45:00,8.8361,37.117
"6,047",10/17/2025 12:46:00,8.8351,36.992
"6,048",10/17/2025 12:47:00,8.8382,36.805
"6,049",10/17/2025 12:48:00,8.8361,36.484
"6,050",10/17/2025 12:49:00,8.8361,36.188
"6,051",10/17/2025 12:50:00,8.8351,35.797
"6,052",10/17/2025 12:51:00,8.8372,35.492
"6,053",10/17/2025 12:52:00,8.8341,35.438
"6,054",10/17/2025 12:53:00,8.8351,35.656
"6,055",10/17/2025 12:54:00,8.8331,35.906
"6,056",10/17/2025 12:55:00,8.8341,36.250
"6,057",10/17/2025 12:56:00,8.8351,36.500
"6,058",10/17/2025 12:57:00,8.8341,36.688
"6,059",10/17/2025 12:58:00,8.8310,36.969
"6,060",10/17/2025 12:59:00,8.8310,37.352
"6,061",10/17/2025 13:00:00,8.8321,37.688
"6,062",10/17/2025 13:01:00,8.8321,37.984
"6,063",10/17/2025 13:02:00,8.8300,38.289
"6,064",10/17/2025 13:03:00,8.8290,38.477
"6,065",10/17/2025 13:04:00,8.8290,38.703
"6,066",10/17/2025 13:05:00,8.8290,38.867
"6,067",10/17/2025 13:06:00,8.8270,38.953
"6,068",10/17/2025 13:07:00,8.8290,39.016
"6,069",10/17/2025 13:08:00,8.8280,39.148
"6,070",10/17/2025 13:09:00,8.8259,39.281
"6,071",10/17/2025 13:10:00,8.8259,39.438
"6,072",10/17/2025 13:11:00,8.8270,39.656
"6,073",10/17/2025 13:12:00,8.8259,39.867
"6,074",10/17/2025 13:13:00,8.8249,40.109
"6,075",10/17/2025 13:14:00,8.8239,40.313
"6,076",10/17/2025 13:15:00,8.8229,40.484
"6,077",10/17/2025 13:16:00,8.8239,40.602
"6,078",10/17/2025 13:17:00,8.8239,40.617
"6,079",10/17/2025 13:18:00,8.8249,40.656
"6,080",10/17/2025 13:19:00,8.8249,40.609
"6,081",10/17/2025 13:20:00,8.8249,40.422
"6,082",10/17/2025 13:21:00,8.8259,40.117
"6,083",10/17/2025 13:22:00,8.8259,39.805
"6,084",10/17/2025 13:23:00,8.8270,39.453
"6,085",10/17/2025 13:24:00,8.8259,39.219
"6,086",10/17/2025 13:25:00,8.8249,38.992
"6,087",10/17/2025 13:26:00,8.8249,38.688
"6,088",10/17/2025 13:27:00,8.8239,38.445
"6,089",10/17/2025 13:28:00,8.8259,38.320
"6,090",10/17/2025 13:29:00,8.8259,38.211
"6,091",10/17/2025 13:30:00,8.8239,38.195
"6,092",10/17/2025 13:31:00,8.8219,38.383
"6,093",10/17/2025 13:32:00,8.8239,38.672
"6,094",10/17/2025 13:33:00,8.8229,38.930
"6,095",10/17/2025 13:34:00,8.8229,39.141
"6,096",10/17/2025 13:35:00,8.8219,39.313
"6,097",10/17/2025 13:36:00,8.8219,39.398
"6,098",10/17/2025 13:37:00,8.8219,39.547
"6,099",10/17/2025 13:38:00,8.8208,39.719
"6,100",10/17/2025 13:39:00,8.8208,39.977
"6,101",10/17/2025 13:40:00,8.8188,40.219
"6,102",10/17/2025 13:41:00,8.8198,40.422
"6,103",10/17/2025 13:42:00,8.8188,40.648
"6,104",10/17/2025 13:43:00,8.8188,40.875
"6,105",10/17/2025 13:44:00,8.8208,41.086
"6,106",10/17/2025 13:45:00,8.8198,41.078
"6,107",10/17/2025 13:46:00,8.8198,40.867
"6,108",10/17/2025 13:47:00,8.8198,40.633
"6,109",10/17/2025 13:48:00,8.8198,40.383
"6,110",10/17/2025 13:49:00,8.8188,40.227
"6,111",10/17/2025 13:50:00,8.8198,40.063
"6,112",10/17/2025 13:51:00,8.8188,39.891
"6,113",10/17/2025 13:52:00,8.8208,39.742
"6,114",10/17/2025 13:53:00,8.8208,39.648
"6,115",10/17/2025 13:54:00,8.8219,39.531
"6,116",10/17/2025 13:55:00,8.8208,39.344
"6,117",10/17/2025 13:56:00,8.8208,39.352
"6,118",10/17/2025 13:57:00,8.8198,39.500
"6,119",10/17/2025 13:58:00,8.8198,39.609
"6,120",10/17/2025 13:59:00,8.8188,39.602
"6,121",10/17/2025 14:00:00,8.8198,39.469
"6,122",10/17/2025 14:01:00,8.8208,39.305
"6,123",10/17/2025 14:02:00,8.8208,39.078
"6,124",10/17/2025 14:03:00,8.8229,38.750
"6,125",10/17/2025 14:04:00,8.8219,38.320
"6,126",10/17/2025 14:05:00,8.8229,38.008
"6,127",10/17/2025 14:06:00,8.8208,37.867
"6,128",10/17/2025 14:07:00,8.8219,37.711
"6,129",10/17/2025 14:08:00,8.8239,37.555
"6,130",10/17/2025 14:09:00,8.8208,37.367
"6,131",10/17/2025 14:10:00,8.8219,37.313
"6,132",10/17/2025 14:11:00,8.8198,37.469
"6,133",10/17/2025 14:12:00,8.8229,37.539
"6,134",10/17/2025 14:13:00,8.8229,37.500
"6,135",10/17/2025 14:14:00,8.8208,37.742
"6,136",10/17/2025 14:15:00,8.8188,38.055
"6,137",10/17/2025 14:16:00,8.8198,38.391
"6,138",10/17/2025 14:17:00,8.8188,38.742
"6,139",10/17/2025 14:18:00,8.8168,39.047
"6,140",10/17/2025 14:19:00,8.8168,39.289
"6,141",10/17/2025 14:20:00,8.8178,39.555
"6,142",10/17/2025 14:21:00,8.8157,39.867
"6,143",10/17/2025 14:22:00,8.8147,40.203
"6,144",10/17/2025 14:23:00,8.8147,40.469
"6,145",10/17/2025 14:24:00,8.8147,40.727
"6,146",10/17/2025 14:25:00,8.8157,40.961
"6,147",10/17/2025 14:26:00,8.8168,41.109
"6,148",10/17/2025 14:27:00,8.8157,41.211
"6,149",10/17/2025 14:28:00,8.8157,41.375
"6,150",10/17/2025 14:29:00,8.8137,41.539
"6,151",10/17/2025 14:30:00,8.8147,41.750
"6,152",10/17/2025 14:31:00,8.8137,41.844
"6,153",10/17/2025 14:32:00,8.8137,41.641
"6,154",10/17/2025 14:33:00,8.8157,41.328
"6,155",10/17/2025 14:34:00,8.8157,40.945
"6,156",10/17/2025 14:35:00,8.8168,40.516
"6,157",10/17/2025 14:36:00,8.8188,40.000
"6,158",10/17/2025 14:37:00,8.8178,39.445
"6,159",10/17/2025 14:38:00,8.8168,38.961
"6,160",10/17/2025 14:39:00,8.8188,38.563
"6,161",10/17/2025 14:40:00,8.8198,38.164
"6,162",10/17/2025 14:41:00,8.8188,37.789
"6,163",10/17/2025 14:42:00,8.8188,37.484
"6,164",10/17/2025 14:43:00,8.8198,37.203
"6,165",10/17/2025 14:44:00,8.8198,36.969
"6,166",10/17/2025 14:45:00,8.8208,36.898
"6,167",10/17/2025 14:46:00,8.8188,36.922
"6,168",10/17/2025 14:47:00,8.8178,37.008
"6,169",10/17/2025 14:48:00,8.8178,37.055
"6,170",10/17/2025 14:49:00,8.8178,37.109
"6,171",10/17/2025 14:50:00,8.8178,37.289
"6,172",10/17/2025 14:51:00,8.8178,37.438
"6,173",10/17/2025 14:52:00,8.8168,37.531
"6,174",10/17/2025 14:53:00,8.8178,37.695
"6,175",10/17/2025 14:54:00,8.8147,37.758
"6,176",10/17/2025 14:55:00,8.8168,37.805
"6,177",10/17/2025 14:56:00,8.8157,37.859
"6,178",10/17/2025 14:57:00,8.8157,37.945
"6,179",10/17/2025 14:58:00,8.8147,38.133
"6,180",10/17/2025 14:59:00,8.8147,38.297
"6,181",10/17/2025 15:00:00,8.8137,38.484
"6,182",10/17/2025 15:01:00,8.8127,38.703
"6,183",10/17/2025 15:02:00,8.8147,38.820
"6,184",10/17/2025 15:03:00,8.8137,38.852
"6,185",10/17/2025 15:04:00,8.8147,38.813
"6,186",10/17/2025 15:05:00,8.8147,38.656
"6,187",10/17/2025 15:06:00,8.8147,38.477
"6,188",10/17/2025 15:07:00,8.8157,38.195
"6,189",10/17/2025 15:08:00,8.8168,37.844
"6,190",10/17/2025 15:09:00,8.8168,37.500
"6,191",10/17/2025 15:10:00,8.8157,37.375
"6,192",10/17/2025 15:11:00,8.8168,37.406
"6,193",10/17/2025 15:12:00,8.8157,37.477
"6,194",10/17/2025 15:13:00,8.8147,37.500
"6,195",10/17/2025 15:14:00,8.8147,37.438
"6,196",10/17/2025 15:15:00,8.8147,37.336
"6,197",10/17/2025 15:16:00,8.8157,37.211
"6,198",10/17/2025 15:17:00,8.8168,37.055
"6,199",10/17/2025 15:18:00,8.8157,36.992
"6,200",10/17/2025 15:19:00,8.8168,36.977
"6,201",10/17/2025 15:20:00,8.8157,36.992
"6,202",10/17/2025 15:21:00,8.8157,37.078
"6,203",10/17/2025 15:22:00,8.8147,37.227
"6,204",10/17/2025 15:23:00,8.8137,37.359
"6,205",10/17/2025 15:24:00,8.8147,37.438
"6,206",10/17/2025 15:25:00,8.8147,37.445
"6,207",10/17/2025 15:26:00,8.8147,37.375
"6,208",10/17/2025 15:27:00,8.8147,37.320
"6,209",10/17/2025 15:28:00,8.8137,37.273
"6,210",10/17/2025 15:29:00,8.8137,37.242
"6,211",10/17/2025 15:30:00,8.8137,37.180
"6,212",10/17/2025 15:31:00,8.8157,37.102
"6,213",10/17/2025 15:32:00,8.8147,37.000
"6,214",10/17/2025 15:33:00,8.8147,36.875
"6,215",10/17/2025 15:34:00,8.8168,36.750
"6,216",10/17/2025 15:35:00,8.8147,36.688
"6,217",10/17/2025 15:36:00,8.8147,36.617
"6,218",10/17/2025 15:37:00,8.8157,36.531
"6,219",10/17/2025 15:38:00,8.8157,36.367
"6,220",10/17/2025 15:39:00,8.8157,36.227
"6,221",10/17/2025 15:40:00,8.8157,36.070
"6,222",10/17/2025 15:41:00,8.8147,35.969
"6,223",10/17/2025 15:42:00,8.8147,35.922
"6,224",10/17/2025 15:43:00,8.8147,35.844
"6,225",10/17/2025 15:44:00,8.8137,35.781
"6,226",10/17/2025 15:45:00,8.8157,35.766
"6,227",10/17/2025 15:46:00,8.8168,35.766
"6,228",10/17/2025 15:47:00,8.8127,35.805
"6,229",10/17/2025 15:48:00,8.8147,35.898
"6,230",10/17/2025 15:49:00,8.8137,35.984
"6,231",10/17/2025 15:50:00,8.8137,36.070
"6,232",10/17/2025 15:51:00,8.8137,36.203
"6,233",10/17/2025 15:52:00,8.8137,36.313
"6,234",10/17/2025 15:53:00,8.8127,36.398
"6,235",10/17/2025 15:54:00,8.8137,36.367
"6,236",10/17/2025 15:55:00,8.8127,36.297
"6,237",10/17/2025 15:56:00,8.8127,36.281
"6,238",10/17/2025 15:57:00,8.8127,36.352
"6,239",10/17/2025 15:58:00,8.8127,36.406
"6,240",10/17/2025 15:59:00,8.8117,36.422
"6,241",10/17/2025 16:00:00,8.8127,36.492
"6,242",10/17/2025 16:01:00,8.8117,36.602
"6,243",10/17/2025 16:02:00,8.8107,36.703
"6,244",10/17/2025 16:03:00,8.8107,36.789
"6,245",10/17/2025 16:04:00,8.8107,36.844
"6,246",10/17/2025 16:05:00,8.8117,36.891
"6,247",10/17/2025 16:06:00,8.8107,36.922
"6,248",10/17/2025 16:07:00,8.8096,36.938
"6,249",10/17/2025 16:08:00,8.8107,36.938
"6,250",10/17/2025 16:09:00,8.8107,36.898
"6,251",10/17/2025 16:10:00,8.8096,36.867
"6,252",10/17/2025 16:11:00,8.8096,36.891
"6,253",10/17/2025 16:12:00,8.8117,36.898
"6,254",10/17/2025 16:13:00,8.8096,36.914
"6,255",10/17/2025 16:14:00,8.8096,36.922
"6,256",10/17/2025 16:15:00,8.8096,36.914
"6,257",10/17/2025 16:16:00,8.8117,36.891
"6,258",10/17/2025 16:17:00,8.8107,36.883
"6,259",10/17/2025 16:18:00,8.8117,36.883
"6,260",10/17/2025 16:19:00,8.8117,36.820
"6,261",10/17/2025 16:20:00,8.8096,36.703
"6,262",10/17/2025 16:21:00,8.8117,36.531
"6,263",10/17/2025 16:22:00,8.8107,36.375
"6,264",10/17/2025 16:23:00,8.8117,36.227
"6,265",10/17/2025 16:24:00,8.8117,36.086
"6,266",10/17/2025 16:25:00,8.8137,36.000
"6,267",10/17/2025 16:26:00,8.8127,35.930
"6,268",10/17/2025 16:27:00,8.8127,35.883
"6,269",10/17/2025 16:28:00,8.8117,35.820
"6,270",10/17/2025 16:29:00,8.8127,35.789
"6,271",10/17/2025 16:30:00,8.8117,35.742
"6,272",10/17/2025 16:31:00,8.8127,35.727
"6,273",10/17/2025 16:32:00,8.8117,35.727
"6,274",10/17/2025 16:33:00,8.8127,35.750
"6,275",10/17/2025 16:34:00,8.8127,35.750
"6,276",10/17/2025 16:35:00,8.8127,35.758
"6,277",10/17/2025 16:36:00,8.8137,35.742
"6,278",10/17/2025 16:37:00,8.8117,35.703
"6,279",10/17/2025 16:38:00,8.8117,35.664
"6,280",10/17/2025 16:39:00,8.8127,35.617
"6,281",10/17/2025 16:40:00,8.8127,35.539
"6,282",10/17/2025 16:41:00,8.8137,35.477
"6,283",10/17/2025 16:42:00,8.8117,35.438
"6,284",10/17/2025 16:43:00,8.8117,35.406
"6,285",10/17/2025 16:44:00,8.8127,35.352
"6,286",10/17/2025 16:45:00,8.8107,35.305
"6,287",10/17/2025 16:46:00,8.8117,35.273
"6,288",10/17/2025 16:47:00,8.8107,35.234
"6,289",10/17/2025 16:48:00,8.8127,35.188
"6,290",10/17/2025 16:49:00,8.8127,35.141
"6,291",10/17/2025 16:50:00,8.8137,35.102
"6,292",10/17/2025 16:51:00,8.8127,35.023
"6,293",10/17/2025 16:52:00,8.8127,34.922
"6,294",10/17/2025 16:53:00,8.8137,34.828
"6,295",10/17/2025 16:54:00,8.8117,34.742
"6,296",10/17/2025 16:55:00,8.8127,34.672
"6,297",10/17/2025 16:56:00,8.8137,34.609
"6,298",10/17/2025 16:57:00,8.8117,34.563
"6,299",10/17/2025 16:58:00,8.8137,34.516
"6,300",10/17/2025 16:59:00,8.8137,34.492
"6,301",10/17/2025 17:00:00,8.8137,34.484
"6,302",10/17/2025 17:01:00,8.8127,34.461
"6,303",10/17/2025 17:02:00,8.8157,34.438
"6,304",10/17/2025 17:03:00,8.8147,34.398
"6,305",10/17/2025 17:04:00,8.8157,34.328
"6,306",10/17/2025 17:05:00,8.8147,34.258
"6,307",10/17/2025 17:06:00,8.8147,34.211
"6,308",10/17/2025 17:07:00,8.8147,34.156
"6,309",10/17/2025 17:08:00,8.8157,34.094
"6,310",10/17/2025 17:09:00,8.8157,34.023
"6,311",10/17/2025 17:10:00,8.8157,33.961
"6,312",10/17/2025 17:11:00,8.8168,33.891
"6,313",10/17/2025 17:12:00,8.8168,33.820
"6,314",10/17/2025 17:13:00,8.8168,33.758
"6,315",10/17/2025 17:14:00,8.8168,33.695
"6,316",10/17/2025 17:15:00,8.8168,33.648
"6,317",10/17/2025 17:16:00,8.8157,33.609
"6,318",10/17/2025 17:17:00,8.8168,33.547
"6,319",10/17/2025 17:18:00,8.8178,33.492
"6,320",10/17/2025 17:19:00,8.8168,33.430
"6,321",10/17/2025 17:20:00,8.8178,33.383
"6,322",10/17/2025 17:21:00,8.8178,33.336
"6,323",10/17/2025 17:22:00,8.8178,33.289
"6,324",10/17/2025 17:23:00,8.8198,33.242
"6,325",10/17/2025 17:24:00,8.8178,33.211
"6,326",10/17/2025 17:25:00,8.8188,33.180
"6,327",10/17/2025 17:26:00,8.8157,33.164
"6,328",10/17/2025 17:27:00,8.8178,33.133
"6,329",10/17/2025 17:28:00,8.8188,33.125
"6,330",10/17/2025 17:29:00,8.8188,33.102
"6,331",10/17/2025 17:30:00,8.8178,33.055
"6,332",10/17/2025 17:31:00,8.8198,33.000
"6,333",10/17/2025 17:32:00,8.8188,32.953
"6,334",10/17/2025 17:33:00,8.8198,32.914
"6,335",10/17/2025 17:34:00,8.8188,32.859
"6,336",10/17/2025 17:35:00,8.8208,32.820
"6,337",10/17/2025 17:36:00,8.8219,32.797
"6,338",10/17/2025 17:37:00,8.8208,32.766
"6,339",10/17/2025 17:38:00,8.8219,32.727
"6,340",10/17/2025 17:39:00,8.8208,32.680
"6,341",10/17/2025 17:40:00,8.8208,32.625
"6,342",10/17/2025 17:41:00,8.8219,32.578
"6,343",10/17/2025 17:42:00,8.8208,32.523
"6,344",10/17/2025 17:43:00,8.8208,32.484
"6,345",10/17/2025 17:44:00,8.8208,32.445
"6,346",10/17/2025 17:45:00,8.8219,32.406
"6,347",10/17/2025 17:46:00,8.8229,32.367
"6,348",10/17/2025 17:47:00,8.8208,32.336
"6,349",10/17/2025 17:48:00,8.8208,32.313
"6,350",10/17/2025 17:49:00,8.8219,32.289
"6,351",10/17/2025 17:50:00,8.8219,32.281
"6,352",10/17/2025 17:51:00,8.8219,32.273
"6,353",10/17/2025 17:52:00,8.8219,32.258
"6,354",10/17/2025 17:53:00,8.8219,32.227
"6,355",10/17/2025 17:54:00,8.8249,32.211
"6,356",10/17/2025 17:55:00,8.8229,32.195
"6,357",10/17/2025 17:56:00,8.8229,32.141
"6,358",10/17/2025 17:57:00,8.8229,32.102
"6,359",10/17/2025 17:58:00,8.8239,32.039
"6,360",10/17/2025 17:59:00,8.8229,31.984
"6,361",10/17/2025 18:00:00,8.8239,31.945
"6,362",10/17/2025 18:01:00,8.8249,31.914
"6,363",10/17/2025 18:02:00,8.8249,31.883
"6,364",10/17/2025 18:03:00,8.8259,31.852
"6,365",10/17/2025 18:04:00,8.8249,31.828
"6,366",10/17/2025 18:05:00,8.8259,31.797
"6,367",10/17/2025 18:06:00,8.8259,31.727
"6,368",10/17/2025 18:07:00,8.8259,31.680
"6,369",10/17/2025 18:08:00,8.8249,31.633
"6,370",10/17/2025 18:09:00,8.8259,31.547
"6,371",10/17/2025 18:10:00,8.8270,31.469
"6,372",10/17/2025 18:11:00,8.8270,31.422
"6,373",10/17/2025 18:12:00,8.8270,31.359
"6,374",10/17/2025 18:13:00,8.8259,31.289
"6,375",10/17/2025 18:14:00,8.8270,31.234
"6,376",10/17/2025 18:15:00,8.8280,31.188
"6,377",10/17/2025 18:16:00,8.8280,31.172
"6,378",10/17/2025 18:17:00,8.8290,31.156
"6,379",10/17/2025 18:18:00,8.8280,31.141
"6,380",10/17/2025 18:19:00,8.8290,31.109
"6,381",10/17/2025 18:20:00,8.8280,31.047
"6,382",10/17/2025 18:21:00,8.8280,31.008
"6,383",10/17/2025 18:22:00,8.8280,30.984
"6,384",10/17/2025 18:23:00,8.8280,30.977
"6,385",10/17/2025 18:24:00,8.8290,30.961
"6,386",10/17/2025 18:25:00,8.8290,30.945
"6,387",10/17/2025 18:26:00,8.8300,30.930
"6,388",10/17/2025 18:27:00,8.8300,30.898
"6,389",10/17/2025 18:28:00,8.8290,30.875
"6,390",10/17/2025 18:29:00,8.8290,30.859
"6,391",10/17/2025 18:30:00,8.8300,30.844
"6,392",10/17/2025 18:31:00,8.8300,30.820
"6,393",10/17/2025 18:32:00,8.8310,30.789
"6,394",10/17/2025 18:33:00,8.8290,30.758
"6,395",10/17/2025 18:34:00,8.8300,30.719
"6,396",10/17/2025 18:35:00,8.8310,30.695
"6,397",10/17/2025 18:36:00,8.8310,30.656
"6,398",10/17/2025 18:37:00,8.8300,30.602
"6,399",10/17/2025 18:38:00,8.8310,30.547
"6,400",10/17/2025 18:39:00,8.8331,30.500
"6,401",10/17/2025 18:40:00,8.8321,30.469
"6,402",10/17/2025 18:41:00,8.8321,30.453
"6,403",10/17/2025 18:42:00,8.8331,30.414
"6,404",10/17/2025 18:43:00,8.8331,30.367
"6,405",10/17/2025 18:44:00,8.8331,30.320
"6,406",10/17/2025 18:45:00,8.8321,30.281
"6,407",10/17/2025 18:46:00,8.8341,30.227
"6,408",10/17/2025 18:47:00,8.8341,30.164
"6,409",10/17/2025 18:48:00,8.8351,30.109
"6,410",10/17/2025 18:49:00,8.8341,30.055
"6,411",10/17/2025 18:50:00,8.8341,30.008
"6,412",10/17/2025 18:51:00,8.8351,29.977
"6,413",10/17/2025 18:52:00,8.8341,29.938
"6,414",10/17/2025 18:53:00,8.8351,29.906
"6,415",10/17/2025 18:54:00,8.8341,29.883
"6,416",10/17/2025 18:55:00,8.8361,29.867
"6,417",10/17/2025 18:56:00,8.8361,29.852
"6,418",10/17/2025 18:57:00,8.8361,29.844
"6,419",10/17/2025 18:58:00,8.8351,29.813
"6,420",10/17/2025 18:59:00,8.8361,29.789
"6,421",10/17/2025 19:00:00,8.8361,29.742
"6,422",10/17/2025 19:01:00,8.8372,29.703
"6,423",10/17/2025 19:02:00,8.8361,29.648
"6,424",10/17/2025 19:03:00,8.8372,29.492
"6,425",10/17/2025 19:04:00,8.8392,29.258
"6,426",10/17/2025 19:05:00,8.8392,29.016
"6,427",10/17/2025 19:06:00,8.8392,28.758
"6,428",10/17/2025 19:07:00,8.8402,28.523
"6,429",10/17/2025 19:08:00,8.8402,28.305
"6,430",10/17/2025 19:09:00,8.8412,28.078
"6,431",10/17/2025 19:10:00,8.8433,27.852
"6,432",10/17/2025 19:11:00,8.8423,27.609
"6,433",10/17/2025 19:12:00,8.8423,27.398
"6,434",10/17/2025 19:13:00,8.8423,27.172
"6,435",10/17/2025 19:14:00,8.8433,26.969
"6,436",10/17/2025 19:15:00,8.8433,26.773
"6,437",10/17/2025 19:16:00,8.8443,26.602
"6,438",10/17/2025 19:17:00,8.8453,26.461
"6,439",10/17/2025 19:18:00,8.8443,26.328
"6,440",10/17/2025 19:19:00,8.8463,26.195
"6,441",10/17/2025 19:20:00,8.8453,26.086
"6,442",10/17/2025 19:21:00,8.8474,25.961
"6,443",10/17/2025 19:22:00,8.8463,25.844
"6,444",10/17/2025 19:23:00,8.8463,25.742
"6,445",10/17/2025 19:24:00,8.8474,25.648
"6,446",10/17/2025 19:25:00,8.8474,25.539
"6,447",10/17/2025 19:26:00,8.8474,25.414
"6,448",10/17/2025 19:27:00,8.8474,25.305
"6,449",10/17/2025 19:28:00,8.8494,25.203
"6,450",10/17/2025 19:29:00,8.8494,25.109
"6,451",10/17/2025 19:30:00,8.8484,25.016
"6,452",10/17/2025 19:31:00,8.8484,24.922
"6,453",10/17/2025 19:32:00,8.8494,24.844
"6,454",10/17/2025 19:33:00,8.8504,24.766
"6,455",10/17/2025 19:34:00,8.8504,24.688
"6,456",10/17/2025 19:35:00,8.8504,24.602
"6,457",10/17/2025 19:36:00,8.8514,24.516
"6,458",10/17/2025 19:37:00,8.8514,24.445
"6,459",10/17/2025 19:38:00,8.8524,24.383
"6,460",10/17/2025 19:39:00,8.8524,24.320
"6,461",10/17/2025 19:40:00,8.8514,24.258
"6,462",10/17/2025 19:41:00,8.8524,24.180
"6,463",10/17/2025 19:42:00,8.8524,24.125
"6,464",10/17/2025 19:43:00,8.8524,24.078
"6,465",10/17/2025 19:44:00,8.8524,24.016
"6,466",10/17/2025 19:45:00,8.8524,23.961
"6,467",10/17/2025 19:46:00,8.8524,23.914
"6,468",10/17/2025 19:47:00,8.8524,23.859
"6,469",10/17/2025 19:48:00,8.8545,23.805
"6,470",10/17/2025 19:49:00,8.8535,23.750
"6,471",10/17/2025 19:50:00,8.8535,23.703
"6,472",10/17/2025 19:51:00,8.8535,23.648
"6,473",10/17/2025 19:52:00,8.8545,23.602
"6,474",10/17/2025 19:53:00,8.8555,23.539
"6,475",10/17/2025 19:54:00,8.8555,23.461
"6,476",10/17/2025 19:55:00,8.8545,23.391
"6,477",10/17/2025 19:56:00,8.8565,23.320
"6,478",10/17/2025 19:57:00,8.8565,23.250
"6,479",10/17/2025 19:58:00,8.8565,23.172
"6,480",10/17/2025 19:59:00,8.8565,23.102
"6,481",10/17/2025 20:00:00,8.8565,23.039
"6,482",10/17/2025 20:01:00,8.8575,22.984
"6,483",10/17/2025 20:02:00,8.8586,22.938
"6,484",10/17/2025 20:03:00,8.8586,22.891
"6,485",10/17/2025 20:04:00,8.8586,22.844
"6,486",10/17/2025 20:05:00,8.8586,22.820
"6,487",10/17/2025 20:06:00,8.8586,22.789
"6,488",10/17/2025 20:07:00,8.8586,22.750
"6,489",10/17/2025 20:08:00,8.8596,22.719
"6,490",10/17/2025 20:09:00,8.8596,22.680
"6,491",10/17/2025 20:10:00,8.8596,22.641
"6,492",10/17/2025 20:11:00,8.8596,22.602
"6,493",10/17/2025 20:12:00,8.8606,22.578
"6,494",10/17/2025 20:13:00,8.8606,22.547
"6,495",10/17/2025 20:14:00,8.8596,22.531
"6,496",10/17/2025 20:15:00,8.8606,22.516
"6,497",10/17/2025 20:16:00,8.8596,22.500
"6,498",10/17/2025 20:17:00,8.8606,22.461
"6,499",10/17/2025 20:18:00,8.8616,22.422
"6,500",10/17/2025 20:19:00,8.8606,22.391
"6,501",10/17/2025 20:20:00,8.8616,22.359
"6,502",10/17/2025 20:21:00,8.8626,22.328
"6,503",10/17/2025 20:22:00,8.8616,22.305
"6,504",10/17/2025 20:23:00,8.8616,22.273
"6,505",10/17/2025 20:24:00,8.8626,22.266
"6,506",10/17/2025 20:25:00,8.8626,22.250
"6,507",10/17/2025 20:26:00,8.8626,22.219
"6,508",10/17/2025 20:27:00,8.8637,22.164
"6,509",10/17/2025 20:28:00,8.8626,22.125
"6,510",10/17/2025 20:29:00,8.8626,22.070
"6,511",10/17/2025 20:30:00,8.8637,22.031
"6,512",10/17/2025 20:31:00,8.8626,22.008
"6,513",10/17/2025 20:32:00,8.8626,21.977
"6,514",10/17/2025 20:33:00,8.8637,21.961
"6,515",10/17/2025 20:34:00,8.8637,21.938
"6,516",10/17/2025 20:35:00,8.8637,21.914
"6,517",10/17/2025 20:36:00,8.8647,21.883
"6,518",10/17/2025 20:37:00,8.8637,21.852
"6,519",10/17/2025 20:38:00,8.8637,21.797
"6,520",10/17/2025 20:39:00,8.8637,21.734
"6,521",10/17/2025 20:40:00,8.8647,21.680
"6,522",10/17/2025 20:41:00,8.8657,21.625
"6,523",10/17/2025 20:42:00,8.8647,21.555
"6,524",10/17/2025 20:43:00,8.8657,21.508
"6,525",10/17/2025 20:44:00,8.8657,21.469
"6,526",10/17/2025 20:45:00,8.8657,21.430
"6,527",10/17/2025 20:46:00,8.8657,21.398
"6,528",10/17/2025 20:47:00,8.8657,21.375
"6,529",10/17/2025 20:48:00,8.8657,21.367
"6,530",10/17/2025 20:49:00,8.8657,21.359
"6,531",10/17/2025 20:50:00,8.8667,21.344
"6,532",10/17/2025 20:51:00,8.8667,21.320
"6,533",10/17/2025 20:52:00,8.8667,21.281
"6,534",10/17/2025 20:53:00,8.8677,21.250
"6,535",10/17/2025 20:54:00,8.8677,21.203
"6,536",10/17/2025 20:55:00,8.8677,21.172
"6,537",10/17/2025 20:56:00,8.8677,21.148
"6,538",10/17/2025 20:57:00,8.8688,21.117
"6,539",10/17/2025 20:58:00,8.8677,21.086
"6,540",10/17/2025 20:59:00,8.8688,21.047
"6,541",10/17/2025 21:00:00,8.8698,21.008
"6,542",10/17/2025 21:01:00,8.8688,20.977
"6,543",10/17/2025 21:02:00,8.8698,20.938
"6,544",10/17/2025 21:03:00,8.8688,20.914
"6,545",10/17/2025 21:04:00,8.8688,20.906
"6,546",10/17/2025 21:05:00,8.8688,20.898
"6,547",10/17/2025 21:06:00,8.8698,20.883
"6,548",10/17/2025 21:07:00,8.8698,20.859
"6,549",10/17/2025 21:08:00,8.8698,20.836
"6,550",10/17/2025 21:09:00,8.8688,20.813
"6,551",10/17/2025 21:10:00,8.8688,20.773
"6,552",10/17/2025 21:11:00,8.8698,20.734
"6,553",10/17/2025 21:12:00,8.8698,20.703
"6,554",10/17/2025 21:13:00,8.8698,20.688
"6,555",10/17/2025 21:14:00,8.8698,20.680
"6,556",10/17/2025 21:15:00,8.8708,20.664
"6,557",10/17/2025 21:16:00,8.8708,20.656
"6,558",10/17/2025 21:17:00,8.8718,20.641
"6,559",10/17/2025 21:18:00,8.8718,20.617
"6,560",10/17/2025 21:19:00,8.8718,20.602
"6,561",10/17/2025 21:20:00,8.8718,20.578
"6,562",10/17/2025 21:21:00,8.8718,20.563
"6,563",10/17/2025 21:22:00,8.8718,20.539
"6,564",10/17/2025 21:23:00,8.8728,20.508
"6,565",10/17/2025 21:24:00,8.8728,20.461
"6,566",10/17/2025 21:25:00,8.8728,20.422
"6,567",10/17/2025 21:26:00,8.8739,20.383
"6,568",10/17/2025 21:27:00,8.8728,20.352
"6,569",10/17/2025 21:28:00,8.8728,20.313
"6,570",10/17/2025 21:29:00,8.8728,20.297
"6,571",10/17/2025 21:30:00,8.8728,20.266
"6,572",10/17/2025 21:31:00,8.8728,20.234
"6,573",10/17/2025 21:32:00,8.8739,20.203
"6,574",10/17/2025 21:33:00,8.8739,20.180
"6,575",10/17/2025 21:34:00,8.8739,20.164
"6,576",10/17/2025 21:35:00,8.8739,20.164
"6,577",10/17/2025 21:36:00,8.8749,20.148
"6,578",10/17/2025 21:37:00,8.8749,20.133
"6,579",10/17/2025 21:38:00,8.8739,20.125
"6,580",10/17/2025 21:39:00,8.8739,20.102
"6,581",10/17/2025 21:40:00,8.8739,20.070
"6,582",10/17/2025 21:41:00,8.8739,20.039
"6,583",10/17/2025 21:42:00,8.8749,20.008
"6,584",10/17/2025 21:43:00,8.8739,19.961
"6,585",10/17/2025 21:44:00,8.8749,19.898
"6,586",10/17/2025 21:45:00,8.8749,19.844
"6,587",10/17/2025 21:46:00,8.8739,19.797
"6,588",10/17/2025 21:47:00,8.8749,19.750
"6,589",10/17/2025 21:48:00,8.8759,19.695
"6,590",10/17/2025 21:49:00,8.8749,19.656
"6,591",10/17/2025 21:50:00,8.8759,19.625
"6,592",10/17/2025 21:51:00,8.8749,19.594
"6,593",10/17/2025 21:52:00,8.8759,19.570
"6,594",10/17/2025 21:53:00,8.8759,19.547
"6,595",10/17/2025 21:54:00,8.8749,19.523
"6,596",10/17/2025 21:55:00,8.8759,19.508
"6,597",10/17/2025 21:56:00,8.8759,19.469
"6,598",10/17/2025 21:57:00,8.8759,19.422
"6,599",10/17/2025 21:58:00,8.8759,19.375
"6,600",10/17/2025 21:59:00,8.8769,19.328
"6,601",10/17/2025 22:00:00,8.8759,19.297
"6,602",10/17/2025 22:01:00,8.8759,19.258
"6,603",10/17/2025 22:02:00,8.8759,19.234
"6,604",10/17/2025 22:03:00,8.8749,19.227
"6,605",10/17/2025 22:04:00,8.8759,19.219
"6,606",10/17/2025 22:05:00,8.8769,19.219
"6,607",10/17/2025 22:06:00,8.8749,19.195
"6,608",10/17/2025 22:07:00,8.8759,19.180
"6,609",10/17/2025 22:08:00,8.8759,19.164
"6,610",10/17/2025 22:09:00,8.8759,19.148
"6,611",10/17/2025 22:10:00,8.8759,19.125
"6,612",10/17/2025 22:11:00,8.8769,19.102
"6,613",10/17/2025 22:12:00,8.8769,19.070
"6,614",10/17/2025 22:13:00,8.8769,19.039
"6,615",10/17/2025 22:14:00,8.8769,19.016
"6,616",10/17/2025 22:15:00,8.8769,18.992
"6,617",10/17/2025 22:16:00,8.8769,18.977
"6,618",10/17/2025 22:17:00,8.8779,18.953
"6,619",10/17/2025 22:18:00,8.8769,18.938
"6,620",10/17/2025 22:19:00,8.8769,18.914
"6,621",10/17/2025 22:20:00,8.8769,18.898
"6,622",10/17/2025 22:21:00,8.8769,18.852
"6,623",10/17/2025 22:22:00,8.8769,18.836
"6,624",10/17/2025 22:23:00,8.8779,18.813
"6,625",10/17/2025 22:24:00,8.8779,18.773
"6,626",10/17/2025 22:25:00,8.8779,18.734
"6,627",10/17/2025 22:26:00,8.8790,18.719
"6,628",10/17/2025 22:27:00,8.8779,18.703
"6,629",10/17/2025 22:28:00,8.8790,18.695
"6,630",10/17/2025 22:29:00,8.8790,18.664
"6,631",10/17/2025 22:30:00,8.8790,18.648
"6,632",10/17/2025 22:31:00,8.8790,18.641
"6,633",10/17/2025 22:32:00,8.8790,18.633
"6,634",10/17/2025 22:33:00,8.8790,18.602
"6,635",10/17/2025 22:34:00,8.8790,18.594
"6,636",10/17/2025 22:35:00,8.8790,18.602
"6,637",10/17/2025 22:36:00,8.8779,18.617
"6,638",10/17/2025 22:37:00,8.8790,18.617
"6,639",10/17/2025 22:38:00,8.8790,18.609
"6,640",10/17/2025 22:39:00,8.8779,18.578
"6,641",10/17/2025 22:40:00,8.8779,18.555
"6,642",10/17/2025 22:41:00,8.8800,18.531
"6,643",10/17/2025 22:42:00,8.8790,18.523
"6,644",10/17/2025 22:43:00,8.8779,18.516
"6,645",10/17/2025 22:44:00,8.8790,18.516
"6,646",10/17/2025 22:45:00,8.8790,18.516
"6,647",10/17/2025 22:46:00,8.8790,18.500
"6,648",10/17/2025 22:47:00,8.8790,18.477
"6,649",10/17/2025 22:48:00,8.8790,18.430
"6,650",10/17/2025 22:49:00,8.8800,18.398
"6,651",10/17/2025 22:50:00,8.8800,18.359
"6,652",10/17/2025 22:51:00,8.8790,18.336
"6,653",10/17/2025 22:52:00,8.8800,18.313
"6,654",10/17/2025 22:53:00,8.8800,18.305
"6,655",10/17/2025 22:54:00,8.8790,18.289
"6,656",10/17/2025 22:55:00,8.8790,18.273
"6,657",10/17/2025 22:56:00,8.8800,18.250
"6,658",10/17/2025 22:57:00,8.8790,18.242
"6,659",10/17/2025 22:58:00,8.8790,18.242
"6,660",10/17/2025 22:59:00,8.8790,18.234
"6,661",10/17/2025 23:00:00,8.8790,18.242
"6,662",10/17/2025 23:01:00,8.8790,18.266
"6,663",10/17/2025 23:02:00,8.8800,18.289
"6,664",10/17/2025 23:03:00,8.8790,18.313
"6,665",10/17/2025 23:04:00,8.8790,18.313
"6,666",10/17/2025 23:05:00,8.8790,18.305
"6,667",10/17/2025 23:06:00,8.8790,18.273
"6,668",10/17/2025 23:07:00,8.8800,18.242
"6,669",10/17/2025 23:08:00,8.8790,18.219
"6,670",10/17/2025 23:09:00,8.8790,18.211
"6,671",10/17/2025 23:10:00,8.8790,18.195
"6,672",10/17/2025 23:11:00,8.8790,18.172
"6,673",10/17/2025 23:12:00,8.8779,18.148
"6,674",10/17/2025 23:13:00,8.8790,18.125
"6,675",10/17/2025 23:14:00,8.8790,18.117
"6,676",10/17/2025 23:15:00,8.8790,18.109
"6,677",10/17/2025 23:16:00,8.8790,18.125
"6,678",10/17/2025 23:17:00,8.8779,18.125
"6,679",10/17/2025 23:18:00,8.8779,18.133
"6,680",10/17/2025 23:19:00,8.8790,18.125
"6,681",10/17/2025 23:20:00,8.8779,18.117
"6,682",10/17/2025 23:21:00,8.8779,18.125
"6,683",10/17/2025 23:22:00,8.8779,18.141
"6,684",10/17/2025 23:23:00,8.8779,18.164
"6,685",10/17/2025 23:24:00,8.8779,18.172
"6,686",10/17/2025 23:25:00,8.8779,18.180
"6,687",10/17/2025 23:26:00,8.8779,18.180
"6,688",10/17/2025 23:27:00,8.8779,18.164
"6,689",10/17/2025 23:28:00,8.8779,18.148
"6,690",10/17/2025 23:29:00,8.8779,18.133
"6,691",10/17/2025 23:30:00,8.8790,18.109
"6,692",10/17/2025 23:31:00,8.8779,18.094
"6,693",10/17/2025 23:32:00,8.8800,18.078
"6,694",10/17/2025 23:33:00,8.8800,18.055
"6,695",10/17/2025 23:34:00,8.8810,18.047
"6,696",10/17/2025 23:35:00,8.8800,18.047
"6,697",10/17/2025 23:36:00,8.8800,18.055
"6,698",10/17/2025 23:37:00,8.8810,18.078
"6,699",10/17/2025 23:38:00,8.8800,18.094
"6,700",10/17/2025 23:39:00,8.8800,18.102
"6,701",10/17/2025 23:40:00,8.8810,18.109
"6,702",10/17/2025 23:41:00,8.8800,18.102
"6,703",10/17/2025 23:42:00,8.8810,18.094
"6,704",10/17/2025 23:43:00,8.8800,18.109
"6,705",10/17/2025 23:44:00,8.8800,18.125
"6,706",10/17/2025 23:45:00,8.8800,18.141
"6,707",10/17/2025 23:46:00,8.8800,18.172
"6,708",10/17/2025 23:47:00,8.8800,18.203
"6,709",10/17/2025 23:48:00,8.8800,18.227
"6,710",10/17/2025 23:49:00,8.8800,18.242
"6,711",10/17/2025 23:50:00,8.8800,18.227
"6,712",10/17/2025 23:51:00,8.8800,18.203
"6,713",10/17/2025 23:52:00,8.8800,18.188
"6,714",10/17/2025 23:53:00,8.8800,18.172
"6,715",10/17/2025 23:54:00,8.8800,18.164
"6,716",10/17/2025 23:55:00,8.8800,18.164
"6,717",10/17/2025 23:56:00,8.8790,18.164
"6,718",10/17/2025 23:57:00,8.8800,18.164
"6,719",10/17/2025 23:58:00,8.8790,18.141
"6,720",10/17/2025 23:59:00,8.8790,18.117
"6,721",10/18/2025 0:00:00,8.8790,18.094
"6,722",10/18/2025 0:01:00,8.8800,18.070
"6,723",10/18/2025 0:02:00,8.8800,18.070
"6,724",10/18/2025 0:03:00,8.8779,18.180
"6,725",10/18/2025 0:04:00,8.8779,18.461
"6,726",10/18/2025 0:05:00,8.8769,18.758
"6,727",10/18/2025 0:06:00,8.8769,19.039
"6,728",10/18/2025 0:07:00,8.8759,19.203
"6,729",10/18/2025 0:08:00,8.8749,19.492
"6,730",10/18/2025 0:09:00,8.8739,19.789
"6,731",10/18/2025 0:10:00,8.8739,20.141
"6,732",10/18/2025 0:11:00,8.8739,20.453
"6,733",10/18/2025 0:12:00,8.8728,20.742
"6,734",10/18/2025 0:13:00,8.8718,21.016
"6,735",10/18/2025 0:14:00,8.8718,21.234
"6,736",10/18/2025 0:15:00,8.8708,21.438
"6,737",10/18/2025 0:16:00,8.8708,21.633
"6,738",10/18/2025 0:17:00,8.8708,21.828
"6,739",10/18/2025 0:18:00,8.8708,22.031
"6,740",10/18/2025 0:19:00,8.8708,22.039
"6,741",10/18/2025 0:20:00,8.8708,21.992
"6,742",10/18/2025 0:21:00,8.8708,21.875
"6,743",10/18/2025 0:22:00,8.8718,21.648
"6,744",10/18/2025 0:23:00,8.8728,21.414
"6,745",10/18/2025 0:24:00,8.8728,21.164
"6,746",10/18/2025 0:25:00,8.8739,20.930
"6,747",10/18/2025 0:26:00,8.8739,20.773
"6,748",10/18/2025 0:27:00,8.8749,20.664
"6,749",10/18/2025 0:28:00,8.8749,20.539
"6,750",10/18/2025 0:29:00,8.8749,20.398
"6,751",10/18/2025 0:30:00,8.8749,20.336
"6,752",10/18/2025 0:31:00,8.8749,20.430
"6,753",10/18/2025 0:32:00,8.8739,20.578
"6,754",10/18/2025 0:33:00,8.8739,20.781
"6,755",10/18/2025 0:34:00,8.8728,20.992
"6,756",10/18/2025 0:35:00,8.8718,21.227
"6,757",10/18/2025 0:36:00,8.8708,21.438
"6,758",10/18/2025 0:37:00,8.8708,21.609
"6,759",10/18/2025 0:38:00,8.8698,21.773
"6,760",10/18/2025 0:39:00,8.8708,21.961
"6,761",10/18/2025 0:40:00,8.8708,22.125
"6,762",10/18/2025 0:41:00,8.8698,22.250
"6,763",10/18/2025 0:42:00,8.8698,22.359
"6,764",10/18/2025 0:43:00,8.8698,22.484
"6,765",10/18/2025 0:44:00,8.8688,22.594
"6,766",10/18/2025 0:45:00,8.8698,22.703
"6,767",10/18/2025 0:46:00,8.8688,22.773
"6,768",10/18/2025 0:47:00,8.8698,22.836
"6,769",10/18/2025 0:48:00,8.8677,22.922
"6,770",10/18/2025 0:49:00,8.8688,22.992
"6,771",10/18/2025 0:50:00,8.8688,23.078
"6,772",10/18/2025 0:51:00,8.8677,23.141
"6,773",10/18/2025 0:52:00,8.8688,23.156
"6,774",10/18/2025 0:53:00,8.8688,23.188
"6,775",10/18/2025 0:54:00,8.8688,23.203
"6,776",10/18/2025 0:55:00,8.8677,23.242
"6,777",10/18/2025 0:56:00,8.8677,23.273
"6,778",10/18/2025 0:57:00,8.8677,23.281
"6,779",10/18/2025 0:58:00,8.8688,23.266
"6,780",10/18/2025 0:59:00,8.8688,23.266
"6,781",10/18/2025 1:00:00,8.8698,23.258
"6,782",10/18/2025 1:01:00,8.8698,23.258
"6,783",10/18/2025 1:02:00,8.8698,23.250
"6,784",10/18/2025 1:03:00,8.8688,23.258
"6,785",10/18/2025 1:04:00,8.8677,23.266
"6,786",10/18/2025 1:05:00,8.8688,23.258
"6,787",10/18/2025 1:06:00,8.8688,23.266
"6,788",10/18/2025 1:07:00,8.8677,23.258
"6,789",10/18/2025 1:08:00,8.8677,23.266
"6,790",10/18/2025 1:09:00,8.8688,23.273
"6,791",10/18/2025 1:10:00,8.8677,23.258
"6,792",10/18/2025 1:11:00,8.8688,23.250
"6,793",10/18/2025 1:12:00,8.8688,23.227
"6,794",10/18/2025 1:13:00,8.8688,23.195
"6,795",10/18/2025 1:14:00,8.8688,23.156
"6,796",10/18/2025 1:15:00,8.8688,23.125
"6,797",10/18/2025 1:16:00,8.8688,23.102
"6,798",10/18/2025 1:17:00,8.8688,23.102
"6,799",10/18/2025 1:18:00,8.8688,23.070
"6,800",10/18/2025 1:19:00,8.8698,23.031
"6,801",10/18/2025 1:20:00,8.8688,23.000
"6,802",10/18/2025 1:21:00,8.8688,22.969
"6,803",10/18/2025 1:22:00,8.8688,22.969
"6,804",10/18/2025 1:23:00,8.8698,22.992
"6,805",10/18/2025 1:24:00,8.8698,23.008
"6,806",10/18/2025 1:25:00,8.8698,23.031
"6,807",10/18/2025 1:26:00,8.8677,23.063
"6,808",10/18/2025 1:27:00,8.8698,23.078
"6,809",10/18/2025 1:28:00,8.8688,23.117
"6,810",10/18/2025 1:29:00,8.8677,23.172
"6,811",10/18/2025 1:30:00,8.8677,23.195
"6,812",10/18/2025 1:31:00,8.8688,23.188
"6,813",10/18/2025 1:32:00,8.8688,23.188
"6,814",10/18/2025 1:33:00,8.8688,23.195
"6,815",10/18/2025 1:34:00,8.8688,23.195
"6,816",10/18/2025 1:35:00,8.8688,23.219
"6,817",10/18/2025 1:36:00,8.8688,23.250
"6,818",10/18/2025 1:37:00,8.8688,23.273
"6,819",10/18/2025 1:38:00,8.8698,23.281
"6,820",10/18/2025 1:39:00,8.8688,23.258
"6,821",10/18/2025 1:40:00,8.8677,23.266
"6,822",10/18/2025 1:41:00,8.8698,23.281
"6,823",10/18/2025 1:42:00,8.8698,23.281
"6,824",10/18/2025 1:43:00,8.8688,23.273
"6,825",10/18/2025 1:44:00,8.8698,23.289
"6,826",10/18/2025 1:45:00,8.8708,23.273
"6,827",10/18/2025 1:46:00,8.8688,23.266
"6,828",10/18/2025 1:47:00,8.8698,23.273
"6,829",10/18/2025 1:48:00,8.8698,23.281
"6,830",10/18/2025 1:49:00,8.8698,23.281
"6,831",10/18/2025 1:50:00,8.8698,23.273
"6,832",10/18/2025 1:51:00,8.8698,23.305
"6,833",10/18/2025 1:52:00,8.8708,23.320
"6,834",10/18/2025 1:53:00,8.8698,23.305
"6,835",10/18/2025 1:54:00,8.8708,23.297
"6,836",10/18/2025 1:55:00,8.8708,23.281
"6,837",10/18/2025 1:56:00,8.8708,23.273
"6,838",10/18/2025 1:57:00,8.8718,23.289
"6,839",10/18/2025 1:58:00,8.8708,23.297
"6,840",10/18/2025 1:59:00,8.8708,23.273
"6,841",10/18/2025 2:00:00,8.8728,23.055
"6,842",10/18/2025 2:01:00,8.8749,22.742
"6,843",10/18/2025 2:02:00,8.8749,22.453
"6,844",10/18/2025 2:03:00,8.8749,22.211
"6,845",10/18/2025 2:04:00,8.8759,21.992
"6,846",10/18/2025 2:05:00,8.8759,21.813
"6,847",10/18/2025 2:06:00,8.8759,21.656
"6,848",10/18/2025 2:07:00,8.8759,21.523
"6,849",10/18/2025 2:08:00,8.8759,21.398
"6,850",10/18/2025 2:09:00,8.8759,21.289
"6,851",10/18/2025 2:10:00,8.8769,21.188
"6,852",10/18/2025 2:11:00,8.8769,21.102
"6,853",10/18/2025 2:12:00,8.8779,21.031
"6,854",10/18/2025 2:13:00,8.8769,20.969
"6,855",10/18/2025 2:14:00,8.8769,20.906
"6,856",10/18/2025 2:15:00,8.8769,20.828
"6,857",10/18/2025 2:16:00,8.8769,20.734
"6,858",10/18/2025 2:17:00,8.8779,20.648
"6,859",10/18/2025 2:18:00,8.8790,20.563
"6,860",10/18/2025 2:19:00,8.8779,20.492
"6,861",10/18/2025 2:20:00,8.8779,20.438
"6,862",10/18/2025 2:21:00,8.8779,20.391
"6,863",10/18/2025 2:22:00,8.8790,20.375
"6,864",10/18/2025 2:23:00,8.8790,20.367
"6,865",10/18/2025 2:24:00,8.8779,20.375
"6,866",10/18/2025 2:25:00,8.8790,20.359
"6,867",10/18/2025 2:26:00,8.8779,20.344
"6,868",10/18/2025 2:27:00,8.8779,20.320
"6,869",10/18/2025 2:28:00,8.8779,20.289
"6,870",10/18/2025 2:29:00,8.8790,20.250
"6,871",10/18/2025 2:30:00,8.8779,20.211
"6,872",10/18/2025 2:31:00,8.8790,20.172
"6,873",10/18/2025 2:32:00,8.8790,20.141
"6,874",10/18/2025 2:33:00,8.8800,20.109
"6,875",10/18/2025 2:34:00,8.8800,20.086
"6,876",10/18/2025 2:35:00,8.8790,20.078
"6,877",10/18/2025 2:36:00,8.8800,20.070
"6,878",10/18/2025 2:37:00,8.8790,20.055
"6,879",10/18/2025 2:38:00,8.8800,20.063
"6,880",10/18/2025 2:39:00,8.8790,20.047
"6,881",10/18/2025 2:40:00,8.8790,20.047
"6,882",10/18/2025 2:41:00,8.8790,20.039
"6,883",10/18/2025 2:42:00,8.8790,20.023
"6,884",10/18/2025 2:43:00,8.8800,20.008
"6,885",10/18/2025 2:44:00,8.8800,19.984
"6,886",10/18/2025 2:45:00,8.8800,19.969
"6,887",10/18/2025 2:46:00,8.8790,19.953
"6,888",10/18/2025 2:47:00,8.8800,19.914
"6,889",10/18/2025 2:48:00,8.8790,19.859
"6,890",10/18/2025 2:49:00,8.8790,19.773
"6,891",10/18/2025 2:50:00,8.8790,19.688
"6,892",10/18/2025 2:51:00,8.8800,19.586
"6,893",10/18/2025 2:52:00,8.8800,19.492
"6,894",10/18/2025 2:53:00,8.8800,19.391
"6,895",10/18/2025 2:54:00,8.8810,19.305
"6,896",10/18/2025 2:55:00,8.8810,19.219
"6,897",10/18/2025 2:56:00,8.8820,19.148
"6,898",10/18/2025 2:57:00,8.8820,19.094
"6,899",10/18/2025 2:58:00,8.8820,19.023
"6,900",10/18/2025 2:59:00,8.8830,18.945
"6,901",10/18/2025 3:00:00,8.8830,18.859
"6,902",10/18/2025 3:01:00,8.8840,18.758
"6,903",10/18/2025 3:02:00,8.8840,18.656
"6,904",10/18/2025 3:03:00,8.8840,18.563
"6,905",10/18/2025 3:04:00,8.8851,18.477
"6,906",10/18/2025 3:05:00,8.8851,18.391
"6,907",10/18/2025 3:06:00,8.8861,18.313
"6,908",10/18/2025 3:07:00,8.8871,18.234
"6,909",10/18/2025 3:08:00,8.8881,18.148
"6,910",10/18/2025 3:09:00,8.8891,18.063
"6,911",10/18/2025 3:10:00,8.8902,17.969
"6,912",10/18/2025 3:11:00,8.8891,17.891
"6,913",10/18/2025 3:12:00,8.8902,17.883
"6,914",10/18/2025 3:13:00,8.8891,17.961
"6,915",10/18/2025 3:14:00,8.8871,18.141
"6,916",10/18/2025 3:15:00,8.8871,18.375
"6,917",10/18/2025 3:16:00,8.8871,18.563
"6,918",10/18/2025 3:17:00,8.8871,18.672
"6,919",10/18/2025 3:18:00,8.8871,18.711
"6,920",10/18/2025 3:19:00,8.8871,18.680
"6,921",10/18/2025 3:20:00,8.8871,18.625
"6,922",10/18/2025 3:21:00,8.8871,18.547
"6,923",10/18/2025 3:22:00,8.8881,18.523
"6,924",10/18/2025 3:23:00,8.8881,18.547
"6,925",10/18/2025 3:24:00,8.8891,18.547
"6,926",10/18/2025 3:25:00,8.8891,18.523
"6,927",10/18/2025 3:26:00,8.8881,18.492
"6,928",10/18/2025 3:27:00,8.8891,18.438
"6,929",10/18/2025 3:28:00,8.8891,18.391
"6,930",10/18/2025 3:29:00,8.8891,18.297
"6,931",10/18/2025 3:30:00,8.8902,18.188
"6,932",10/18/2025 3:31:00,8.8902,18.086
"6,933",10/18/2025 3:32:00,8.8902,18.000
"6,934",10/18/2025 3:33:00,8.8912,17.922
"6,935",10/18/2025 3:34:00,8.8912,17.852
"6,936",10/18/2025 3:35:00,8.8912,17.758
"6,937",10/18/2025 3:36:00,8.8922,17.664
"6,938",10/18/2025 3:37:00,8.8922,17.570
"6,939",10/18/2025 3:38:00,8.8922,17.484
"6,940",10/18/2025 3:39:00,8.8922,17.414
"6,941",10/18/2025 3:40:00,8.8932,17.344
"6,942",10/18/2025 3:41:00,8.8932,17.281
"6,943",10/18/2025 3:42:00,8.8932,17.219
"6,944",10/18/2025 3:43:00,8.8932,17.156
"6,945",10/18/2025 3:44:00,8.8942,17.109
"6,946",10/18/2025 3:45:00,8.8932,17.039
"6,947",10/18/2025 3:46:00,8.8932,16.969
"6,948",10/18/2025 3:47:00,8.8942,16.906
"6,949",10/18/2025 3:48:00,8.8942,16.852
"6,950",10/18/2025 3:49:00,8.8942,16.813
"6,951",10/18/2025 3:50:00,8.8942,16.781
"6,952",10/18/2025 3:51:00,8.8942,16.750
"6,953",10/18/2025 3:52:00,8.8953,16.719
"6,954",10/18/2025 3:53:00,8.8953,16.688
"6,955",10/18/2025 3:54:00,8.8953,16.641
"6,956",10/18/2025 3:55:00,8.8953,16.586
"6,957",10/18/2025 3:56:00,8.8963,16.539
"6,958",10/18/2025 3:57:00,8.8963,16.508
"6,959",10/18/2025 3:58:00,8.8973,16.469
"6,960",10/18/2025 3:59:00,8.8973,16.406
"6,961",10/18/2025 4:00:00,8.8973,16.359
"6,962",10/18/2025 4:01:00,8.8973,16.320
"6,963",10/18/2025 4:02:00,8.8983,16.258
"6,964",10/18/2025 4:03:00,8.8983,16.219
"6,965",10/18/2025 4:04:00,8.8983,16.188
"6,966",10/18/2025 4:05:00,8.8973,16.164
"6,967",10/18/2025 4:06:00,8.8983,16.125
"6,968",10/18/2025 4:07:00,8.8973,16.070
"6,969",10/18/2025 4:08:00,8.8983,16.016
"6,970",10/18/2025 4:09:00,8.8983,15.969
"6,971",10/18/2025 4:10:00,8.8983,15.914
"6,972",10/18/2025 4:11:00,8.8993,15.875
"6,973",10/18/2025 4:12:00,8.9004,15.828
"6,974",10/18/2025 4:13:00,8.9004,15.789
"6,975",10/18/2025 4:14:00,8.8993,15.758
"6,976",10/18/2025 4:15:00,8.8993,15.727
"6,977",10/18/2025 4:16:00,8.8993,15.695
"6,978",10/18/2025 4:17:00,8.9014,15.648
"6,979",10/18/2025 4:18:00,8.9014,15.602
"6,980",10/18/2025 4:19:00,8.9014,15.547
"6,981",10/18/2025 4:20:00,8.9004,15.508
"6,982",10/18/2025 4:21:00,8.9014,15.461
"6,983",10/18/2025 4:22:00,8.9014,15.414
"6,984",10/18/2025 4:23:00,8.9004,15.375
"6,985",10/18/2025 4:24:00,8.9014,15.344
"6,986",10/18/2025 4:25:00,8.9014,15.320
"6,987",10/18/2025 4:26:00,8.9014,15.297
"6,988",10/18/2025 4:27:00,8.9014,15.250
"6,989",10/18/2025 4:28:00,8.9014,15.195
"6,990",10/18/2025 4:29:00,8.9014,15.148
"6,991",10/18/2025 4:30:00,8.9024,15.102
"6,992",10/18/2025 4:31:00,8.9034,15.055
"6,993",10/18/2025 4:32:00,8.9024,15.000
"6,994",10/18/2025 4:33:00,8.9034,14.945
"6,995",10/18/2025 4:34:00,8.9034,14.922
"6,996",10/18/2025 4:35:00,8.9034,14.914
"6,997",10/18/2025 4:36:00,8.9034,14.906
"6,998",10/18/2025 4:37:00,8.9044,14.898
"6,999",10/18/2025 4:38:00,8.9044,14.883
"7,000",10/18/2025 4:39:00,8.9034,14.875
"7,001",10/18/2025 4:40:00,8.9034,14.867
"7,002",10/18/2025 4:41:00,8.9044,14.859
"7,003",10/18/2025 4:42:00,8.9044,14.836
"7,004",10/18/2025 4:43:00,8.9044,14.813
"7,005",10/18/2025 4:44:00,8.9055,14.797
"7,006",10/18/2025 4:45:00,8.9055,14.750
"7,007",10/18/2025 4:46:00,8.9055,14.719
"7,008",10/18/2025 4:47:00,8.9055,14.688
"7,009",10/18/2025 4:48:00,8.9055,14.664
"7,010",10/18/2025 4:49:00,8.9055,14.633
"7,011",10/18/2025 4:50:00,8.9055,14.617
"7,012",10/18/2025 4:51:00,8.9055,14.586
"7,013",10/18/2025 4:52:00,8.9055,14.563
"7,014",10/18/2025 4:53:00,8.9065,14.547
"7,015",10/18/2025 4:54:00,8.9065,14.508
"7,016",10/18/2025 4:55:00,8.9065,14.484
"7,017",10/18/2025 4:56:00,8.9065,14.469
"7,018",10/18/2025 4:57:00,8.9075,14.445
"7,019",10/18/2025 4:58:00,8.9085,14.438
"7,020",10/18/2025 4:59:00,8.9075,14.406
"7,021",10/18/2025 5:00:00,8.9075,14.398
"7,022",10/18/2025 5:01:00,8.9075,14.383
"7,023",10/18/2025 5:02:00,8.9075,14.398
"7,024",10/18/2025 5:03:00,8.9065,14.547
"7,025",10/18/2025 5:04:00,8.9065,14.672
"7,026",10/18/2025 5:05:00,8.9075,14.711
"7,027",10/18/2025 5:06:00,8.9075,14.703
"7,028",10/18/2025 5:07:00,8.9075,14.688
"7,029",10/18/2025 5:08:00,8.9075,14.672
"7,030",10/18/2025 5:09:00,8.9075,14.672
"7,031",10/18/2025 5:10:00,8.9075,14.703
"7,032",10/18/2025 5:11:00,8.9075,14.773
"7,033",10/18/2025 5:12:00,8.9075,14.781
"7,034",10/18/2025 5:13:00,8.9075,14.797
"7,035",10/18/2025 5:14:00,8.9075,14.789
"7,036",10/18/2025 5:15:00,8.9065,14.852
"7,037",10/18/2025 5:16:00,8.9065,15.016
"7,038",10/18/2025 5:17:00,8.9055,15.234
"7,039",10/18/2025 5:18:00,8.9044,15.523
"7,040",10/18/2025 5:19:00,8.9034,16.000
"7,041",10/18/2025 5:20:00,8.9024,16.352
"7,042",10/18/2025 5:21:00,8.9014,16.695
"7,043",10/18/2025 5:22:00,8.9014,16.992
"7,044",10/18/2025 5:23:00,8.9014,17.328
"7,045",10/18/2025 5:24:00,8.9004,17.625
"7,046",10/18/2025 5:25:00,8.9004,17.859
"7,047",10/18/2025 5:26:00,8.9004,18.055
"7,048",10/18/2025 5:27:00,8.8983,18.273
"7,049",10/18/2025 5:28:00,8.8993,18.508
"7,050",10/18/2025 5:29:00,8.8993,18.711
"7,051",10/18/2025 5:30:00,8.8983,18.938
"7,052",10/18/2025 5:31:00,8.8983,19.133
"7,053",10/18/2025 5:32:00,8.8973,19.313
"7,054",10/18/2025 5:33:00,8.8973,19.500
"7,055",10/18/2025 5:34:00,8.8983,19.641
"7,056",10/18/2025 5:35:00,8.8973,19.781
"7,057",10/18/2025 5:36:00,8.8973,19.953
"7,058",10/18/2025 5:37:00,8.8973,20.102
"7,059",10/18/2025 5:38:00,8.8973,20.211
"7,060",10/18/2025 5:39:00,8.8983,20.281
"7,061",10/18/2025 5:40:00,8.8983,20.336
"7,062",10/18/2025 5:41:00,8.8983,20.391
"7,063",10/18/2025 5:42:00,8.8993,20.328
"7,064",10/18/2025 5:43:00,8.9004,20.156
"7,065",10/18/2025 5:44:00,8.9004,19.938
"7,066",10/18/2025 5:45:00,8.9004,19.797
"7,067",10/18/2025 5:46:00,8.9014,19.633
"7,068",10/18/2025 5:47:00,8.9014,19.453
"7,069",10/18/2025 5:48:00,8.9024,19.336
"7,070",10/18/2025 5:49:00,8.9014,19.195
"7,071",10/18/2025 5:50:00,8.9034,19.125
"7,072",10/18/2025 5:51:00,8.9034,19.164
"7,073",10/18/2025 5:52:00,8.9044,19.156
"7,074",10/18/2025 5:53:00,8.9055,19.039
"7,075",10/18/2025 5:54:00,8.9055,18.898
"7,076",10/18/2025 5:55:00,8.9055,18.781
"7,077",10/18/2025 5:56:00,8.9055,18.672
"7,078",10/18/2025 5:57:00,8.9055,18.586
"7,079",10/18/2025 5:58:00,8.9065,18.508
"7,080",10/18/2025 5:59:00,8.9065,18.461
"7,081",10/18/2025 6:00:00,8.9065,18.445
"7,082",10/18/2025 6:01:00,8.9065,18.484
"7,083",10/18/2025 6:02:00,8.9065,18.602
"7,084",10/18/2025 6:03:00,8.9055,18.820
"7,085",10/18/2025 6:04:00,8.9055,19.070
"7,086",10/18/2025 6:05:00,8.9055,19.289
"7,087",10/18/2025 6:06:00,8.9055,19.469
"7,088",10/18/2025 6:07:00,8.9044,19.617
"7,089",10/18/2025 6:08:00,8.9044,19.727
"7,090",10/18/2025 6:09:00,8.9044,19.820
"7,091",10/18/2025 6:10:00,8.9055,19.875
"7,092",10/18/2025 6:11:00,8.9055,19.891
"7,093",10/18/2025 6:12:00,8.9055,19.797
"7,094",10/18/2025 6:13:00,8.9065,19.641
"7,095",10/18/2025 6:14:00,8.9075,19.469
"7,096",10/18/2025 6:15:00,8.9075,19.297
"7,097",10/18/2025 6:16:00,8.9075,19.148
"7,098",10/18/2025 6:17:00,8.9085,19.031
"7,099",10/18/2025 6:18:00,8.9075,18.938
"7,100",10/18/2025 6:19:00,8.9085,18.867
"7,101",10/18/2025 6:20:00,8.9085,18.797
"7,102",10/18/2025 6:21:00,8.9095,18.727
"7,103",10/18/2025 6:22:00,8.9095,18.672
"7,104",10/18/2025 6:23:00,8.9095,18.609
"7,105",10/18/2025 6:24:00,8.9106,18.563
"7,106",10/18/2025 6:25:00,8.9095,18.516
"7,107",10/18/2025 6:26:00,8.9106,18.477
"7,108",10/18/2025 6:27:00,8.9106,18.438
"7,109",10/18/2025 6:28:00,8.9106,18.406
"7,110",10/18/2025 6:29:00,8.9106,18.383
"7,111",10/18/2025 6:30:00,8.9106,18.367
"7,112",10/18/2025 6:31:00,8.9116,18.352
"7,113",10/18/2025 6:32:00,8.9116,18.352
"7,114",10/18/2025 6:33:00,8.9116,18.336
"7,115",10/18/2025 6:34:00,8.9126,18.328
"7,116",10/18/2025 6:35:00,8.9106,18.320
"7,117",10/18/2025 6:36:00,8.9126,18.305
"7,118",10/18/2025 6:37:00,8.9116,18.305
"7,119",10/18/2025 6:38:00,8.9116,18.289
"7,120",10/18/2025 6:39:00,8.9126,18.305
"7,121",10/18/2025 6:40:00,8.9126,18.320
"7,122",10/18/2025 6:41:00,8.9116,18.328
"7,123",10/18/2025 6:42:00,8.9126,18.336
"7,124",10/18/2025 6:43:00,8.9116,18.359
"7,125",10/18/2025 6:44:00,8.9126,18.383
"7,126",10/18/2025 6:45:00,8.9126,18.414
"7,127",10/18/2025 6:46:00,8.9116,18.453
"7,128",10/18/2025 6:47:00,8.9116,18.500
"7,129",10/18/2025 6:48:00,8.9116,18.563
"7,130",10/18/2025 6:49:00,8.9116,18.633
"7,131",10/18/2025 6:50:00,8.9116,18.688
"7,132",10/18/2025 6:51:00,8.9116,18.758
"7,133",10/18/2025 6:52:00,8.9116,18.828
"7,134",10/18/2025 6:53:00,8.9116,18.906
"7,135",10/18/2025 6:54:00,8.9116,18.984
"7,136",10/18/2025 6:55:00,8.9126,19.070
"7,137",10/18/2025 6:56:00,8.9116,19.164
"7,138",10/18/2025 6:57:00,8.9116,19.273
"7,139",10/18/2025 6:58:00,8.9106,19.398
"7,140",10/18/2025 6:59:00,8.9106,19.531
"7,141",10/18/2025 7:00:00,8.9106,19.656
"7,142",10/18/2025 7:01:00,8.9106,19.766
"7,143",10/18/2025 7:02:00,8.9106,19.883
"7,144",10/18/2025 7:03:00,8.9106,19.992
"7,145",10/18/2025 7:04:00,8.9106,20.102
"7,146",10/18/2025 7:05:00,8.9106,20.211
"7,147",10/18/2025 7:06:00,8.9106,20.313
"7,148",10/18/2025 7:07:00,8.9106,20.414
"7,149",10/18/2025 7:08:00,8.9095,20.508
"7,150",10/18/2025 7:09:00,8.9095,20.602
"7,151",10/18/2025 7:10:00,8.9095,20.703
"7,152",10/18/2025 7:11:00,8.9095,20.805
"7,153",10/18/2025 7:12:00,8.9106,20.891
"7,154",10/18/2025 7:13:00,8.9095,20.961
"7,155",10/18/2025 7:14:00,8.9095,21.031
"7,156",10/18/2025 7:15:00,8.9095,21.078
"7,157",10/18/2025 7:16:00,8.9095,21.141
"7,158",10/18/2025 7:17:00,8.9095,21.188
"7,159",10/18/2025 7:18:00,8.9106,21.250
"7,160",10/18/2025 7:19:00,8.9095,21.305
"7,161",10/18/2025 7:20:00,8.9085,21.367
"7,162",10/18/2025 7:21:00,8.9095,21.414
"7,163",10/18/2025 7:22:00,8.9095,21.453
"7,164",10/18/2025 7:23:00,8.9095,21.492
"7,165",10/18/2025 7:24:00,8.9085,21.523
"7,166",10/18/2025 7:25:00,8.9085,21.555
"7,167",10/18/2025 7:26:00,8.9085,21.633
"7,168",10/18/2025 7:27:00,8.9085,21.742
"7,169",10/18/2025 7:28:00,8.9085,21.859
"7,170",10/18/2025 7:29:00,8.9085,21.992
"7,171",10/18/2025 7:30:00,8.9075,22.148
"7,172",10/18/2025 7:31:00,8.9075,22.281
"7,173",10/18/2025 7:32:00,8.9085,22.422
"7,174",10/18/2025 7:33:00,8.9065,22.586
"7,175",10/18/2025 7:34:00,8.9075,22.734
"7,176",10/18/2025 7:35:00,8.9075,22.883
"7,177",10/18/2025 7:36:00,8.9075,23.008
"7,178",10/18/2025 7:37:00,8.9075,23.164
"7,179",10/18/2025 7:38:00,8.9065,23.297
"7,180",10/18/2025 7:39:00,8.9065,23.430
"7,181",10/18/2025 7:40:00,8.9065,23.578
"7,182",10/18/2025 7:41:00,8.9055,23.766
"7,183",10/18/2025 7:42:00,8.9065,23.953
"7,184",10/18/2025 7:43:00,8.9055,24.156
"7,185",10/18/2025 7:44:00,8.9044,24.344
"7,186",10/18/2025 7:45:00,8.9044,24.508
"7,187",10/18/2025 7:46:00,8.9044,24.672
"7,188",10/18/2025 7:47:00,8.9034,24.820
"7,189",10/18/2025 7:48:00,8.9044,24.961
"7,190",10/18/2025 7:49:00,8.9044,25.078
"7,191",10/18/2025 7:50:00,8.9044,25.219
"7,192",10/18/2025 7:51:00,8.9044,25.336
"7,193",10/18/2025 7:52:00,8.9034,25.430
"7,194",10/18/2025 7:53:00,8.9044,25.547
"7,195",10/18/2025 7:54:00,8.9055,25.625
"7,196",10/18/2025 7:55:00,8.9034,25.727
"7,197",10/18/2025 7:56:00,8.9044,25.836
"7,198",10/18/2025 7:57:00,8.9034,25.922
"7,199",10/18/2025 7:58:00,8.9024,26.039
"7,200",10/18/2025 7:59:00,8.9014,26.180
"7,201",10/18/2025 8:00:00,8.9004,26.359
"7,202",10/18/2025 8:01:00,8.9034,26.477
"7,203",10/18/2025 8:02:00,8.9024,26.570
"7,204",10/18/2025 8:03:00,8.9014,26.633
"7,205",10/18/2025 8:04:00,8.9014,26.695
"7,206",10/18/2025 8:05:00,8.9024,26.773
"7,207",10/18/2025 8:06:00,8.9014,26.820
"7,208",10/18/2025 8:07:00,8.9024,26.836
"7,209",10/18/2025 8:08:00,8.9024,26.906
"7,210",10/18/2025 8:09:00,8.9024,26.969
"7,211",10/18/2025 8:10:00,8.9014,26.977
"7,212",10/18/2025 8:11:00,8.9014,27.008
"7,213",10/18/2025 8:12:00,8.9014,27.047
"7,214",10/18/2025 8:13:00,8.9024,27.078
"7,215",10/18/2025 8:14:00,8.9024,27.078
"7,216",10/18/2025 8:15:00,8.9024,27.133
"7,217",10/18/2025 8:16:00,8.9024,27.203
"7,218",10/18/2025 8:17:00,8.9014,27.320
"7,219",10/18/2025 8:18:00,8.9004,27.461
"7,220",10/18/2025 8:19:00,8.9004,27.563
"7,221",10/18/2025 8:20:00,8.9014,27.695
"7,222",10/18/2025 8:21:00,8.8993,27.859
"7,223",10/18/2025 8:22:00,8.8993,27.969
"7,224",10/18/2025 8:23:00,8.9004,28.055
"7,225",10/18/2025 8:24:00,8.9014,28.109
"7,226",10/18/2025 8:25:00,8.9004,28.141
"7,227",10/18/2025 8:26:00,8.8993,28.133
"7,228",10/18/2025 8:27:00,8.8993,28.250
"7,229",10/18/2025 8:28:00,8.8983,28.398
"7,230",10/18/2025 8:29:00,8.8993,28.508
"7,231",10/18/2025 8:30:00,8.9014,28.586
"7,232",10/18/2025 8:31:00,8.8993,28.625
"7,233",10/18/2025 8:32:00,8.8993,28.703
"7,234",10/18/2025 8:33:00,8.9014,28.742
"7,235",10/18/2025 8:34:00,8.8993,28.758
"7,236",10/18/2025 8:35:00,8.8993,28.852
"7,237",10/18/2025 8:36:00,8.9004,28.875
"7,238",10/18/2025 8:37:00,8.9004,28.859
"7,239",10/18/2025 8:38:00,8.9024,28.758
"7,240",10/18/2025 8:39:00,8.9004,28.750
"7,241",10/18/2025 8:40:00,8.8983,28.867
"7,242",10/18/2025 8:41:00,8.8983,28.961
"7,243",10/18/2025 8:42:00,8.8993,29.086
"7,244",10/18/2025 8:43:00,8.8973,29.281
"7,245",10/18/2025 8:44:00,8.9014,29.430
"7,246",10/18/2025 8:45:00,8.8973,29.500
"7,247",10/18/2025 8:46:00,8.8983,29.531
"7,248",10/18/2025 8:47:00,8.8983,29.609
"7,249",10/18/2025 8:48:00,8.9014,29.531
"7,250",10/18/2025 8:49:00,8.8993,29.508
"7,251",10/18/2025 8:50:00,8.8983,29.438
"7,252",10/18/2025 8:51:00,8.8983,29.461
"7,253",10/18/2025 8:52:00,8.8993,29.563
"7,254",10/18/2025 8:53:00,8.8993,29.570
"7,255",10/18/2025 8:54:00,8.8983,29.633
"7,256",10/18/2025 8:55:00,8.8983,29.719
"7,257",10/18/2025 8:56:00,8.8973,29.875
"7,258",10/18/2025 8:57:00,8.8963,29.977
"7,259",10/18/2025 8:58:00,8.8973,29.984
"7,260",10/18/2025 8:59:00,8.8963,30.070
"7,261",10/18/2025 9:00:00,8.8963,30.086
"7,262",10/18/2025 9:01:00,8.8983,30.086
"7,263",10/18/2025 9:02:00,8.8973,30.047
"7,264",10/18/2025 9:03:00,8.8983,30.094
"7,265",10/18/2025 9:04:00,8.8963,30.273
"7,266",10/18/2025 9:05:00,8.8983,30.461
"7,267",10/18/2025 9:06:00,8.8953,30.578
"7,268",10/18/2025 9:07:00,8.8953,30.641
"7,269",10/18/2025 9:08:00,8.8963,30.617
"7,270",10/18/2025 9:09:00,8.8942,30.625
"7,271",10/18/2025 9:10:00,8.8953,30.703
"7,272",10/18/2025 9:11:00,8.8963,30.734
"7,273",10/18/2025 9:12:00,8.8973,30.750
"7,274",10/18/2025 9:13:00,8.8953,30.742
"7,275",10/18/2025 9:14:00,8.8963,30.789
"7,276",10/18/2025 9:15:00,8.8953,30.820
"7,277",10/18/2025 9:16:00,8.8953,30.875
"7,278",10/18/2025 9:17:00,8.8963,30.789
"7,279",10/18/2025 9:18:00,8.8973,30.703
"7,280",10/18/2025 9:19:00,8.8983,30.516
"7,281",10/18/2025 9:20:00,8.8983,30.250
"7,282",10/18/2025 9:21:00,8.8983,30.172
"7,283",10/18/2025 9:22:00,8.8993,30.133
"7,284",10/18/2025 9:23:00,8.9014,29.930
"7,285",10/18/2025 9:24:00,8.8973,29.742
"7,286",10/18/2025 9:25:00,8.8963,29.758
"7,287",10/18/2025 9:26:00,8.8973,29.867
"7,288",10/18/2025 9:27:00,8.8963,30.008
"7,289",10/18/2025 9:28:00,8.8973,30.172
"7,290",10/18/2025 9:29:00,8.8953,30.406
"7,291",10/18/2025 9:30:00,8.8953,30.633
"7,292",10/18/2025 9:31:00,8.8963,30.672
"7,293",10/18/2025 9:32:00,8.8973,30.625
"7,294",10/18/2025 9:33:00,8.8963,30.500
"7,295",10/18/2025 9:34:00,8.8953,30.445
"7,296",10/18/2025 9:35:00,8.8953,30.539
"7,297",10/18/2025 9:36:00,8.8953,30.633
"7,298",10/18/2025 9:37:00,8.8953,30.672
"7,299",10/18/2025 9:38:00,8.8932,30.773
"7,300",10/18/2025 9:39:00,8.8942,30.813
"7,301",10/18/2025 9:40:00,8.8932,30.789
"7,302",10/18/2025 9:41:00,8.8932,30.883
"7,303",10/18/2025 9:42:00,8.8932,30.953
"7,304",10/18/2025 9:43:00,8.8932,31.109
"7,305",10/18/2025 9:44:00,8.8932,31.156
"7,306",10/18/2025 9:45:00,8.8932,31.188
"7,307",10/18/2025 9:46:00,8.8932,31.250
"7,308",10/18/2025 9:47:00,8.8932,31.281
"7,309",10/18/2025 9:48:00,8.8942,31.156
"7,310",10/18/2025 9:49:00,8.8993,30.984
"7,311",10/18/2025 9:50:00,8.8953,30.758
"7,312",10/18/2025 9:51:00,8.8973,30.625
"7,313",10/18/2025 9:52:00,8.8953,30.602
"7,314",10/18/2025 9:53:00,8.8963,30.547
"7,315",10/18/2025 9:54:00,8.9004,30.555
"7,316",10/18/2025 9:55:00,8.8953,30.500
"7,317",10/18/2025 9:56:00,8.8963,30.391
"7,318",10/18/2025 9:57:00,8.8963,30.289
"7,319",10/18/2025 9:58:00,8.8942,30.297
"7,320",10/18/2025 9:59:00,8.8953,30.344
"7,321",10/18/2025 10:00:00,8.8953,30.398
"7,322",10/18/2025 10:01:00,8.8963,30.383
"7,323",10/18/2025 10:02:00,8.8942,30.461
"7,324",10/18/2025 10:03:00,8.8932,30.664
"7,325",10/18/2025 10:04:00,8.8963,30.781
"7,326",10/18/2025 10:05:00,8.8942,30.820
"7,327",10/18/2025 10:06:00,8.8942,30.820
"7,328",10/18/2025 10:07:00,8.8922,30.781
"7,329",10/18/2025 10:08:00,8.8922,30.922
"7,330",10/18/2025 10:09:00,8.8912,31.125
"7,331",10/18/2025 10:10:00,8.8912,31.320
"7,332",10/18/2025 10:11:00,8.8912,31.445
"7,333",10/18/2025 10:12:00,8.8922,31.469
"7,334",10/18/2025 10:13:00,8.8912,31.547
"7,335",10/18/2025 10:14:00,8.8912,31.672
"7,336",10/18/2025 10:15:00,8.8922,31.664
"7,337",10/18/2025 10:16:00,8.8922,31.570
"7,338",10/18/2025 10:17:00,8.8902,31.594
"7,339",10/18/2025 10:18:00,8.8902,31.703
"7,340",10/18/2025 10:19:00,8.8902,31.820
"7,341",10/18/2025 10:20:00,8.8922,31.906
"7,342",10/18/2025 10:21:00,8.8902,31.867
"7,343",10/18/2025 10:22:00,8.8912,31.805
"7,344",10/18/2025 10:23:00,8.8891,31.727
"7,345",10/18/2025 10:24:00,8.8902,31.672
"7,346",10/18/2025 10:25:00,8.8902,31.758
"7,347",10/18/2025 10:26:00,8.8912,31.969
"7,348",10/18/2025 10:27:00,8.8902,32.078
"7,349",10/18/2025 10:28:00,8.8891,32.094
"7,350",10/18/2025 10:29:00,8.8881,32.063
"7,351",10/18/2025 10:30:00,8.8881,32.125
"7,352",10/18/2025 10:31:00,8.8891,32.125
"7,353",10/18/2025 10:32:00,8.8871,32.195
"7,354",10/18/2025 10:33:00,8.8881,32.367
"7,355",10/18/2025 10:34:00,8.8881,32.492
"7,356",10/18/2025 10:35:00,8.8861,32.539
"7,357",10/18/2025 10:36:00,8.8881,32.523
"7,358",10/18/2025 10:37:00,8.8871,32.500
"7,359",10/18/2025 10:38:00,8.8871,32.492
"7,360",10/18/2025 10:39:00,8.8871,32.484
"7,361",10/18/2025 10:40:00,8.8871,32.406
"7,362",10/18/2025 10:41:00,8.8871,32.305
"7,363",10/18/2025 10:42:00,8.8861,32.234
"7,364",10/18/2025 10:43:00,8.8871,32.242
"7,365",10/18/2025 10:44:00,8.8881,32.219
"7,366",10/18/2025 10:45:00,8.8871,32.125
"7,367",10/18/2025 10:46:00,8.8861,32.047
"7,368",10/18/2025 10:47:00,8.8851,32.094
"7,369",10/18/2025 10:48:00,8.8851,32.242
"7,370",10/18/2025 10:49:00,8.8840,32.445
"7,371",10/18/2025 10:50:00,8.8830,32.672
"7,372",10/18/2025 10:51:00,8.8861,32.836
"7,373",10/18/2025 10:52:00,8.8830,32.859
"7,374",10/18/2025 10:53:00,8.8851,32.922
"7,375",10/18/2025 10:54:00,8.8830,33.047
"7,376",10/18/2025 10:55:00,8.8820,33.141
"7,377",10/18/2025 10:56:00,8.8800,33.211
"7,378",10/18/2025 10:57:00,8.8830,33.289
"7,379",10/18/2025 10:58:00,8.8840,33.242
"7,380",10/18/2025 10:59:00,8.8830,33.266
"7,381",10/18/2025 11:00:00,8.8840,33.172
"7,382",10/18/2025 11:01:00,8.8851,32.992
"7,383",10/18/2025 11:02:00,8.8851,32.961
"7,384",10/18/2025 11:03:00,8.8830,32.969
"7,385",10/18/2025 11:04:00,8.8830,32.961
"7,386",10/18/2025 11:05:00,8.8820,33.109
"7,387",10/18/2025 11:06:00,8.8820,33.305
"7,388",10/18/2025 11:07:00,8.8800,33.445
"7,389",10/18/2025 11:08:00,8.8830,33.617
"7,390",10/18/2025 11:09:00,8.8810,33.602
"7,391",10/18/2025 11:10:00,8.8820,33.555
"7,392",10/18/2025 11:11:00,8.8790,33.555
"7,393",10/18/2025 11:12:00,8.8810,33.461
"7,394",10/18/2025 11:13:00,8.8810,33.492
"7,395",10/18/2025 11:14:00,8.8790,33.531
"7,396",10/18/2025 11:15:00,8.8810,33.578
"7,397",10/18/2025 11:16:00,8.8790,33.469
"7,398",10/18/2025 11:17:00,8.8800,33.406
"7,399",10/18/2025 11:18:00,8.8810,33.344
"7,400",10/18/2025 11:19:00,8.8810,33.297
"7,401",10/18/2025 11:20:00,8.8810,33.250
"7,402",10/18/2025 11:21:00,8.8810,33.156
"7,403",10/18/2025 11:22:00,8.8820,33.156
"7,404",10/18/2025 11:23:00,8.8800,33.188
"7,405",10/18/2025 11:24:00,8.8769,33.352
"7,406",10/18/2025 11:25:00,8.8779,33.422
"7,407",10/18/2025 11:26:00,8.8779,33.484
"7,408",10/18/2025 11:27:00,8.8810,33.508
"7,409",10/18/2025 11:28:00,8.8790,33.414
"7,410",10/18/2025 11:29:00,8.8769,33.539
"7,411",10/18/2025 11:30:00,8.8769,33.695
"7,412",10/18/2025 11:31:00,8.8769,33.883
"7,413",10/18/2025 11:32:00,8.8769,34.031
"7,414",10/18/2025 11:33:00,8.8759,34.195
"7,415",10/18/2025 11:34:00,8.8769,34.289
"7,416",10/18/2025 11:35:00,8.8749,34.422
"7,417",10/18/2025 11:36:00,8.8759,34.547
"7,418",10/18/2025 11:37:00,8.8749,34.555
"7,419",10/18/2025 11:38:00,8.8739,34.508
"7,420",10/18/2025 11:39:00,8.8769,34.367
"7,421",10/18/2025 11:40:00,8.8769,34.188
"7,422",10/18/2025 11:41:00,8.8749,34.070
"7,423",10/18/2025 11:42:00,8.8749,34.133
"7,424",10/18/2025 11:43:00,8.8749,34.172
"7,425",10/18/2025 11:44:00,8.8759,34.133
"7,426",10/18/2025 11:45:00,8.8759,33.930
"7,427",10/18/2025 11:46:00,8.8739,33.789
"7,428",10/18/2025 11:47:00,8.8749,33.695
"7,429",10/18/2025 11:48:00,8.8749,33.672
"7,430",10/18/2025 11:49:00,8.8739,33.633
"7,431",10/18/2025 11:50:00,8.8749,33.617
"7,432",10/18/2025 11:51:00,8.8739,33.719
"7,433",10/18/2025 11:52:00,8.8749,33.797
"7,434",10/18/2025 11:53:00,8.8728,33.703
"7,435",10/18/2025 11:54:00,8.8708,33.820
"7,436",10/18/2025 11:55:00,8.8718,34.078
"7,437",10/18/2025 11:56:00,8.8728,34.125
"7,438",10/18/2025 11:57:00,8.8739,33.984
"7,439",10/18/2025 11:58:00,8.8739,33.828
"7,440",10/18/2025 11:59:00,8.8718,33.672
"7,441",10/18/2025 12:00:00,8.8728,33.578
"7,442",10/18/2025 12:01:00,8.8718,33.563
"7,443",10/18/2025 12:02:00,8.8728,33.625
"7,444",10/18/2025 12:03:00,8.8708,33.742
"7,445",10/18/2025 12:04:00,8.8728,33.820
"7,446",10/18/2025 12:05:00,8.8718,33.859
"7,447",10/18/2025 12:06:00,8.8708,33.961
"7,448",10/18/2025 12:07:00,8.8708,34.094
"7,449",10/18/2025 12:08:00,8.8677,34.133
"7,450",10/18/2025 12:09:00,8.8688,34.266
"7,451",10/18/2025 12:10:00,8.8698,34.438
"7,452",10/18/2025 12:11:00,8.8688,34.664
"7,453",10/18/2025 12:12:00,8.8677,34.750
"7,454",10/18/2025 12:13:00,8.8677,34.813
"7,455",10/18/2025 12:14:00,8.8667,34.742
"7,456",10/18/2025 12:15:00,8.8667,34.734
"7,457",10/18/2025 12:16:00,8.8657,34.688
"7,458",10/18/2025 12:17:00,8.8657,34.641
"7,459",10/18/2025 12:18:00,8.8657,34.617
"7,460",10/18/2025 12:19:00,8.8667,34.508
"7,461",10/18/2025 12:20:00,8.8657,34.461
"7,462",10/18/2025 12:21:00,8.8647,34.531
"7,463",10/18/2025 12:22:00,8.8616,34.727
"7,464",10/18/2025 12:23:00,8.8637,35.102
"7,465",10/18/2025 12:24:00,8.8637,35.273
"7,466",10/18/2025 12:25:00,8.8647,35.313
"7,467",10/18/2025 12:26:00,8.8616,35.398
"7,468",10/18/2025 12:27:00,8.8637,35.438
"7,469",10/18/2025 12:28:00,8.8647,35.414
"7,470",10/18/2025 12:29:00,8.8647,35.375
"7,471",10/18/2025 12:30:00,8.8637,35.477
"7,472",10/18/2025 12:31:00,8.8637,35.578
"7,473",10/18/2025 12:32:00,8.8616,35.805
"7,474",10/18/2025 12:33:00,8.8606,36.047
"7,475",10/18/2025 12:34:00,8.8586,36.273
"7,476",10/18/2025 12:35:00,8.8606,36.492
"7,477",10/18/2025 12:36:00,8.8616,36.328
"7,478",10/18/2025 12:37:00,8.8596,36.203
"7,479",10/18/2025 12:38:00,8.8596,36.352
"7,480",10/18/2025 12:39:00,8.8596,36.578
"7,481",10/18/2025 12:40:00,8.8575,36.805
"7,482",10/18/2025 12:41:00,8.8586,36.969
"7,483",10/18/2025 12:42:00,8.8565,37.109
"7,484",10/18/2025 12:43:00,8.8565,37.266
"7,485",10/18/2025 12:44:00,8.8565,37.328
"7,486",10/18/2025 12:45:00,8.8586,37.273
"7,487",10/18/2025 12:46:00,8.8586,36.977
"7,488",10/18/2025 12:47:00,8.8596,36.633
"7,489",10/18/2025 12:48:00,8.8586,36.375
"7,490",10/18/2025 12:49:00,8.8586,36.156
"7,491",10/18/2025 12:50:00,8.8596,35.969
"7,492",10/18/2025 12:51:00,8.8575,35.906
"7,493",10/18/2025 12:52:00,8.8565,36.000
"7,494",10/18/2025 12:53:00,8.8565,36.133
"7,495",10/18/2025 12:54:00,8.8555,36.242
"7,496",10/18/2025 12:55:00,8.8565,36.289
"7,497",10/18/2025 12:56:00,8.8565,36.367
"7,498",10/18/2025 12:57:00,8.8565,36.273
"7,499",10/18/2025 12:58:00,8.8555,36.102
"7,500",10/18/2025 12:59:00,8.8555,36.047
"7,501",10/18/2025 13:00:00,8.8555,36.195
"7,502",10/18/2025 13:01:00,8.8535,36.406
"7,503",10/18/2025 13:02:00,8.8535,36.672
"7,504",10/18/2025 13:03:00,8.8545,36.859
"7,505",10/18/2025 13:04:00,8.8524,37.086
"7,506",10/18/2025 13:05:00,8.8514,37.289
"7,507",10/18/2025 13:06:00,8.8504,37.453
"7,508",10/18/2025 13:07:00,8.8504,37.625
"7,509",10/18/2025 13:08:00,8.8494,37.672
"7,510",10/18/2025 13:09:00,8.8494,37.664
"7,511",10/18/2025 13:10:00,8.8494,37.773
"7,512",10/18/2025 13:11:00,8.8494,37.945
"7,513",10/18/2025 13:12:00,8.8494,38.109
"7,514",10/18/2025 13:13:00,8.8494,38.188
"7,515",10/18/2025 13:14:00,8.8463,38.227
"7,516",10/18/2025 13:15:00,8.8484,38.336
"7,517",10/18/2025 13:16:00,8.8484,38.398
"7,518",10/18/2025 13:17:00,8.8504,38.453
"7,519",10/18/2025 13:18:00,8.8474,38.492
"7,520",10/18/2025 13:19:00,8.8474,38.625
"7,521",10/18/2025 13:20:00,8.8494,38.648
"7,522",10/18/2025 13:21:00,8.8474,38.555
"7,523",10/18/2025 13:22:00,8.8484,38.438
"7,524",10/18/2025 13:23:00,8.8484,38.313
"7,525",10/18/2025 13:24:00,8.8484,38.109
"7,526",10/18/2025 13:25:00,8.8504,37.703
"7,527",10/18/2025 13:26:00,8.8504,37.453
"7,528",10/18/2025 13:27:00,8.8463,37.422
"7,529",10/18/2025 13:28:00,8.8484,37.414
"7,530",10/18/2025 13:29:00,8.8494,37.328
"7,531",10/18/2025 13:30:00,8.8484,37.297
"7,532",10/18/2025 13:31:00,8.8484,37.328
"7,533",10/18/2025 13:32:00,8.8474,37.328
"7,534",10/18/2025 13:33:00,8.8484,37.297
"7,535",10/18/2025 13:34:00,8.8494,37.359
"7,536",10/18/2025 13:35:00,8.8474,37.453
"7,537",10/18/2025 13:36:00,8.8453,37.570
"7,538",10/18/2025 13:37:00,8.8453,37.719
"7,539",10/18/2025 13:38:00,8.8463,37.906
"7,540",10/18/2025 13:39:00,8.8463,38.078
"7,541",10/18/2025 13:40:00,8.8453,38.242
"7,542",10/18/2025 13:41:00,8.8453,38.430
"7,543",10/18/2025 13:42:00,8.8463,38.477
"7,544",10/18/2025 13:43:00,8.8463,38.250
"7,545",10/18/2025 13:44:00,8.8453,38.078
"7,546",10/18/2025 13:45:00,8.8443,38.063
"7,547",10/18/2025 13:46:00,8.8443,38.094
"7,548",10/18/2025 13:47:00,8.8453,38.172
"7,549",10/18/2025 13:48:00,8.8443,38.195
"7,550",10/18/2025 13:49:00,8.8433,38.227
"7,551",10/18/2025 13:50:00,8.8423,38.305
"7,552",10/18/2025 13:51:00,8.8433,38.352
"7,553",10/18/2025 13:52:00,8.8443,38.367
"7,554",10/18/2025 13:53:00,8.8433,38.352
"7,555",10/18/2025 13:54:00,8.8433,38.383
"7,556",10/18/2025 13:55:00,8.8423,38.438
"7,557",10/18/2025 13:56:00,8.8433,38.531
"7,558",10/18/2025 13:57:00,8.8423,38.594
"7,559",10/18/2025 13:58:00,8.8423,38.594
"7,560",10/18/2025 13:59:00,8.8433,38.609
"7,561",10/18/2025 14:00:00,8.8433,38.664
"7,562",10/18/2025 14:01:00,8.8423,38.625
"7,563",10/18/2025 14:02:00,8.8423,38.609
"7,564",10/18/2025 14:03:00,8.8423,38.688
"7,565",10/18/2025 14:04:00,8.8423,38.820
"7,566",10/18/2025 14:05:00,8.8402,38.922
"7,567",10/18/2025 14:06:00,8.8402,39.016
"7,568",10/18/2025 14:07:00,8.8402,39.055
"7,569",10/18/2025 14:08:00,8.8423,38.844
"7,570",10/18/2025 14:09:00,8.8433,38.500
"7,571",10/18/2025 14:10:00,8.8423,38.148
"7,572",10/18/2025 14:11:00,8.8412,37.922
"7,573",10/18/2025 14:12:00,8.8433,37.805
"7,574",10/18/2025 14:13:00,8.8423,37.656
"7,575",10/18/2025 14:14:00,8.8443,37.516
"7,576",10/18/2025 14:15:00,8.8443,37.250
"7,577",10/18/2025 14:16:00,8.8423,37.055
"7,578",10/18/2025 14:17:00,8.8423,36.922
"7,579",10/18/2025 14:18:00,8.8412,36.820
"7,580",10/18/2025 14:19:00,8.8412,36.906
"7,581",10/18/2025 14:20:00,8.8423,36.977
"7,582",10/18/2025 14:21:00,8.8402,37.133
"7,583",10/18/2025 14:22:00,8.8402,37.398
"7,584",10/18/2025 14:23:00,8.8392,37.641
"7,585",10/18/2025 14:24:00,8.8402,37.828
"7,586",10/18/2025 14:25:00,8.8402,37.992
"7,587",10/18/2025 14:26:00,8.8392,38.039
"7,588",10/18/2025 14:27:00,8.8412,38.016
"7,589",10/18/2025 14:28:00,8.8402,38.047
"7,590",10/18/2025 14:29:00,8.8392,38.117
"7,591",10/18/2025 14:30:00,8.8382,38.250
"7,592",10/18/2025 14:31:00,8.8361,38.398
"7,593",10/18/2025 14:32:00,8.8372,38.500
"7,594",10/18/2025 14:33:00,8.8361,38.625
"7,595",10/18/2025 14:34:00,8.8372,38.734
"7,596",10/18/2025 14:35:00,8.8372,38.805
"7,597",10/18/2025 14:36:00,8.8361,38.742
"7,598",10/18/2025 14:37:00,8.8372,38.711
"7,599",10/18/2025 14:38:00,8.8361,38.578
"7,600",10/18/2025 14:39:00,8.8361,38.359
"7,601",10/18/2025 14:40:00,8.8372,38.367
"7,602",10/18/2025 14:41:00,8.8361,38.469
"7,603",10/18/2025 14:42:00,8.8372,38.492
"7,604",10/18/2025 14:43:00,8.8361,38.500
"7,605",10/18/2025 14:44:00,8.8361,38.570
"7,606",10/18/2025 14:45:00,8.8361,38.547
"7,607",10/18/2025 14:46:00,8.8382,38.430
"7,608",10/18/2025 14:47:00,8.8382,38.336
"7,609",10/18/2025 14:48:00,8.8372,38.320
"7,610",10/18/2025 14:49:00,8.8382,38.383
"7,611",10/18/2025 14:50:00,8.8361,38.336
"7,612",10/18/2025 14:51:00,8.8372,38.313
"7,613",10/18/2025 14:52:00,8.8361,38.391
"7,614",10/18/2025 14:53:00,8.8361,38.516
"7,615",10/18/2025 14:54:00,8.8341,38.625
"7,616",10/18/2025 14:55:00,8.8372,38.656
"7,617",10/18/2025 14:56:00,8.8351,38.633
"7,618",10/18/2025 14:57:00,8.8351,38.625
"7,619",10/18/2025 14:58:00,8.8341,38.602
"7,620",10/18/2025 14:59:00,8.8361,38.563
"7,621",10/18/2025 15:00:00,8.8351,38.570
"7,622",10/18/2025 15:01:00,8.8361,38.609
"7,623",10/18/2025 15:02:00,8.8351,38.625
"7,624",10/18/2025 15:03:00,8.8351,38.563
"7,625",10/18/2025 15:04:00,8.8372,38.438
"7,626",10/18/2025 15:05:00,8.8372,38.227
"7,627",10/18/2025 15:06:00,8.8372,37.875
"7,628",10/18/2025 15:07:00,8.8361,37.516
"7,629",10/18/2025 15:08:00,8.8382,37.281
"7,630",10/18/2025 15:09:00,8.8392,37.023
"7,631",10/18/2025 15:10:00,8.8392,36.813
"7,632",10/18/2025 15:11:00,8.8372,36.695
"7,633",10/18/2025 15:12:00,8.8382,36.547
"7,634",10/18/2025 15:13:00,8.8372,36.375
"7,635",10/18/2025 15:14:00,8.8382,36.219
"7,636",10/18/2025 15:15:00,8.8382,36.055
"7,637",10/18/2025 15:16:00,8.8402,35.953
"7,638",10/18/2025 15:17:00,8.8392,35.859
"7,639",10/18/2025 15:18:00,8.8372,35.813
"7,640",10/18/2025 15:19:00,8.8382,35.758
"7,641",10/18/2025 15:20:00,8.8392,35.602
"7,642",10/18/2025 15:21:00,8.8382,35.469
"7,643",10/18/2025 15:22:00,8.8382,35.344
"7,644",10/18/2025 15:23:00,8.8372,35.336
"7,645",10/18/2025 15:24:00,8.8372,35.453
"7,646",10/18/2025 15:25:00,8.8372,35.617
"7,647",10/18/2025 15:26:00,8.8351,35.805
"7,648",10/18/2025 15:27:00,8.8361,35.984
"7,649",10/18/2025 15:28:00,8.8351,36.164
"7,650",10/18/2025 15:29:00,8.8361,36.336
"7,651",10/18/2025 15:30:00,8.8341,36.492
"7,652",10/18/2025 15:31:00,8.8351,36.656
"7,653",10/18/2025 15:32:00,8.8341,36.789
"7,654",10/18/2025 15:33:00,8.8351,36.906
"7,655",10/18/2025 15:34:00,8.8331,36.922
"7,656",10/18/2025 15:35:00,8.8351,36.969
"7,657",10/18/2025 15:36:00,8.8351,37.031
"7,658",10/18/2025 15:37:00,8.8351,37.016
"7,659",10/18/2025 15:38:00,8.8341,36.969
"7,660",10/18/2025 15:39:00,8.8341,36.930
"7,661",10/18/2025 15:40:00,8.8331,36.898
"7,662",10/18/2025 15:41:00,8.8331,36.906
"7,663",10/18/2025 15:42:00,8.8351,36.867
"7,664",10/18/2025 15:43:00,8.8331,36.828
"7,665",10/18/2025 15:44:00,8.8341,36.844
"7,666",10/18/2025 15:45:00,8.8351,36.922
"7,667",10/18/2025 15:46:00,8.8341,37.016
"7,668",10/18/2025 15:47:00,8.8331,37.031
"7,669",10/18/2025 15:48:00,8.8331,37.031
"7,670",10/18/2025 15:49:00,8.8351,37.031
"7,671",10/18/2025 15:50:00,8.8341,36.953
"7,672",10/18/2025 15:51:00,8.8341,36.867
"7,673",10/18/2025 15:52:00,8.8331,36.813
"7,674",10/18/2025 15:53:00,8.8331,36.773
"7,675",10/18/2025 15:54:00,8.8341,36.719
"7,676",10/18/2025 15:55:00,8.8341,36.664
"7,677",10/18/2025 15:56:00,8.8341,36.594
"7,678",10/18/2025 15:57:00,8.8331,36.492
"7,679",10/18/2025 15:58:00,8.8351,36.398
"7,680",10/18/2025 15:59:00,8.8351,36.320
"7,681",10/18/2025 16:00:00,8.8341,36.266
"7,682",10/18/2025 16:01:00,8.8341,36.195
"7,683",10/18/2025 16:02:00,8.8341,36.117
"7,684",10/18/2025 16:03:00,8.8361,36.047
"7,685",10/18/2025 16:04:00,8.8341,35.961
"7,686",10/18/2025 16:05:00,8.8351,35.844
"7,687",10/18/2025 16:06:00,8.8331,35.766
"7,688",10/18/2025 16:07:00,8.8351,35.688
"7,689",10/18/2025 16:08:00,8.8351,35.609
"7,690",10/18/2025 16:09:00,8.8361,35.500
"7,691",10/18/2025 16:10:00,8.8341,35.406
"7,692",10/18/2025 16:11:00,8.8351,35.297
"7,693",10/18/2025 16:12:00,8.8372,35.172
"7,694",10/18/2025 16:13:00,8.8372,35.023
"7,695",10/18/2025 16:14:00,8.8361,34.859
"7,696",10/18/2025 16:15:00,8.8382,34.695
"7,697",10/18/2025 16:16:00,8.8372,34.547
"7,698",10/18/2025 16:17:00,8.8361,34.406
"7,699",10/18/2025 16:18:00,8.8382,34.289
"7,700",10/18/2025 16:19:00,8.8372,34.195
"7,701",10/18/2025 16:20:00,8.8361,34.102
"7,702",10/18/2025 16:21:00,8.8361,34.008
"7,703",10/18/2025 16:22:00,8.8382,33.930
"7,704",10/18/2025 16:23:00,8.8372,33.859
"7,705",10/18/2025 16:24:00,8.8372,33.781
"7,706",10/18/2025 16:25:00,8.8382,33.703
"7,707",10/18/2025 16:26:00,8.8382,33.641
"7,708",10/18/2025 16:27:00,8.8392,33.563
"7,709",10/18/2025 16:28:00,8.8382,33.516
"7,710",10/18/2025 16:29:00,8.8382,33.461
"7,711",10/18/2025 16:30:00,8.8382,33.391
"7,712",10/18/2025 16:31:00,8.8372,33.336
"7,713",10/18/2025 16:32:00,8.8392,33.297
"7,714",10/18/2025 16:33:00,8.8382,33.258
"7,715",10/18/2025 16:34:00,8.8372,33.219
"7,716",10/18/2025 16:35:00,8.8392,33.164
"7,717",10/18/2025 16:36:00,8.8382,33.117
"7,718",10/18/2025 16:37:00,8.8382,33.055
"7,719",10/18/2025 16:38:00,8.8382,33.000
"7,720",10/18/2025 16:39:00,8.8382,32.945
"7,721",10/18/2025 16:40:00,8.8382,32.898
"7,722",10/18/2025 16:41:00,8.8382,32.859
"7,723",10/18/2025 16:42:00,8.8382,32.805
"7,724",10/18/2025 16:43:00,8.8392,32.758
"7,725",10/18/2025 16:44:00,8.8372,32.711
"7,726",10/18/2025 16:45:00,8.8382,32.672
"7,727",10/18/2025 16:46:00,8.8382,32.633
"7,728",10/18/2025 16:47:00,8.8392,32.594
"7,729",10/18/2025 16:48:00,8.8392,32.563
"7,730",10/18/2025 16:49:00,8.8392,32.539
"7,731",10/18/2025 16:50:00,8.8382,32.516
"7,732",10/18/2025 16:51:00,8.8402,32.500
"7,733",10/18/2025 16:52:00,8.8382,32.492
"7,734",10/18/2025 16:53:00,8.8382,32.477
"7,735",10/18/2025 16:54:00,8.8402,32.445
"7,736",10/18/2025 16:55:00,8.8392,32.414
"7,737",10/18/2025 16:56:00,8.8382,32.398
"7,738",10/18/2025 16:57:00,8.8392,32.375
"7,739",10/18/2025 16:58:00,8.8402,32.359
"7,740",10/18/2025 16:59:00,8.8392,32.344
"7,741",10/18/2025 17:00:00,8.8382,32.328
"7,742",10/18/2025 17:01:00,8.8392,32.313
"7,743",10/18/2025 17:02:00,8.8392,32.297
"7,744",10/18/2025 17:03:00,8.8392,32.273
"7,745",10/18/2025 17:04:00,8.8402,32.250
"7,746",10/18/2025 17:05:00,8.8402,32.219
"7,747",10/18/2025 17:06:00,8.8412,32.195
"7,748",10/18/2025 17:07:00,8.8392,32.156
"7,749",10/18/2025 17:08:00,8.8412,32.125
"7,750",10/18/2025 17:09:00,8.8392,32.094
"7,751",10/18/2025 17:10:00,8.8402,32.070
"7,752",10/18/2025 17:11:00,8.8402,32.047
"7,753",10/18/2025 17:12:00,8.8392,32.023
"7,754",10/18/2025 17:13:00,8.8402,32.000
"7,755",10/18/2025 17:14:00,8.8392,31.961
"7,756",10/18/2025 17:15:00,8.8412,31.930
"7,757",10/18/2025 17:16:00,8.8402,31.898
"7,758",10/18/2025 17:17:00,8.8402,31.859
"7,759",10/18/2025 17:18:00,8.8402,31.820
"7,760",10/18/2025 17:19:00,8.8402,31.797
"7,761",10/18/2025 17:20:00,8.8412,31.773
"7,762",10/18/2025 17:21:00,8.8412,31.742
"7,763",10/18/2025 17:22:00,8.8433,31.703
"7,764",10/18/2025 17:23:00,8.8402,31.672
"7,765",10/18/2025 17:24:00,8.8433,31.633
"7,766",10/18/2025 17:25:00,8.8423,31.594
"7,767",10/18/2025 17:26:00,8.8423,31.563
"7,768",10/18/2025 17:27:00,8.8412,31.516
"7,769",10/18/2025 17:28:00,8.8412,31.477
"7,770",10/18/2025 17:29:00,8.8423,31.445
"7,771",10/18/2025 17:30:00,8.8423,31.414
"7,772",10/18/2025 17:31:00,8.8433,31.391
"7,773",10/18/2025 17:32:00,8.8423,31.359
"7,774",10/18/2025 17:33:00,8.8423,31.328
"7,775",10/18/2025 17:34:00,8.8423,31.297
"7,776",10/18/2025 17:35:00,8.8423,31.266
"7,777",10/18/2025 17:36:00,8.8433,31.234
"7,778",10/18/2025 17:37:00,8.8423,31.203
"7,779",10/18/2025 17:38:00,8.8433,31.172
"7,780",10/18/2025 17:39:00,8.8433,31.141
"7,781",10/18/2025 17:40:00,8.8443,31.094
"7,782",10/18/2025 17:41:00,8.8433,31.039
"7,783",10/18/2025 17:42:00,8.8443,30.984
"7,784",10/18/2025 17:43:00,8.8443,30.938
"7,785",10/18/2025 17:44:00,8.8453,30.898
"7,786",10/18/2025 17:45:00,8.8443,30.852
"7,787",10/18/2025 17:46:00,8.8443,30.813
"7,788",10/18/2025 17:47:00,8.8443,30.781
"7,789",10/18/2025 17:48:00,8.8453,30.742
"7,790",10/18/2025 17:49:00,8.8443,30.711
"7,791",10/18/2025 17:50:00,8.8463,30.664
"7,792",10/18/2025 17:51:00,8.8463,30.625
"7,793",10/18/2025 17:52:00,8.8443,30.578
"7,794",10/18/2025 17:53:00,8.8453,30.531
"7,795",10/18/2025 17:54:00,8.8484,30.500
"7,796",10/18/2025 17:55:00,8.8463,30.445
"7,797",10/18/2025 17:56:00,8.8463,30.398
"7,798",10/18/2025 17:57:00,8.8463,30.352
"7,799",10/18/2025 17:58:00,8.8474,30.305
"7,800",10/18/2025 17:59:00,8.8463,30.250
"7,801",10/18/2025 18:00:00,8.8474,30.195
"7,802",10/18/2025 18:01:00,8.8474,30.133
"7,803",10/18/2025 18:02:00,8.8474,30.078
"7,804",10/18/2025 18:03:00,8.8484,30.023
"7,805",10/18/2025 18:04:00,8.8474,29.953
"7,806",10/18/2025 18:05:00,8.8484,29.898
"7,807",10/18/2025 18:06:00,8.8484,29.836
"7,808",10/18/2025 18:07:00,8.8494,29.789
"7,809",10/18/2025 18:08:00,8.8494,29.742
"7,810",10/18/2025 18:09:00,8.8494,29.680
"7,811",10/18/2025 18:10:00,8.8494,29.633
"7,812",10/18/2025 18:11:00,8.8504,29.586
"7,813",10/18/2025 18:12:00,8.8504,29.539
"7,814",10/18/2025 18:13:00,8.8494,29.477
"7,815",10/18/2025 18:14:00,8.8514,29.422
"7,816",10/18/2025 18:15:00,8.8514,29.359
"7,817",10/18/2025 18:16:00,8.8514,29.273
"7,818",10/18/2025 18:17:00,8.8514,29.164
"7,819",10/18/2025 18:18:00,8.8535,29.047
"7,820",10/18/2025 18:19:00,8.8535,28.906
"7,821",10/18/2025 18:20:00,8.8535,28.750
"7,822",10/18/2025 18:21:00,8.8535,28.570
"7,823",10/18/2025 18:22:00,8.8545,28.391
"7,824",10/18/2025 18:23:00,8.8545,28.227
"7,825",10/18/2025 18:24:00,8.8555,28.063
"7,826",10/18/2025 18:25:00,8.8555,27.906
"7,827",10/18/2025 18:26:00,8.8555,27.750
"7,828",10/18/2025 18:27:00,8.8565,27.602
"7,829",10/18/2025 18:28:00,8.8565,27.453
"7,830",10/18/2025 18:29:00,8.8565,27.313
"7,831",10/18/2025 18:30:00,8.8575,27.156
"7,832",10/18/2025 18:31:00,8.8575,27.008
"7,833",10/18/2025 18:32:00,8.8586,26.859
"7,834",10/18/2025 18:33:00,8.8586,26.719
"7,835",10/18/2025 18:34:00,8.8586,26.578
"7,836",10/18/2025 18:35:00,8.8596,26.461
"7,837",10/18/2025 18:36:00,8.8596,26.328
"7,838",10/18/2025 18:37:00,8.8596,26.188
"7,839",10/18/2025 18:38:00,8.8596,26.063
"7,840",10/18/2025 18:39:00,8.8616,25.938
"7,841",10/18/2025 18:40:00,8.8606,25.820
"7,842",10/18/2025 18:41:00,8.8616,25.711
"7,843",10/18/2025 18:42:00,8.8606,25.602
"7,844",10/18/2025 18:43:00,8.8606,25.492
"7,845",10/18/2025 18:44:00,8.8616,25.367
"7,846",10/18/2025 18:45:00,8.8626,25.258
"7,847",10/18/2025 18:46:00,8.8637,25.141
"7,848",10/18/2025 18:47:00,8.8647,25.031
"7,849",10/18/2025 18:48:00,8.8637,24.922
"7,850",10/18/2025 18:49:00,8.8637,24.820
"7,851",10/18/2025 18:50:00,8.8637,24.719
"7,852",10/18/2025 18:51:00,8.8647,24.641
"7,853",10/18/2025 18:52:00,8.8647,24.563
"7,854",10/18/2025 18:53:00,8.8647,24.500
"7,855",10/18/2025 18:54:00,8.8657,24.438
"7,856",10/18/2025 18:55:00,8.8657,24.375
"7,857",10/18/2025 18:56:00,8.8657,24.320
"7,858",10/18/2025 18:57:00,8.8657,24.266
"7,859",10/18/2025 18:58:00,8.8657,24.195
"7,860",10/18/2025 18:59:00,8.8657,24.133
"7,861",10/18/2025 19:00:00,8.8667,24.078
"7,862",10/18/2025 19:01:00,8.8667,24.016
"7,863",10/18/2025 19:02:00,8.8677,23.945
"7,864",10/18/2025 19:03:00,8.8688,23.867
"7,865",10/18/2025 19:04:00,8.8677,23.789
"7,866",10/18/2025 19:05:00,8.8677,23.727
"7,867",10/18/2025 19:06:00,8.8688,23.648
"7,868",10/18/2025 19:07:00,8.8688,23.570
"7,869",10/18/2025 19:08:00,8.8698,23.516
"7,870",10/18/2025 19:09:00,8.8698,23.461
"7,871",10/18/2025 19:10:00,8.8698,23.398
"7,872",10/18/2025 19:11:00,8.8708,23.359
"7,873",10/18/2025 19:12:00,8.8698,23.313
"7,874",10/18/2025 19:13:00,8.8708,23.281
"7,875",10/18/2025 19:14:00,8.8708,23.227
"7,876",10/18/2025 19:15:00,8.8708,23.172
"7,877",10/18/2025 19:16:00,8.8708,23.117
"7,878",10/18/2025 19:17:00,8.8718,23.063
"7,879",10/18/2025 19:18:00,8.8718,23.000
"7,880",10/18/2025 19:19:00,8.8718,22.938
"7,881",10/18/2025 19:20:00,8.8718,22.875
"7,882",10/18/2025 19:21:00,8.8728,22.820
"7,883",10/18/2025 19:22:00,8.8728,22.750
"7,884",10/18/2025 19:23:00,8.8728,22.695
"7,885",10/18/2025 19:24:00,8.8728,22.648
"7,886",10/18/2025 19:25:00,8.8739,22.594
"7,887",10/18/2025 19:26:00,8.8728,22.547
"7,888",10/18/2025 19:27:00,8.8739,22.500
"7,889",10/18/2025 19:28:00,8.8739,22.453
"7,890",10/18/2025 19:29:00,8.8739,22.414
"7,891",10/18/2025 19:30:00,8.8739,22.367
"7,892",10/18/2025 19:31:00,8.8739,22.336
"7,893",10/18/2025 19:32:00,8.8749,22.289
"7,894",10/18/2025 19:33:00,8.8749,22.258
"7,895",10/18/2025 19:34:00,8.8739,22.219
"7,896",10/18/2025 19:35:00,8.8749,22.180
"7,897",10/18/2025 19:36:00,8.8759,22.148
"7,898",10/18/2025 19:37:00,8.8749,22.078
"7,899",10/18/2025 19:38:00,8.8739,22.023
"7,900",10/18/2025 19:39:00,8.8759,21.977
"7,901",10/18/2025 19:40:00,8.8759,21.945
"7,902",10/18/2025 19:41:00,8.8769,21.906
"7,903",10/18/2025 19:42:00,8.8759,21.867
"7,904",10/18/2025 19:43:00,8.8759,21.828
"7,905",10/18/2025 19:44:00,8.8759,21.789
"7,906",10/18/2025 19:45:00,8.8749,21.750
"7,907",10/18/2025 19:46:00,8.8769,21.703
"7,908",10/18/2025 19:47:00,8.8769,21.656
"7,909",10/18/2025 19:48:00,8.8769,21.617
"7,910",10/18/2025 19:49:00,8.8769,21.578
"7,911",10/18/2025 19:50:00,8.8779,21.539
"7,912",10/18/2025 19:51:00,8.8779,21.500
"7,913",10/18/2025 19:52:00,8.8790,21.461
"7,914",10/18/2025 19:53:00,8.8790,21.438
"7,915",10/18/2025 19:54:00,8.8790,21.406
"7,916",10/18/2025 19:55:00,8.8779,21.375
"7,917",10/18/2025 19:56:00,8.8779,21.344
"7,918",10/18/2025 19:57:00,8.8790,21.297
"7,919",10/18/2025 19:58:00,8.8790,21.250
"7,920",10/18/2025 19:59:00,8.8800,21.219
"7,921",10/18/2025 20:00:00,8.8800,21.195
"7,922",10/18/2025 20:01:00,8.8800,21.172
"7,923",10/18/2025 20:02:00,8.8800,21.141
"7,924",10/18/2025 20:03:00,8.8800,21.125
"7,925",10/18/2025 20:04:00,8.8800,21.117
"7,926",10/18/2025 20:05:00,8.8800,21.094
"7,927",10/18/2025 20:06:00,8.8810,21.070
"7,928",10/18/2025 20:07:00,8.8810,21.055
"7,929",10/18/2025 20:08:00,8.8800,21.039
"7,930",10/18/2025 20:09:00,8.8810,21.008
"7,931",10/18/2025 20:10:00,8.8810,20.977
"7,932",10/18/2025 20:11:00,8.8810,20.938
"7,933",10/18/2025 20:12:00,8.8810,20.906
"7,934",10/18/2025 20:13:00,8.8820,20.867
"7,935",10/18/2025 20:14:00,8.8820,20.836
"7,936",10/18/2025 20:15:00,8.8820,20.813
"7,937",10/18/2025 20:16:00,8.8830,20.781
"7,938",10/18/2025 20:17:00,8.8830,20.742
"7,939",10/18/2025 20:18:00,8.8830,20.711
"7,940",10/18/2025 20:19:00,8.8830,20.672
"7,941",10/18/2025 20:20:00,8.8830,20.641
"7,942",10/18/2025 20:21:00,8.8830,20.609
"7,943",10/18/2025 20:22:00,8.8830,20.578
"7,944",10/18/2025 20:23:00,8.8840,20.555
"7,945",10/18/2025 20:24:00,8.8840,20.523
"7,946",10/18/2025 20:25:00,8.8830,20.500
"7,947",10/18/2025 20:26:00,8.8840,20.461
"7,948",10/18/2025 20:27:00,8.8840,20.430
"7,949",10/18/2025 20:28:00,8.8840,20.398
"7,950",10/18/2025 20:29:00,8.8851,20.367
"7,951",10/18/2025 20:30:00,8.8851,20.344
"7,952",10/18/2025 20:31:00,8.8851,20.320
"7,953",10/18/2025 20:32:00,8.8851,20.305
"7,954",10/18/2025 20:33:00,8.8851,20.281
"7,955",10/18/2025 20:34:00,8.8851,20.266
"7,956",10/18/2025 20:35:00,8.8861,20.258
"7,957",10/18/2025 20:36:00,8.8861,20.234
"7,958",10/18/2025 20:37:00,8.8851,20.219
"7,959",10/18/2025 20:38:00,8.8861,20.203
"7,960",10/18/2025 20:39:00,8.8861,20.188
"7,961",10/18/2025 20:40:00,8.8871,20.172
"7,962",10/18/2025 20:41:00,8.8871,20.156
"7,963",10/18/2025 20:42:00,8.8861,20.148
"7,964",10/18/2025 20:43:00,8.8871,20.133
"7,965",10/18/2025 20:44:00,8.8871,20.133
"7,966",10/18/2025 20:45:00,8.8871,20.125
"7,967",10/18/2025 20:46:00,8.8871,20.125
"7,968",10/18/2025 20:47:00,8.8881,20.117
"7,969",10/18/2025 20:48:00,8.8871,20.094
"7,970",10/18/2025 20:49:00,8.8871,20.063
"7,971",10/18/2025 20:50:00,8.8881,20.047
"7,972",10/18/2025 20:51:00,8.8881,20.023
"7,973",10/18/2025 20:52:00,8.8881,20.008
"7,974",10/18/2025 20:53:00,8.8881,20.000
"7,975",10/18/2025 20:54:00,8.8881,19.992
"7,976",10/18/2025 20:55:00,8.8881,19.992
"7,977",10/18/2025 20:56:00,8.8891,19.984
"7,978",10/18/2025 20:57:00,8.8891,19.977
"7,979",10/18/2025 20:58:00,8.8891,19.961
"7,980",10/18/2025 20:59:00,8.8891,19.961
"7,981",10/18/2025 21:00:00,8.8881,19.961
"7,982",10/18/2025 21:01:00,8.8891,19.961
"7,983",10/18/2025 21:02:00,8.8881,19.953
"7,984",10/18/2025 21:03:00,8.8891,19.945
"7,985",10/18/2025 21:04:00,8.8891,19.922
"7,986",10/18/2025 21:05:00,8.8902,19.906
"7,987",10/18/2025 21:06:00,8.8902,19.898
"7,988",10/18/2025 21:07:00,8.8902,19.898
"7,989",10/18/2025 21:08:00,8.8902,19.898
"7,990",10/18/2025 21:09:00,8.8902,19.898
"7,991",10/18/2025 21:10:00,8.8902,19.883
"7,992",10/18/2025 21:11:00,8.8902,19.867
"7,993",10/18/2025 21:12:00,8.8902,19.852
"7,994",10/18/2025 21:13:00,8.8902,19.844
"7,995",10/18/2025 21:14:00,8.8891,19.844
"7,996",10/18/2025 21:15:00,8.8902,19.828
"7,997",10/18/2025 21:16:00,8.8902,19.820
"7,998",10/18/2025 21:17:00,8.8902,19.805
"7,999",10/18/2025 21:18:00,8.8902,19.789
"8,000",10/18/2025 21:19:00,8.8902,19.773
"8,001",10/18/2025 21:20:00,8.8912,19.750
"8,002",10/18/2025 21:21:00,8.8912,19.719
"8,003",10/18/2025 21:22:00,8.8912,19.688
"8,004",10/18/2025 21:23:00,8.8912,19.648
"8,005",10/18/2025 21:24:00,8.8922,19.609
"8,006",10/18/2025 21:25:00,8.8912,19.586
"8,007",10/18/2025 21:26:00,8.8912,19.555
"8,008",10/18/2025 21:27:00,8.8922,19.523
"8,009",10/18/2025 21:28:00,8.8922,19.492
"8,010",10/18/2025 21:29:00,8.8922,19.484
"8,011",10/18/2025 21:30:00,8.8922,19.469
"8,012",10/18/2025 21:31:00,8.8922,19.461
"8,013",10/18/2025 21:32:00,8.8922,19.453
"8,014",10/18/2025 21:33:00,8.8932,19.438
"8,015",10/18/2025 21:34:00,8.8922,19.406
"8,016",10/18/2025 21:35:00,8.8932,19.383
"8,017",10/18/2025 21:36:00,8.8942,19.328
"8,018",10/18/2025 21:37:00,8.8942,19.273
"8,019",10/18/2025 21:38:00,8.8942,19.203
"8,020",10/18/2025 21:39:00,8.8942,19.133
"8,021",10/18/2025 21:40:00,8.8942,19.055
"8,022",10/18/2025 21:41:00,8.8953,19.016
"8,023",10/18/2025 21:42:00,8.8953,18.977
"8,024",10/18/2025 21:43:00,8.8953,18.945
"8,025",10/18/2025 21:44:00,8.8953,18.914
"8,026",10/18/2025 21:45:00,8.8942,18.891
"8,027",10/18/2025 21:46:00,8.8953,18.859
"8,028",10/18/2025 21:47:00,8.8953,18.828
"8,029",10/18/2025 21:48:00,8.8963,18.781
"8,030",10/18/2025 21:49:00,8.8963,18.734
"8,031",10/18/2025 21:50:00,8.8973,18.680
"8,032",10/18/2025 21:51:00,8.8963,18.648
"8,033",10/18/2025 21:52:00,8.8963,18.617
"8,034",10/18/2025 21:53:00,8.8973,18.586
"8,035",10/18/2025 21:54:00,8.8973,18.563
"8,036",10/18/2025 21:55:00,8.8973,18.539
"8,037",10/18/2025 21:56:00,8.8973,18.516
"8,038",10/18/2025 21:57:00,8.8983,18.492
"8,039",10/18/2025 21:58:00,8.8973,18.469
"8,040",10/18/2025 21:59:00,8.8983,18.453
"8,041",10/18/2025 22:00:00,8.8973,18.438
"8,042",10/18/2025 22:01:00,8.8983,18.406
"8,043",10/18/2025 22:02:00,8.8983,18.391
"8,044",10/18/2025 22:03:00,8.8973,18.367
"8,045",10/18/2025 22:04:00,8.8983,18.344
"8,046",10/18/2025 22:05:00,8.8983,18.328
"8,047",10/18/2025 22:06:00,8.8983,18.320
"8,048",10/18/2025 22:07:00,8.8973,18.305
"8,049",10/18/2025 22:08:00,8.8983,18.289
"8,050",10/18/2025 22:09:00,8.8983,18.266
"8,051",10/18/2025 22:10:00,8.8983,18.234
"8,052",10/18/2025 22:11:00,8.8993,18.195
"8,053",10/18/2025 22:12:00,8.8983,18.164
"8,054",10/18/2025 22:13:00,8.8983,18.133
"8,055",10/18/2025 22:14:00,8.8973,18.102
"8,056",10/18/2025 22:15:00,8.8993,18.086
"8,057",10/18/2025 22:16:00,8.8983,18.070
"8,058",10/18/2025 22:17:00,8.8983,18.055
"8,059",10/18/2025 22:18:00,8.8993,18.055
"8,060",10/18/2025 22:19:00,8.8983,18.070
"8,061",10/18/2025 22:20:00,8.8983,18.078
"8,062",10/18/2025 22:21:00,8.8983,18.078
"8,063",10/18/2025 22:22:00,8.8993,18.086
"8,064",10/18/2025 22:23:00,8.8983,18.094
"8,065",10/18/2025 22:24:00,8.8983,18.109
"8,066",10/18/2025 22:25:00,8.8983,18.102
"8,067",10/18/2025 22:26:00,8.8983,18.094
"8,068",10/18/2025 22:27:00,8.8993,18.070
"8,069",10/18/2025 22:28:00,8.8983,18.055
"8,070",10/18/2025 22:29:00,8.8993,18.016
"8,071",10/18/2025 22:30:00,8.8993,17.969
"8,072",10/18/2025 22:31:00,8.8993,17.930
"8,073",10/18/2025 22:32:00,8.9004,17.898
"8,074",10/18/2025 22:33:00,8.8993,17.867
"8,075",10/18/2025 22:34:00,8.8993,17.820
"8,076",10/18/2025 22:35:00,8.8993,17.797
"8,077",10/18/2025 22:36:00,8.8993,17.750
"8,078",10/18/2025 22:37:00,8.8993,17.727
"8,079",10/18/2025 22:38:00,8.9004,17.695
"8,080",10/18/2025 22:39:00,8.8993,17.672
"8,081",10/18/2025 22:40:00,8.8993,17.648
"8,082",10/18/2025 22:41:00,8.8993,17.617
"8,083",10/18/2025 22:42:00,8.8993,17.586
"8,084",10/18/2025 22:43:00,8.9004,17.547
"8,085",10/18/2025 22:44:00,8.8993,17.516
"8,086",10/18/2025 22:45:00,8.8993,17.500
"8,087",10/18/2025 22:46:00,8.9004,17.477
"8,088",10/18/2025 22:47:00,8.8993,17.445
"8,089",10/18/2025 22:48:00,8.9004,17.430
"8,090",10/18/2025 22:49:00,8.9004,17.438
"8,091",10/18/2025 22:50:00,8.9004,17.430
"8,092",10/18/2025 22:51:00,8.9004,17.438
"8,093",10/18/2025 22:52:00,8.8983,17.453
"8,094",10/18/2025 22:53:00,8.8983,17.461
"8,095",10/18/2025 22:54:00,8.8993,17.461
"8,096",10/18/2025 22:55:00,8.8993,17.461
"8,097",10/18/2025 22:56:00,8.8993,17.461
"8,098",10/18/2025 22:57:00,8.8983,17.453
"8,099",10/18/2025 22:58:00,8.8983,17.453
"8,100",10/18/2025 22:59:00,8.8993,17.453
"8,101",10/18/2025 23:00:00,8.8983,17.461
"8,102",10/18/2025 23:01:00,8.8983,17.453
"8,103",10/18/2025 23:02:00,8.8983,17.461
"8,104",10/18/2025 23:03:00,8.8983,17.461
"8,105",10/18/2025 23:04:00,8.8993,17.461
"8,106",10/18/2025 23:05:00,8.8993,17.453
"8,107",10/18/2025 23:06:00,8.8993,17.445
"8,108",10/18/2025 23:07:00,8.8983,17.438
"8,109",10/18/2025 23:08:00,8.8983,17.430
"8,110",10/18/2025 23:09:00,8.8983,17.422
"8,111",10/18/2025 23:10:00,8.8983,17.430
"8,112",10/18/2025 23:11:00,8.8983,17.422
"8,113",10/18/2025 23:12:00,8.8983,17.414
"8,114",10/18/2025 23:13:00,8.8983,17.398
"8,115",10/18/2025 23:14:00,8.8973,17.391
"8,116",10/18/2025 23:15:00,8.8983,17.391
"8,117",10/18/2025 23:16:00,8.8983,17.383
"8,118",10/18/2025 23:17:00,8.8983,17.391
"8,119",10/18/2025 23:18:00,8.8983,17.398
"8,120",10/18/2025 23:19:00,8.8983,17.406
"8,121",10/18/2025 23:20:00,8.8983,17.406
"8,122",10/18/2025 23:21:00,8.8983,17.414
"8,123",10/18/2025 23:22:00,8.8983,17.430
"8,124",10/18/2025 23:23:00,8.8993,17.422
"8,125",10/18/2025 23:24:00,8.8993,17.414
"8,126",10/18/2025 23:25:00,8.8993,17.422
"8,127",10/18/2025 23:26:00,8.9004,17.438
"8,128",10/18/2025 23:27:00,8.9014,17.461
"8,129",10/18/2025 23:28:00,8.8993,17.492
"8,130",10/18/2025 23:29:00,8.8993,17.531
"8,131",10/18/2025 23:30:00,8.9004,17.539
"8,132",10/18/2025 23:31:00,8.8993,17.508
"8,133",10/18/2025 23:32:00,8.8993,17.453
"8,134",10/18/2025 23:33:00,8.9014,17.406
"8,135",10/18/2025 23:34:00,8.9004,17.359
"8,136",10/18/2025 23:35:00,8.9004,17.328
"8,137",10/18/2025 23:36:00,8.9004,17.313
"8,138",10/18/2025 23:37:00,8.9004,17.289
"8,139",10/18/2025 23:38:00,8.9004,17.266
"8,140",10/18/2025 23:39:00,8.9004,17.250
"8,141",10/18/2025 23:40:00,8.9004,17.227
"8,142",10/18/2025 23:41:00,8.9004,17.219
"8,143",10/18/2025 23:42:00,8.9014,17.219
"8,144",10/18/2025 23:43:00,8.9004,17.219
"8,145",10/18/2025 23:44:00,8.9014,17.219
"8,146",10/18/2025 23:45:00,8.8993,17.203
"8,147",10/18/2025 23:46:00,8.9004,17.188
"8,148",10/18/2025 23:47:00,8.9004,17.180
"8,149",10/18/2025 23:48:00,8.8993,17.164
"8,150",10/18/2025 23:49:00,8.8993,17.156
"8,151",10/18/2025 23:50:00,8.8993,17.125
"8,152",10/18/2025 23:51:00,8.8993,17.109
"8,153",10/18/2025 23:52:00,8.8993,17.102
"8,154",10/18/2025 23:53:00,8.9004,17.094
"8,155",10/18/2025 23:54:00,8.8993,17.086
"8,156",10/18/2025 23:55:00,8.8993,17.094
"8,157",10/18/2025 23:56:00,8.8983,17.094
"8,158",10/18/2025 23:57:00,8.8983,17.094
"8,159",10/18/2025 23:58:00,8.8983,17.094
"8,160",10/18/2025 23:59:00,8.8983,17.125
"8,161",10/19/2025 0:00:00,8.8993,17.133
"8,162",10/19/2025 0:01:00,8.8983,17.141
"8,163",10/19/2025 0:02:00,8.8983,17.141
"8,164",10/19/2025 0:03:00,8.8983,17.148
"8,165",10/19/2025 0:04:00,8.8983,17.148
"8,166",10/19/2025 0:05:00,8.8983,17.141
"8,167",10/19/2025 0:06:00,8.8983,17.141
"8,168",10/19/2025 0:07:00,8.8993,17.156
"8,169",10/19/2025 0:08:00,8.8983,17.141
"8,170",10/19/2025 0:09:00,8.8983,17.133
"8,171",10/19/2025 0:10:00,8.8983,17.133
"8,172",10/19/2025 0:11:00,8.8993,17.109
"8,173",10/19/2025 0:12:00,8.8983,17.094
"8,174",10/19/2025 0:13:00,8.8993,17.078
"8,175",10/19/2025 0:14:00,8.8983,17.055
"8,176",10/19/2025 0:15:00,8.8983,17.039
"8,177",10/19/2025 0:16:00,8.8983,17.023
"8,178",10/19/2025 0:17:00,8.8983,17.008
"8,179",10/19/2025 0:18:00,8.8983,17.000
"8,180",10/19/2025 0:19:00,8.8983,16.992
"8,181",10/19/2025 0:20:00,8.8993,16.984
"8,182",10/19/2025 0:21:00,8.8993,16.961
"8,183",10/19/2025 0:22:00,8.8983,16.945
"8,184",10/19/2025 0:23:00,8.8993,16.922
"8,185",10/19/2025 0:24:00,8.8983,16.898
"8,186",10/19/2025 0:25:00,8.8983,16.875
"8,187",10/19/2025 0:26:00,8.8993,16.844
"8,188",10/19/2025 0:27:00,8.8983,16.805
"8,189",10/19/2025 0:28:00,8.8993,16.773
"8,190",10/19/2025 0:29:00,8.8993,16.742
"8,191",10/19/2025 0:30:00,8.8993,16.719
"8,192",10/19/2025 0:31:00,8.8993,16.711
"8,193",10/19/2025 0:32:00,8.8993,16.695
"8,194",10/19/2025 0:33:00,8.8993,16.695
"8,195",10/19/2025 0:34:00,8.8993,16.703
"8,196",10/19/2025 0:35:00,8.8993,16.703
"8,197",10/19/2025 0:36:00,8.8993,16.711
"8,198",10/19/2025 0:37:00,8.8983,16.711
"8,199",10/19/2025 0:38:00,8.8983,16.719
"8,200",10/19/2025 0:39:00,8.8983,16.750
"8,201",10/19/2025 0:40:00,8.8983,16.773
"8,202",10/19/2025 0:41:00,8.8983,16.805
"8,203",10/19/2025 0:42:00,8.8983,16.828
"8,204",10/19/2025 0:43:00,8.8973,16.852
"8,205",10/19/2025 0:44:00,8.8973,16.867
"8,206",10/19/2025 0:45:00,8.8963,16.930
"8,207",10/19/2025 0:46:00,8.8953,17.242
"8,208",10/19/2025 0:47:00,8.8932,17.688
"8,209",10/19/2025 0:48:00,8.8932,18.102
"8,210",10/19/2025 0:49:00,8.8922,18.508
"8,211",10/19/2025 0:50:00,8.8912,18.922
"8,212",10/19/2025 0:51:00,8.8902,19.336
"8,213",10/19/2025 0:52:00,8.8881,19.719
"8,214",10/19/2025 0:53:00,8.8891,20.063
"8,215",10/19/2025 0:54:00,8.8881,20.367
"8,216",10/19/2025 0:55:00,8.8881,20.648
"8,217",10/19/2025 0:56:00,8.8871,20.883
"8,218",10/19/2025 0:57:00,8.8871,21.109
"8,219",10/19/2025 0:58:00,8.8861,21.297
"8,220",10/19/2025 0:59:00,8.8861,21.508
"8,221",10/19/2025 1:00:00,8.8861,21.695
"8,222",10/19/2025 1:01:00,8.8861,21.852
"8,223",10/19/2025 1:02:00,8.8851,22.016
"8,224",10/19/2025 1:03:00,8.8851,22.195
"8,225",10/19/2025 1:04:00,8.8861,22.313
"8,226",10/19/2025 1:05:00,8.8851,22.422
"8,227",10/19/2025 1:06:00,8.8830,22.508
"8,228",10/19/2025 1:07:00,8.8840,22.578
"8,229",10/19/2025 1:08:00,8.8830,22.641
"8,230",10/19/2025 1:09:00,8.8840,22.695
"8,231",10/19/2025 1:10:00,8.8830,22.750
"8,232",10/19/2025 1:11:00,8.8840,22.813
"8,233",10/19/2025 1:12:00,8.8830,22.844
"8,234",10/19/2025 1:13:00,8.8820,22.859
"8,235",10/19/2025 1:14:00,8.8830,22.859
"8,236",10/19/2025 1:15:00,8.8830,22.844
"8,237",10/19/2025 1:16:00,8.8830,22.844
"8,238",10/19/2025 1:17:00,8.8830,22.828
"8,239",10/19/2025 1:18:00,8.8830,22.836
"8,240",10/19/2025 1:19:00,8.8830,22.828
"8,241",10/19/2025 1:20:00,8.8830,22.828
"8,242",10/19/2025 1:21:00,8.8830,22.820
"8,243",10/19/2025 1:22:00,8.8820,22.805
"8,244",10/19/2025 1:23:00,8.8820,22.789
"8,245",10/19/2025 1:24:00,8.8820,22.789
"8,246",10/19/2025 1:25:00,8.8820,22.773
"8,247",10/19/2025 1:26:00,8.8830,22.758
"8,248",10/19/2025 1:27:00,8.8830,22.750
"8,249",10/19/2025 1:28:00,8.8820,22.734
"8,250",10/19/2025 1:29:00,8.8830,22.719
"8,251",10/19/2025 1:30:00,8.8830,22.695
"8,252",10/19/2025 1:31:00,8.8830,22.680
"8,253",10/19/2025 1:32:00,8.8820,22.664
"8,254",10/19/2025 1:33:00,8.8820,22.648
"8,255",10/19/2025 1:34:00,8.8830,22.625
"8,256",10/19/2025 1:35:00,8.8840,22.602
"8,257",10/19/2025 1:36:00,8.8830,22.578
"8,258",10/19/2025 1:37:00,8.8830,22.547
"8,259",10/19/2025 1:38:00,8.8830,22.516
"8,260",10/19/2025 1:39:00,8.8840,22.500
"8,261",10/19/2025 1:40:00,8.8830,22.469
"8,262",10/19/2025 1:41:00,8.8840,22.445
"8,263",10/19/2025 1:42:00,8.8840,22.438
"8,264",10/19/2025 1:43:00,8.8840,22.445
"8,265",10/19/2025 1:44:00,8.8840,22.438
"8,266",10/19/2025 1:45:00,8.8840,22.398
"8,267",10/19/2025 1:46:00,8.8840,22.344
"8,268",10/19/2025 1:47:00,8.8840,22.234
"8,269",10/19/2025 1:48:00,8.8851,22.125
"8,270",10/19/2025 1:49:00,8.8851,22.023
"8,271",10/19/2025 1:50:00,8.8840,21.922
"8,272",10/19/2025 1:51:00,8.8851,21.828
"8,273",10/19/2025 1:52:00,8.8851,21.742
"8,274",10/19/2025 1:53:00,8.8851,21.680
"8,275",10/19/2025 1:54:00,8.8851,21.656
"8,276",10/19/2025 1:55:00,8.8840,21.656
"8,277",10/19/2025 1:56:00,8.8851,21.664
"8,278",10/19/2025 1:57:00,8.8840,21.656
"8,279",10/19/2025 1:58:00,8.8840,21.680
"8,280",10/19/2025 1:59:00,8.8851,21.695
"8,281",10/19/2025 2:00:00,8.8851,21.719
"8,282",10/19/2025 2:01:00,8.8830,21.727
"8,283",10/19/2025 2:02:00,8.8840,21.742
"8,284",10/19/2025 2:03:00,8.8840,21.773
"8,285",10/19/2025 2:04:00,8.8840,21.813
"8,286",10/19/2025 2:05:00,8.8840,21.852
"8,287",10/19/2025 2:06:00,8.8830,21.891
"8,288",10/19/2025 2:07:00,8.8840,21.914
"8,289",10/19/2025 2:08:00,8.8830,21.953
"8,290",10/19/2025 2:09:00,8.8830,21.992
"8,291",10/19/2025 2:10:00,8.8840,22.016
"8,292",10/19/2025 2:11:00,8.8830,22.055
"8,293",10/19/2025 2:12:00,8.8830,22.094
"8,294",10/19/2025 2:13:00,8.8820,22.125
"8,295",10/19/2025 2:14:00,8.8830,22.141
"8,296",10/19/2025 2:15:00,8.8830,22.133
"8,297",10/19/2025 2:16:00,8.8820,22.141
"8,298",10/19/2025 2:17:00,8.8820,22.148
"8,299",10/19/2025 2:18:00,8.8830,22.172
"8,300",10/19/2025 2:19:00,8.8820,22.195
"8,301",10/19/2025 2:20:00,8.8820,22.195
"8,302",10/19/2025 2:21:00,8.8820,22.211
"8,303",10/19/2025 2:22:00,8.8830,22.227
"8,304",10/19/2025 2:23:00,8.8820,22.234
"8,305",10/19/2025 2:24:00,8.8820,22.234
"8,306",10/19/2025 2:25:00,8.8810,22.227
"8,307",10/19/2025 2:26:00,8.8820,22.234
"8,308",10/19/2025 2:27:00,8.8820,22.227
"8,309",10/19/2025 2:28:00,8.8810,22.203
"8,310",10/19/2025 2:29:00,8.8810,22.188
"8,311",10/19/2025 2:30:00,8.8810,22.188
"8,312",10/19/2025 2:31:00,8.8800,22.195
"8,313",10/19/2025 2:32:00,8.8810,22.195
"8,314",10/19/2025 2:33:00,8.8810,22.211
"8,315",10/19/2025 2:34:00,8.8810,22.203
"8,316",10/19/2025 2:35:00,8.8810,22.195
"8,317",10/19/2025 2:36:00,8.8810,22.203
"8,318",10/19/2025 2:37:00,8.8810,22.203
"8,319",10/19/2025 2:38:00,8.8810,22.203
"8,320",10/19/2025 2:39:00,8.8810,22.211
"8,321",10/19/2025 2:40:00,8.8810,22.219
"8,322",10/19/2025 2:41:00,8.8800,22.234
"8,323",10/19/2025 2:42:00,8.8800,22.242
"8,324",10/19/2025 2:43:00,8.8800,22.266
"8,325",10/19/2025 2:44:00,8.8800,22.289
"8,326",10/19/2025 2:45:00,8.8790,22.305
"8,327",10/19/2025 2:46:00,8.8800,22.320
"8,328",10/19/2025 2:47:00,8.8790,22.320
"8,329",10/19/2025 2:48:00,8.8790,22.328
"8,330",10/19/2025 2:49:00,8.8779,22.344
"8,331",10/19/2025 2:50:00,8.8769,22.352
"8,332",10/19/2025 2:51:00,8.8779,22.352
"8,333",10/19/2025 2:52:00,8.8779,22.344
"8,334",10/19/2025 2:53:00,8.8769,22.344
"8,335",10/19/2025 2:54:00,8.8790,22.352
"8,336",10/19/2025 2:55:00,8.8779,22.336
"8,337",10/19/2025 2:56:00,8.8779,22.336
"8,338",10/19/2025 2:57:00,8.8779,22.344
"8,339",10/19/2025 2:58:00,8.8779,22.344
"8,340",10/19/2025 2:59:00,8.8779,22.344
"8,341",10/19/2025 3:00:00,8.8779,22.344
"8,342",10/19/2025 3:01:00,8.8779,22.344
"8,343",10/19/2025 3:02:00,8.8769,22.336
"8,344",10/19/2025 3:03:00,8.8790,22.328
"8,345",10/19/2025 3:04:00,8.8759,22.320
"8,346",10/19/2025 3:05:00,8.8779,22.313
"8,347",10/19/2025 3:06:00,8.8779,22.305
"8,348",10/19/2025 3:07:00,8.8779,22.289
"8,349",10/19/2025 3:08:00,8.8779,22.281
"8,350",10/19/2025 3:09:00,8.8779,22.273
"8,351",10/19/2025 3:10:00,8.8769,22.250
"8,352",10/19/2025 3:11:00,8.8779,22.227
"8,353",10/19/2025 3:12:00,8.8779,22.203
"8,354",10/19/2025 3:13:00,8.8779,22.172
"8,355",10/19/2025 3:14:00,8.8779,22.156
"8,356",10/19/2025 3:15:00,8.8779,22.141
"8,357",10/19/2025 3:16:00,8.8779,22.109
"8,358",10/19/2025 3:17:00,8.8790,22.078
"8,359",10/19/2025 3:18:00,8.8790,22.047
"8,360",10/19/2025 3:19:00,8.8779,22.016
"8,361",10/19/2025 3:20:00,8.8790,21.984
"8,362",10/19/2025 3:21:00,8.8790,21.938
"8,363",10/19/2025 3:22:00,8.8800,21.898
"8,364",10/19/2025 3:23:00,8.8790,21.852
"8,365",10/19/2025 3:24:00,8.8800,21.797
"8,366",10/19/2025 3:25:00,8.8800,21.758
"8,367",10/19/2025 3:26:00,8.8800,21.727
"8,368",10/19/2025 3:27:00,8.8810,21.680
"8,369",10/19/2025 3:28:00,8.8810,21.625
"8,370",10/19/2025 3:29:00,8.8810,21.570
"8,371",10/19/2025 3:30:00,8.8820,21.516
"8,372",10/19/2025 3:31:00,8.8820,21.461
"8,373",10/19/2025 3:32:00,8.8820,21.391
"8,374",10/19/2025 3:33:00,8.8820,21.336
"8,375",10/19/2025 3:34:00,8.8830,21.273
"8,376",10/19/2025 3:35:00,8.8830,21.211
"8,377",10/19/2025 3:36:00,8.8830,21.164
"8,378",10/19/2025 3:37:00,8.8851,21.117
"8,379",10/19/2025 3:38:00,8.8840,21.063
"8,380",10/19/2025 3:39:00,8.8851,21.000
"8,381",10/19/2025 3:40:00,8.8851,20.891
"8,382",10/19/2025 3:41:00,8.8861,20.742
"8,383",10/19/2025 3:42:00,8.8871,20.563
"8,384",10/19/2025 3:43:00,8.8871,20.383
"8,385",10/19/2025 3:44:00,8.8881,20.188
"8,386",10/19/2025 3:45:00,8.8891,19.992
"8,387",10/19/2025 3:46:00,8.8881,19.797
"8,388",10/19/2025 3:47:00,8.8902,19.633
"8,389",10/19/2025 3:48:00,8.8902,19.477
"8,390",10/19/2025 3:49:00,8.8902,19.297
"8,391",10/19/2025 3:50:00,8.8902,19.125
"8,392",10/19/2025 3:51:00,8.8902,18.969
"8,393",10/19/2025 3:52:00,8.8912,18.805
"8,394",10/19/2025 3:53:00,8.8922,18.648
"8,395",10/19/2025 3:54:00,8.8932,18.523
"8,396",10/19/2025 3:55:00,8.8942,18.406
"8,397",10/19/2025 3:56:00,8.8942,18.281
"8,398",10/19/2025 3:57:00,8.8942,18.141
"8,399",10/19/2025 3:58:00,8.8953,18.016
"8,400",10/19/2025 3:59:00,8.8963,17.898
"8,401",10/19/2025 4:00:00,8.8953,17.813
"8,402",10/19/2025 4:01:00,8.8963,17.727
"8,403",10/19/2025 4:02:00,8.8963,17.641
"8,404",10/19/2025 4:03:00,8.8963,17.555
"8,405",10/19/2025 4:04:00,8.8963,17.453
"8,406",10/19/2025 4:05:00,8.8973,17.336
"8,407",10/19/2025 4:06:00,8.8973,17.219
"8,408",10/19/2025 4:07:00,8.8983,17.094
"8,409",10/19/2025 4:08:00,8.8983,16.992
"8,410",10/19/2025 4:09:00,8.8983,16.906
"8,411",10/19/2025 4:10:00,8.8993,16.820
"8,412",10/19/2025 4:11:00,8.8983,16.758
"8,413",10/19/2025 4:12:00,8.8993,16.680
"8,414",10/19/2025 4:13:00,8.8993,16.617
"8,415",10/19/2025 4:14:00,8.9004,16.555
"8,416",10/19/2025 4:15:00,8.8993,16.484
"8,417",10/19/2025 4:16:00,8.9004,16.422
"8,418",10/19/2025 4:17:00,8.9004,16.352
"8,419",10/19/2025 4:18:00,8.9014,16.297
"8,420",10/19/2025 4:19:00,8.9024,16.234
"8,421",10/19/2025 4:20:00,8.9014,16.164
"8,422",10/19/2025 4:21:00,8.9024,16.109
"8,423",10/19/2025 4:22:00,8.9014,16.055
"8,424",10/19/2025 4:23:00,8.9024,16.016
"8,425",10/19/2025 4:24:00,8.9024,15.969
"8,426",10/19/2025 4:25:00,8.9034,15.922
"8,427",10/19/2025 4:26:00,8.9034,15.859
"8,428",10/19/2025 4:27:00,8.9034,15.813
"8,429",10/19/2025 4:28:00,8.9044,15.758
"8,430",10/19/2025 4:29:00,8.9034,15.703
"8,431",10/19/2025 4:30:00,8.9044,15.656
"8,432",10/19/2025 4:31:00,8.9044,15.602
"8,433",10/19/2025 4:32:00,8.9044,15.547
"8,434",10/19/2025 4:33:00,8.9055,15.477
"8,435",10/19/2025 4:34:00,8.9055,15.406
"8,436",10/19/2025 4:35:00,8.9055,15.359
"8,437",10/19/2025 4:36:00,8.9055,15.313
"8,438",10/19/2025 4:37:00,8.9065,15.273
"8,439",10/19/2025 4:38:00,8.9065,15.219
"8,440",10/19/2025 4:39:00,8.9065,15.180
"8,441",10/19/2025 4:40:00,8.9065,15.148
"8,442",10/19/2025 4:41:00,8.9075,15.102
"8,443",10/19/2025 4:42:00,8.9075,15.047
"8,444",10/19/2025 4:43:00,8.9075,14.992
"8,445",10/19/2025 4:44:00,8.9075,14.938
"8,446",10/19/2025 4:45:00,8.9075,14.898
"8,447",10/19/2025 4:46:00,8.9075,14.844
"8,448",10/19/2025 4:47:00,8.9085,14.797
"8,449",10/19/2025 4:48:00,8.9085,14.758
"8,450",10/19/2025 4:49:00,8.9085,14.719
"8,451",10/19/2025 4:50:00,8.9095,14.672
"8,452",10/19/2025 4:51:00,8.9095,14.633
"8,453",10/19/2025 4:52:00,8.9095,14.594
"8,454",10/19/2025 4:53:00,8.9095,14.563
"8,455",10/19/2025 4:54:00,8.9095,14.539
"8,456",10/19/2025 4:55:00,8.9095,14.531
"8,457",10/19/2025 4:56:00,8.9095,14.516
"8,458",10/19/2025 4:57:00,8.9106,14.500
"8,459",10/19/2025 4:58:00,8.9106,14.477
"8,460",10/19/2025 4:59:00,8.9106,14.461
"8,461",10/19/2025 5:00:00,8.9106,14.453
"8,462",10/19/2025 5:01:00,8.9116,14.414
"8,463",10/19/2025 5:02:00,8.9116,14.375
"8,464",10/19/2025 5:03:00,8.9126,14.336
"8,465",10/19/2025 5:04:00,8.9126,14.289
"8,466",10/19/2025 5:05:00,8.9126,14.234
"8,467",10/19/2025 5:06:00,8.9136,14.188
"8,468",10/19/2025 5:07:00,8.9136,14.141
"8,469",10/19/2025 5:08:00,8.9136,14.109
"8,470",10/19/2025 5:09:00,8.9136,14.078
"8,471",10/19/2025 5:10:00,8.9136,14.047
"8,472",10/19/2025 5:11:00,8.9136,14.000
"8,473",10/19/2025 5:12:00,8.9136,13.953
"8,474",10/19/2025 5:13:00,8.9146,13.914
"8,475",10/19/2025 5:14:00,8.9146,13.867
"8,476",10/19/2025 5:15:00,8.9146,13.820
"8,477",10/19/2025 5:16:00,8.9146,13.781
"8,478",10/19/2025 5:17:00,8.9157,13.734
"8,479",10/19/2025 5:18:00,8.9167,13.703
"8,480",10/19/2025 5:19:00,8.9157,13.664
"8,481",10/19/2025 5:20:00,8.9157,13.633
"8,482",10/19/2025 5:21:00,8.9157,13.594
"8,483",10/19/2025 5:22:00,8.9167,13.555
"8,484",10/19/2025 5:23:00,8.9167,13.523
"8,485",10/19/2025 5:24:00,8.9167,13.484
"8,486",10/19/2025 5:25:00,8.9167,13.445
"8,487",10/19/2025 5:26:00,8.9167,13.406
"8,488",10/19/2025 5:27:00,8.9167,13.367
"8,489",10/19/2025 5:28:00,8.9177,13.320
"8,490",10/19/2025 5:29:00,8.9177,13.273
"8,491",10/19/2025 5:30:00,8.9177,13.250
"8,492",10/19/2025 5:31:00,8.9177,13.219
"8,493",10/19/2025 5:32:00,8.9177,13.188
"8,494",10/19/2025 5:33:00,8.9177,13.156
"8,495",10/19/2025 5:34:00,8.9177,13.117
"8,496",10/19/2025 5:35:00,8.9187,13.094
"8,497",10/19/2025 5:36:00,8.9187,13.070
"8,498",10/19/2025 5:37:00,8.9187,13.055
"8,499",10/19/2025 5:38:00,8.9187,13.031
"8,500",10/19/2025 5:39:00,8.9177,13.000
"8,501",10/19/2025 5:40:00,8.9187,12.977
"8,502",10/19/2025 5:41:00,8.9187,12.953
"8,503",10/19/2025 5:42:00,8.9187,12.930
"8,504",10/19/2025 5:43:00,8.9187,12.922
"8,505",10/19/2025 5:44:00,8.9187,12.914
"8,506",10/19/2025 5:45:00,8.9187,12.906
"8,507",10/19/2025 5:46:00,8.9187,12.891
"8,508",10/19/2025 5:47:00,8.9187,12.891
"8,509",10/19/2025 5:48:00,8.9187,12.891
"8,510",10/19/2025 5:49:00,8.9187,12.891
"8,511",10/19/2025 5:50:00,8.9197,12.875
"8,512",10/19/2025 5:51:00,8.9197,12.859
"8,513",10/19/2025 5:52:00,8.9197,12.844
"8,514",10/19/2025 5:53:00,8.9197,12.828
"8,515",10/19/2025 5:54:00,8.9207,12.805
"8,516",10/19/2025 5:55:00,8.9197,12.781
"8,517",10/19/2025 5:56:00,8.9207,12.766
"8,518",10/19/2025 5:57:00,8.9207,12.742
"8,519",10/19/2025 5:58:00,8.9207,12.742
"8,520",10/19/2025 5:59:00,8.9207,12.727
"8,521",10/19/2025 6:00:00,8.9218,12.711
"8,522",10/19/2025 6:01:00,8.9218,12.703
"8,523",10/19/2025 6:02:00,8.9218,12.703
"8,524",10/19/2025 6:03:00,8.9218,12.695
"8,525",10/19/2025 6:04:00,8.9218,12.680
"8,526",10/19/2025 6:05:00,8.9228,12.672
"8,527",10/19/2025 6:06:00,8.9218,12.664
"8,528",10/19/2025 6:07:00,8.9228,12.672
"8,529",10/19/2025 6:08:00,8.9228,12.680
"8,530",10/19/2025 6:09:00,8.9228,12.695
"8,531",10/19/2025 6:10:00,8.9228,12.695
"8,532",10/19/2025 6:11:00,8.9218,12.711
"8,533",10/19/2025 6:12:00,8.9218,12.742
"8,534",10/19/2025 6:13:00,8.9228,12.773
"8,535",10/19/2025 6:14:00,8.9228,12.828
"8,536",10/19/2025 6:15:00,8.9228,12.891
"8,537",10/19/2025 6:16:00,8.9218,12.953
"8,538",10/19/2025 6:17:00,8.9218,13.023
"8,539",10/19/2025 6:18:00,8.9218,13.109
"8,540",10/19/2025 6:19:00,8.9218,13.188
"8,541",10/19/2025 6:20:00,8.9218,13.273
"8,542",10/19/2025 6:21:00,8.9218,13.367
"8,543",10/19/2025 6:22:00,8.9218,13.469
"8,544",10/19/2025 6:23:00,8.9218,13.563
"8,545",10/19/2025 6:24:00,8.9218,13.664
"8,546",10/19/2025 6:25:00,8.9218,13.758
"8,547",10/19/2025 6:26:00,8.9218,13.875
"8,548",10/19/2025 6:27:00,8.9207,14.000
"8,549",10/19/2025 6:28:00,8.9207,14.133
"8,550",10/19/2025 6:29:00,8.9218,14.250
"8,551",10/19/2025 6:30:00,8.9207,14.383
"8,552",10/19/2025 6:31:00,8.9207,14.508
"8,553",10/19/2025 6:32:00,8.9207,14.641
"8,554",10/19/2025 6:33:00,8.9197,14.781
"8,555",10/19/2025 6:34:00,8.9197,14.930
"8,556",10/19/2025 6:35:00,8.9187,15.070
"8,557",10/19/2025 6:36:00,8.9187,15.211
"8,558",10/19/2025 6:37:00,8.9187,15.359
"8,559",10/19/2025 6:38:00,8.9177,15.516
"8,560",10/19/2025 6:39:00,8.9187,15.672
"8,561",10/19/2025 6:40:00,8.9177,15.828
"8,562",10/19/2025 6:41:00,8.9177,16.000
"8,563",10/19/2025 6:42:00,8.9177,16.180
"8,564",10/19/2025 6:43:00,8.9167,16.359
"8,565",10/19/2025 6:44:00,8.9167,16.547
"8,566",10/19/2025 6:45:00,8.9167,16.727
"8,567",10/19/2025 6:46:00,8.9157,16.922
"8,568",10/19/2025 6:47:00,8.9146,17.133
"8,569",10/19/2025 6:48:00,8.9157,17.297
"8,570",10/19/2025 6:49:00,8.9157,17.430
"8,571",10/19/2025 6:50:00,8.9146,17.586
"8,572",10/19/2025 6:51:00,8.9146,17.742
"8,573",10/19/2025 6:52:00,8.9136,17.914
"8,574",10/19/2025 6:53:00,8.9136,18.109
"8,575",10/19/2025 6:54:00,8.9126,18.328
"8,576",10/19/2025 6:55:00,8.9126,18.523
"8,577",10/19/2025 6:56:00,8.9136,18.711
"8,578",10/19/2025 6:57:00,8.9126,18.922
"8,579",10/19/2025 6:58:00,8.9116,19.133
"8,580",10/19/2025 6:59:00,8.9116,19.328
"8,581",10/19/2025 7:00:00,8.9116,19.500
"8,582",10/19/2025 7:01:00,8.9116,19.648
"8,583",10/19/2025 7:02:00,8.9116,19.805
"8,584",10/19/2025 7:03:00,8.9116,20.000
"8,585",10/19/2025 7:04:00,8.9106,20.211
"8,586",10/19/2025 7:05:00,8.9106,20.383
"8,587",10/19/2025 7:06:00,8.9106,20.555
"8,588",10/19/2025 7:07:00,8.9095,20.750
"8,589",10/19/2025 7:08:00,8.9095,20.930
"8,590",10/19/2025 7:09:00,8.9095,21.109
"8,591",10/19/2025 7:10:00,8.9095,21.336
"8,592",10/19/2025 7:11:00,8.9085,21.594
"8,593",10/19/2025 7:12:00,8.9085,21.789
"8,594",10/19/2025 7:13:00,8.9075,22.016
"8,595",10/19/2025 7:14:00,8.9075,22.266
"8,596",10/19/2025 7:15:00,8.9075,22.516
"8,597",10/19/2025 7:16:00,8.9065,22.750
"8,598",10/19/2025 7:17:00,8.9075,22.984
"8,599",10/19/2025 7:18:00,8.9065,23.180
"8,600",10/19/2025 7:19:00,8.9065,23.375
"8,601",10/19/2025 7:20:00,8.9065,23.617
"8,602",10/19/2025 7:21:00,8.9055,23.773
"8,603",10/19/2025 7:22:00,8.9055,23.891
"8,604",10/19/2025 7:23:00,8.9055,24.031
"8,605",10/19/2025 7:24:00,8.9055,24.156
"8,606",10/19/2025 7:25:00,8.9055,24.289
"8,607",10/19/2025 7:26:00,8.9055,24.414
"8,608",10/19/2025 7:27:00,8.9065,24.523
"8,609",10/19/2025 7:28:00,8.9055,24.695
"8,610",10/19/2025 7:29:00,8.9044,24.820
"8,611",10/19/2025 7:30:00,8.9055,24.883
"8,612",10/19/2025 7:31:00,8.9055,25.031
"8,613",10/19/2025 7:32:00,8.9055,25.164
"8,614",10/19/2025 7:33:00,8.9044,25.344
"8,615",10/19/2025 7:34:00,8.9034,25.563
"8,616",10/19/2025 7:35:00,8.9034,25.750
"8,617",10/19/2025 7:36:00,8.9044,25.922
"8,618",10/19/2025 7:37:00,8.9024,26.164
"8,619",10/19/2025 7:38:00,8.9034,26.305
"8,620",10/19/2025 7:39:00,8.9024,26.500
"8,621",10/19/2025 7:40:00,8.9014,26.742
"8,622",10/19/2025 7:41:00,8.9014,27.023
"8,623",10/19/2025 7:42:00,8.9024,27.156
"8,624",10/19/2025 7:43:00,8.9014,27.367
"8,625",10/19/2025 7:44:00,8.9014,27.531
"8,626",10/19/2025 7:45:00,8.9014,27.641
"8,627",10/19/2025 7:46:00,8.9024,27.742
"8,628",10/19/2025 7:47:00,8.9024,27.852
"8,629",10/19/2025 7:48:00,8.9014,28.023
"8,630",10/19/2025 7:49:00,8.9004,28.188
"8,631",10/19/2025 7:50:00,8.8993,28.406
"8,632",10/19/2025 7:51:00,8.8993,28.586
"8,633",10/19/2025 7:52:00,8.9004,28.680
"8,634",10/19/2025 7:53:00,8.9014,28.680
"8,635",10/19/2025 7:54:00,8.9004,28.742
"8,636",10/19/2025 7:55:00,8.9004,28.820
"8,637",10/19/2025 7:56:00,8.9004,28.758
"8,638",10/19/2025 7:57:00,8.9004,28.750
"8,639",10/19/2025 7:58:00,8.9014,28.797
"8,640",10/19/2025 7:59:00,8.8993,28.867
"8,641",10/19/2025 8:00:00,8.9004,28.961
"8,642",10/19/2025 8:01:00,8.9004,29.023
"8,643",10/19/2025 8:02:00,8.9014,28.922
"8,644",10/19/2025 8:03:00,8.9014,28.914
"8,645",10/19/2025 8:04:00,8.9034,28.875
"8,646",10/19/2025 8:05:00,8.9014,28.758
"8,647",10/19/2025 8:06:00,8.9014,28.734
"8,648",10/19/2025 8:07:00,8.9024,28.703
"8,649",10/19/2025 8:08:00,8.9055,28.555
"8,650",10/19/2025 8:09:00,8.9034,28.367
"8,651",10/19/2025 8:10:00,8.9024,28.352
"8,652",10/19/2025 8:11:00,8.9014,28.352
"8,653",10/19/2025 8:12:00,8.9014,28.484
"8,654",10/19/2025 8:13:00,8.9024,28.609
"8,655",10/19/2025 8:14:00,8.9004,28.703
"8,656",10/19/2025 8:15:00,8.9004,28.758
"8,657",10/19/2025 8:16:00,8.9014,28.742
"8,658",10/19/2025 8:17:00,8.9034,28.656
"8,659",10/19/2025 8:18:00,8.9024,28.680
"8,660",10/19/2025 8:19:00,8.9014,28.836
"8,661",10/19/2025 8:20:00,8.9004,29.055
"8,662",10/19/2025 8:21:00,8.9004,29.195
"8,663",10/19/2025 8:22:00,8.9014,29.227
"8,664",10/19/2025 8:23:00,8.9024,28.977
"8,665",10/19/2025 8:24:00,8.9014,28.797
"8,666",10/19/2025 8:25:00,8.9044,28.656
"8,667",10/19/2025 8:26:00,8.9044,28.531
"8,668",10/19/2025 8:27:00,8.9014,28.516
"8,669",10/19/2025 8:28:00,8.9034,28.563
"8,670",10/19/2025 8:29:00,8.9034,28.656
"8,671",10/19/2025 8:30:00,8.9024,28.703
"8,672",10/19/2025 8:31:00,8.9024,28.703
"8,673",10/19/2025 8:32:00,8.9014,28.797
"8,674",10/19/2025 8:33:00,8.9024,28.898
"8,675",10/19/2025 8:34:00,8.9034,28.984
"8,676",10/19/2025 8:35:00,8.9014,29.000
"8,677",10/19/2025 8:36:00,8.9004,29.000
"8,678",10/19/2025 8:37:00,8.9014,29.000
"8,679",10/19/2025 8:38:00,8.9014,28.922
"8,680",10/19/2025 8:39:00,8.9024,28.789
"8,681",10/19/2025 8:40:00,8.9034,28.672
"8,682",10/19/2025 8:41:00,8.9024,28.641
"8,683",10/19/2025 8:42:00,8.9014,28.664
"8,684",10/19/2025 8:43:00,8.9024,28.609
"8,685",10/19/2025 8:44:00,8.9034,28.492
"8,686",10/19/2025 8:45:00,8.9024,28.477
"8,687",10/19/2025 8:46:00,8.9024,28.516
"8,688",10/19/2025 8:47:00,8.9024,28.563
"8,689",10/19/2025 8:48:00,8.9034,28.633
"8,690",10/19/2025 8:49:00,8.9044,28.672
"8,691",10/19/2025 8:50:00,8.9014,28.758
"8,692",10/19/2025 8:51:00,8.9014,28.883
"8,693",10/19/2025 8:52:00,8.9024,28.961
"8,694",10/19/2025 8:53:00,8.9004,29.125
"8,695",10/19/2025 8:54:00,8.8993,29.367
"8,696",10/19/2025 8:55:00,8.8983,29.602
"8,697",10/19/2025 8:56:00,8.8993,29.656
"8,698",10/19/2025 8:57:00,8.8993,29.719
"8,699",10/19/2025 8:58:00,8.8993,29.742
"8,700",10/19/2025 8:59:00,8.8993,29.695
"8,701",10/19/2025 9:00:00,8.9004,29.586
"8,702",10/19/2025 9:01:00,8.9004,29.492
"8,703",10/19/2025 9:02:00,8.9014,29.328
"8,704",10/19/2025 9:03:00,8.9024,29.258
"8,705",10/19/2025 9:04:00,8.8993,29.227
"8,706",10/19/2025 9:05:00,8.9004,29.133
"8,707",10/19/2025 9:06:00,8.9014,29.055
"8,708",10/19/2025 9:07:00,8.9004,28.992
"8,709",10/19/2025 9:08:00,8.9004,28.961
"8,710",10/19/2025 9:09:00,8.9014,28.906
"8,711",10/19/2025 9:10:00,8.9004,28.906
"8,712",10/19/2025 9:11:00,8.9014,28.938
"8,713",10/19/2025 9:12:00,8.9004,28.969
"8,714",10/19/2025 9:13:00,8.8993,29.008
"8,715",10/19/2025 9:14:00,8.9014,28.984
"8,716",10/19/2025 9:15:00,8.9004,28.836
"8,717",10/19/2025 9:16:00,8.9014,28.820
"8,718",10/19/2025 9:17:00,8.8983,28.906
"8,719",10/19/2025 9:18:00,8.8993,28.953
"8,720",10/19/2025 9:19:00,8.9004,29.031
"8,721",10/19/2025 9:20:00,8.8993,29.125
"8,722",10/19/2025 9:21:00,8.9024,29.227
"8,723",10/19/2025 9:22:00,8.9004,29.203
"8,724",10/19/2025 9:23:00,8.8973,29.203
"8,725",10/19/2025 9:24:00,8.8973,29.250
"8,726",10/19/2025 9:25:00,8.8983,29.375
"8,727",10/19/2025 9:26:00,8.8973,29.531
"8,728",10/19/2025 9:27:00,8.8973,29.727
"8,729",10/19/2025 9:28:00,8.8973,29.836
"8,730",10/19/2025 9:29:00,8.8973,29.875
"8,731",10/19/2025 9:30:00,8.8973,29.883
"8,732",10/19/2025 9:31:00,8.8973,29.898
"8,733",10/19/2025 9:32:00,8.8953,29.938
"8,734",10/19/2025 9:33:00,8.8942,30.047
"8,735",10/19/2025 9:34:00,8.8953,30.133
"8,736",10/19/2025 9:35:00,8.8953,30.195
"8,737",10/19/2025 9:36:00,8.8963,30.188
"8,738",10/19/2025 9:37:00,8.8953,30.195
"8,739",10/19/2025 9:38:00,8.8953,30.273
"8,740",10/19/2025 9:39:00,8.8953,30.328
"8,741",10/19/2025 9:40:00,8.8963,30.336
"8,742",10/19/2025 9:41:00,8.8983,30.289
"8,743",10/19/2025 9:42:00,8.8973,30.172
"8,744",10/19/2025 9:43:00,8.8973,30.094
"8,745",10/19/2025 9:44:00,8.8953,30.047
"8,746",10/19/2025 9:45:00,8.8953,30.164
"8,747",10/19/2025 9:46:00,8.8922,30.352
"8,748",10/19/2025 9:47:00,8.8942,30.359
"8,749",10/19/2025 9:48:00,8.8963,30.367
"8,750",10/19/2025 9:49:00,8.8932,30.336
"8,751",10/19/2025 9:50:00,8.8942,30.281
"8,752",10/19/2025 9:51:00,8.8953,30.250
"8,753",10/19/2025 9:52:00,8.8932,30.242
"8,754",10/19/2025 9:53:00,8.8942,30.266
"8,755",10/19/2025 9:54:00,8.8932,30.359
"8,756",10/19/2025 9:55:00,8.8922,30.531
"8,757",10/19/2025 9:56:00,8.8912,30.727
"8,758",10/19/2025 9:57:00,8.8922,30.852
"8,759",10/19/2025 9:58:00,8.8932,30.953
"8,760",10/19/2025 9:59:00,8.8912,31.039
"8,761",10/19/2025 10:00:00,8.8922,31.117
"8,762",10/19/2025 10:01:00,8.8932,31.063
"8,763",10/19/2025 10:02:00,8.8922,30.938
"8,764",10/19/2025 10:03:00,8.8912,30.961
"8,765",10/19/2025 10:04:00,8.8912,31.008
"8,766",10/19/2025 10:05:00,8.8912,31.094
"8,767",10/19/2025 10:06:00,8.8912,31.234
"8,768",10/19/2025 10:07:00,8.8902,31.359
"8,769",10/19/2025 10:08:00,8.8902,31.367
"8,770",10/19/2025 10:09:00,8.8922,31.281
"8,771",10/19/2025 10:10:00,8.8932,31.219
"8,772",10/19/2025 10:11:00,8.8902,31.156
"8,773",10/19/2025 10:12:00,8.8932,31.055
"8,774",10/19/2025 10:13:00,8.8912,30.984
"8,775",10/19/2025 10:14:00,8.8902,30.977
"8,776",10/19/2025 10:15:00,8.8912,31.031
"8,777",10/19/2025 10:16:00,8.8902,31.016
"8,778",10/19/2025 10:17:00,8.8922,31.000
"8,779",10/19/2025 10:18:00,8.8922,30.969
"8,780",10/19/2025 10:19:00,8.8902,30.969
"8,781",10/19/2025 10:20:00,8.8902,31.023
"8,782",10/19/2025 10:21:00,8.8902,31.125
"8,783",10/19/2025 10:22:00,8.8902,31.172
"8,784",10/19/2025 10:23:00,8.8902,31.195
"8,785",10/19/2025 10:24:00,8.8881,31.398
"8,786",10/19/2025 10:25:00,8.8891,31.523
"8,787",10/19/2025 10:26:00,8.8871,31.531
"8,788",10/19/2025 10:27:00,8.8891,31.594
"8,789",10/19/2025 10:28:00,8.8912,31.656
"8,790",10/19/2025 10:29:00,8.8902,31.602
"8,791",10/19/2025 10:30:00,8.8912,31.453
"8,792",10/19/2025 10:31:00,8.8891,31.359
"8,793",10/19/2025 10:32:00,8.8891,31.414
"8,794",10/19/2025 10:33:00,8.8881,31.531
"8,795",10/19/2025 10:34:00,8.8881,31.656
"8,796",10/19/2025 10:35:00,8.8871,31.758
"8,797",10/19/2025 10:36:00,8.8871,31.859
"8,798",10/19/2025 10:37:00,8.8861,31.977
"8,799",10/19/2025 10:38:00,8.8891,31.938
"8,800",10/19/2025 10:39:00,8.8891,31.938
"8,801",10/19/2025 10:40:00,8.8881,31.969
"8,802",10/19/2025 10:41:00,8.8881,31.883
"8,803",10/19/2025 10:42:00,8.8871,31.813
"8,804",10/19/2025 10:43:00,8.8881,31.813
"8,805",10/19/2025 10:44:00,8.8861,31.844
"8,806",10/19/2025 10:45:00,8.8871,31.961
"8,807",10/19/2025 10:46:00,8.8861,32.000
"8,808",10/19/2025 10:47:00,8.8861,31.977
"8,809",10/19/2025 10:48:00,8.8851,32.063
"8,810",10/19/2025 10:49:00,8.8851,32.102
"8,811",10/19/2025 10:50:00,8.8851,32.102
"8,812",10/19/2025 10:51:00,8.8851,32.109
"8,813",10/19/2025 10:52:00,8.8830,32.133
"8,814",10/19/2025 10:53:00,8.8830,32.195
"8,815",10/19/2025 10:54:00,8.8830,32.180
"8,816",10/19/2025 10:55:00,8.8851,32.242
"8,817",10/19/2025 10:56:00,8.8820,32.250
"8,818",10/19/2025 10:57:00,8.8810,32.477
"8,819",10/19/2025 10:58:00,8.8810,32.813
"8,820",10/19/2025 10:59:00,8.8800,33.156
"8,821",10/19/2025 11:00:00,8.8800,33.500
"8,822",10/19/2025 11:01:00,8.8810,33.727
"8,823",10/19/2025 11:02:00,8.8810,33.695
"8,824",10/19/2025 11:03:00,8.8810,33.555
"8,825",10/19/2025 11:04:00,8.8810,33.461
"8,826",10/19/2025 11:05:00,8.8800,33.414
"8,827",10/19/2025 11:06:00,8.8810,33.492
"8,828",10/19/2025 11:07:00,8.8810,33.430
"8,829",10/19/2025 11:08:00,8.8790,33.281
"8,830",10/19/2025 11:09:00,8.8820,33.078
"8,831",10/19/2025 11:10:00,8.8790,33.125
"8,832",10/19/2025 11:11:00,8.8810,33.188
"8,833",10/19/2025 11:12:00,8.8790,33.203
"8,834",10/19/2025 11:13:00,8.8779,33.367
"8,835",10/19/2025 11:14:00,8.8790,33.625
"8,836",10/19/2025 11:15:00,8.8759,33.891
"8,837",10/19/2025 11:16:00,8.8759,34.188
"8,838",10/19/2025 11:17:00,8.8739,34.359
"8,839",10/19/2025 11:18:00,8.8739,34.563
"8,840",10/19/2025 11:19:00,8.8759,34.680
"8,841",10/19/2025 11:20:00,8.8759,34.672
"8,842",10/19/2025 11:21:00,8.8759,34.422
"8,843",10/19/2025 11:22:00,8.8779,34.063
"8,844",10/19/2025 11:23:00,8.8779,33.844
"8,845",10/19/2025 11:24:00,8.8779,33.688
"8,846",10/19/2025 11:25:00,8.8779,33.586
"8,847",10/19/2025 11:26:00,8.8779,33.547
"8,848",10/19/2025 11:27:00,8.8749,33.492
"8,849",10/19/2025 11:28:00,8.8769,33.336
"8,850",10/19/2025 11:29:00,8.8779,33.320
"8,851",10/19/2025 11:30:00,8.8769,33.297
"8,852",10/19/2025 11:31:00,8.8749,33.414
"8,853",10/19/2025 11:32:00,8.8749,33.688
"8,854",10/19/2025 11:33:00,8.8728,33.906
"8,855",10/19/2025 11:34:00,8.8708,34.109
"8,856",10/19/2025 11:35:00,8.8739,34.273
"8,857",10/19/2025 11:36:00,8.8739,34.266
"8,858",10/19/2025 11:37:00,8.8749,34.102
"8,859",10/19/2025 11:38:00,8.8749,33.813
"8,860",10/19/2025 11:39:00,8.8739,33.773
"8,861",10/19/2025 11:40:00,8.8739,33.930
"8,862",10/19/2025 11:41:00,8.8718,34.125
"8,863",10/19/2025 11:42:00,8.8708,34.258
"8,864",10/19/2025 11:43:00,8.8728,34.188
"8,865",10/19/2025 11:44:00,8.8739,34.000
"8,866",10/19/2025 11:45:00,8.8728,34.000
"8,867",10/19/2025 11:46:00,8.8728,34.148
"8,868",10/19/2025 11:47:00,8.8728,34.406
"8,869",10/19/2025 11:48:00,8.8728,34.609
"8,870",10/19/2025 11:49:00,8.8718,34.625
"8,871",10/19/2025 11:50:00,8.8698,34.719
"8,872",10/19/2025 11:51:00,8.8688,34.820
"8,873",10/19/2025 11:52:00,8.8708,34.938
"8,874",10/19/2025 11:53:00,8.8698,35.023
"8,875",10/19/2025 11:54:00,8.8677,35.031
"8,876",10/19/2025 11:55:00,8.8667,35.156
"8,877",10/19/2025 11:56:00,8.8688,35.273
"8,878",10/19/2025 11:57:00,8.8688,35.273
"8,879",10/19/2025 11:58:00,8.8677,35.195
"8,880",10/19/2025 11:59:00,8.8667,35.102
"8,881",10/19/2025 12:00:00,8.8698,35.016
"8,882",10/19/2025 12:01:00,8.8698,34.945
"8,883",10/19/2025 12:02:00,8.8677,35.063
"8,884",10/19/2025 12:03:00,8.8657,35.234
"8,885",10/19/2025 12:04:00,8.8647,35.438
"8,886",10/19/2025 12:05:00,8.8657,35.656
"8,887",10/19/2025 12:06:00,8.8626,35.820
"8,888",10/19/2025 12:07:00,8.8647,36.094
"8,889",10/19/2025 12:08:00,8.8626,36.313
"8,890",10/19/2025 12:09:00,8.8647,36.297
"8,891",10/19/2025 12:10:00,8.8626,36.117
"8,892",10/19/2025 12:11:00,8.8647,35.906
"8,893",10/19/2025 12:12:00,8.8657,35.766
"8,894",10/19/2025 12:13:00,8.8637,35.664
"8,895",10/19/2025 12:14:00,8.8626,35.672
"8,896",10/19/2025 12:15:00,8.8637,35.688
"8,897",10/19/2025 12:16:00,8.8626,35.664
"8,898",10/19/2025 12:17:00,8.8626,35.797
"8,899",10/19/2025 12:18:00,8.8616,35.953
"8,900",10/19/2025 12:19:00,8.8606,36.086
"8,901",10/19/2025 12:20:00,8.8606,36.164
"8,902",10/19/2025 12:21:00,8.8606,36.195
"8,903",10/19/2025 12:22:00,8.8626,35.922
"8,904",10/19/2025 12:23:00,8.8626,35.617
"8,905",10/19/2025 12:24:00,8.8626,35.586
"8,906",10/19/2025 12:25:00,8.8596,35.648
"8,907",10/19/2025 12:26:00,8.8626,35.594
"8,908",10/19/2025 12:27:00,8.8626,35.414
"8,909",10/19/2025 12:28:00,8.8606,35.211
"8,910",10/19/2025 12:29:00,8.8616,35.117
"8,911",10/19/2025 12:30:00,8.8616,35.047
"8,912",10/19/2025 12:31:00,8.8606,34.852
"8,913",10/19/2025 12:32:00,8.8596,34.813
"8,914",10/19/2025 12:33:00,8.8596,34.898
"8,915",10/19/2025 12:34:00,8.8596,35.086
"8,916",10/19/2025 12:35:00,8.8606,35.266
"8,917",10/19/2025 12:36:00,8.8545,35.539
"8,918",10/19/2025 12:37:00,8.8575,35.813
"8,919",10/19/2025 12:38:00,8.8565,36.078
"8,920",10/19/2025 12:39:00,8.8565,36.297
"8,921",10/19/2025 12:40:00,8.8565,36.367
"8,922",10/19/2025 12:41:00,8.8575,36.414
"8,923",10/19/2025 12:42:00,8.8565,36.391
"8,924",10/19/2025 12:43:00,8.8555,36.414
"8,925",10/19/2025 12:44:00,8.8555,36.500
"8,926",10/19/2025 12:45:00,8.8545,36.555
"8,927",10/19/2025 12:46:00,8.8565,36.547
"8,928",10/19/2025 12:47:00,8.8545,36.563
"8,929",10/19/2025 12:48:00,8.8535,36.672
"8,930",10/19/2025 12:49:00,8.8535,36.820
"8,931",10/19/2025 12:50:00,8.8545,36.922
"8,932",10/19/2025 12:51:00,8.8545,36.961
"8,933",10/19/2025 12:52:00,8.8524,36.992
"8,934",10/19/2025 12:53:00,8.8524,37.031
"8,935",10/19/2025 12:54:00,8.8535,37.016
"8,936",10/19/2025 12:55:00,8.8524,37.055
"8,937",10/19/2025 12:56:00,8.8524,37.102
"8,938",10/19/2025 12:57:00,8.8524,37.109
"8,939",10/19/2025 12:58:00,8.8514,37.156
"8,940",10/19/2025 12:59:00,8.8504,37.219
"8,941",10/19/2025 13:00:00,8.8524,37.320
"8,942",10/19/2025 13:01:00,8.8494,37.430
"8,943",10/19/2025 13:02:00,8.8494,37.516
"8,944",10/19/2025 13:03:00,8.8494,37.539
"8,945",10/19/2025 13:04:00,8.8484,37.625
"8,946",10/19/2025 13:05:00,8.8474,37.633
"8,947",10/19/2025 13:06:00,8.8474,37.656
"8,948",10/19/2025 13:07:00,8.8474,37.742
"8,949",10/19/2025 13:08:00,8.8474,37.805
"8,950",10/19/2025 13:09:00,8.8463,37.836
"8,951",10/19/2025 13:10:00,8.8453,37.844
"8,952",10/19/2025 13:11:00,8.8474,37.828
"8,953",10/19/2025 13:12:00,8.8484,37.734
"8,954",10/19/2025 13:13:00,8.8463,37.656
"8,955",10/19/2025 13:14:00,8.8474,37.633
"8,956",10/19/2025 13:15:00,8.8463,37.563
"8,957",10/19/2025 13:16:00,8.8453,37.500
"8,958",10/19/2025 13:17:00,8.8443,37.438
"8,959",10/19/2025 13:18:00,8.8474,37.398
"8,960",10/19/2025 13:19:00,8.8474,37.289
"8,961",10/19/2025 13:20:00,8.8463,37.133
"8,962",10/19/2025 13:21:00,8.8474,36.875
"8,963",10/19/2025 13:22:00,8.8463,36.680
"8,964",10/19/2025 13:23:00,8.8484,36.602
"8,965",10/19/2025 13:24:00,8.8463,36.391
"8,966",10/19/2025 13:25:00,8.8484,36.148
"8,967",10/19/2025 13:26:00,8.8474,36.016
"8,968",10/19/2025 13:27:00,8.8463,36.055
"8,969",10/19/2025 13:28:00,8.8463,36.148
"8,970",10/19/2025 13:29:00,8.8453,36.172
"8,971",10/19/2025 13:30:00,8.8453,36.188
"8,972",10/19/2025 13:31:00,8.8443,36.320
"8,973",10/19/2025 13:32:00,8.8412,36.305
"8,974",10/19/2025 13:33:00,8.8453,36.094
"8,975",10/19/2025 13:34:00,8.8443,35.984
"8,976",10/19/2025 13:35:00,8.8453,36.031
"8,977",10/19/2025 13:36:00,8.8443,36.148
"8,978",10/19/2025 13:37:00,8.8453,36.281
"8,979",10/19/2025 13:38:00,8.8423,36.375
"8,980",10/19/2025 13:39:00,8.8433,36.289
"8,981",10/19/2025 13:40:00,8.8453,36.047
"8,982",10/19/2025 13:41:00,8.8453,35.875
"8,983",10/19/2025 13:42:00,8.8433,35.742
"8,984",10/19/2025 13:43:00,8.8443,35.570
"8,985",10/19/2025 13:44:00,8.8453,35.516
"8,986",10/19/2025 13:45:00,8.8423,35.547
"8,987",10/19/2025 13:46:00,8.8423,35.719
"8,988",10/19/2025 13:47:00,8.8412,35.883
"8,989",10/19/2025 13:48:00,8.8433,36.000
"8,990",10/19/2025 13:49:00,8.8402,36.039
"8,991",10/19/2025 13:50:00,8.8423,36.078
"8,992",10/19/2025 13:51:00,8.8443,36.141
"8,993",10/19/2025 13:52:00,8.8412,36.188
"8,994",10/19/2025 13:53:00,8.8402,36.180
"8,995",10/19/2025 13:54:00,8.8412,36.219
"8,996",10/19/2025 13:55:00,8.8402,36.242
"8,997",10/19/2025 13:56:00,8.8423,36.281
"8,998",10/19/2025 13:57:00,8.8412,36.344
"8,999",10/19/2025 13:58:00,8.8402,36.438
"9,000",10/19/2025 13:59:00,8.8412,36.484
"9,001",10/19/2025 14:00:00,8.8412,36.594
"9,002",10/19/2025 14:01:00,8.8382,36.734
"9,003",10/19/2025 14:02:00,8.8382,36.875
"9,004",10/19/2025 14:03:00,8.8392,37.016
"9,005",10/19/2025 14:04:00,8.8382,37.164
"9,006",10/19/2025 14:05:00,8.8382,37.234
"9,007",10/19/2025 14:06:00,8.8392,37.266
"9,008",10/19/2025 14:07:00,8.8412,37.242
"9,009",10/19/2025 14:08:00,8.8372,37.234
"9,010",10/19/2025 14:09:00,8.8372,37.305
"9,011",10/19/2025 14:10:00,8.8372,37.367
"9,012",10/19/2025 14:11:00,8.8382,37.469
"9,013",10/19/2025 14:12:00,8.8372,37.570
"9,014",10/19/2025 14:13:00,8.8372,37.656
"9,015",10/19/2025 14:14:00,8.8361,37.750
"9,016",10/19/2025 14:15:00,8.8372,37.750
"9,017",10/19/2025 14:16:00,8.8372,37.680
"9,018",10/19/2025 14:17:00,8.8402,37.508
"9,019",10/19/2025 14:18:00,8.8392,37.344
"9,020",10/19/2025 14:19:00,8.8392,37.258
"9,021",10/19/2025 14:20:00,8.8382,37.188
"9,022",10/19/2025 14:21:00,8.8372,37.188
"9,023",10/19/2025 14:22:00,8.8361,37.266
"9,024",10/19/2025 14:23:00,8.8372,37.313
"9,025",10/19/2025 14:24:00,8.8361,37.320
"9,026",10/19/2025 14:25:00,8.8361,37.336
"9,027",10/19/2025 14:26:00,8.8361,37.313
"9,028",10/19/2025 14:27:00,8.8372,37.242
"9,029",10/19/2025 14:28:00,8.8351,37.250
"9,030",10/19/2025 14:29:00,8.8372,37.289
"9,031",10/19/2025 14:30:00,8.8351,37.297
"9,032",10/19/2025 14:31:00,8.8351,37.328
"9,033",10/19/2025 14:32:00,8.8361,37.336
"9,034",10/19/2025 14:33:00,8.8382,37.250
"9,035",10/19/2025 14:34:00,8.8351,37.164
"9,036",10/19/2025 14:35:00,8.8351,37.133
"9,037",10/19/2025 14:36:00,8.8361,37.117
"9,038",10/19/2025 14:37:00,8.8351,37.078
"9,039",10/19/2025 14:38:00,8.8351,37.133
"9,040",10/19/2025 14:39:00,8.8361,37.172
"9,041",10/19/2025 14:40:00,8.8351,37.180
"9,042",10/19/2025 14:41:00,8.8331,37.211
"9,043",10/19/2025 14:42:00,8.8351,37.211
"9,044",10/19/2025 14:43:00,8.8341,37.148
"9,045",10/19/2025 14:44:00,8.8351,36.977
"9,046",10/19/2025 14:45:00,8.8341,36.969
"9,047",10/19/2025 14:46:00,8.8341,36.977
"9,048",10/19/2025 14:47:00,8.8341,36.977
"9,049",10/19/2025 14:48:00,8.8321,36.992
"9,050",10/19/2025 14:49:00,8.8321,37.031
"9,051",10/19/2025 14:50:00,8.8300,37.063
"9,052",10/19/2025 14:51:00,8.8321,37.000
"9,053",10/19/2025 14:52:00,8.8351,36.836
"9,054",10/19/2025 14:53:00,8.8341,36.820
"9,055",10/19/2025 14:54:00,8.8331,36.781
"9,056",10/19/2025 14:55:00,8.8331,36.688
"9,057",10/19/2025 14:56:00,8.8341,36.602
"9,058",10/19/2025 14:57:00,8.8341,36.461
"9,059",10/19/2025 14:58:00,8.8331,36.273
"9,060",10/19/2025 14:59:00,8.8361,36.141
"9,061",10/19/2025 15:00:00,8.8351,35.992
"9,062",10/19/2025 15:01:00,8.8341,35.898
"9,063",10/19/2025 15:02:00,8.8321,35.906
"9,064",10/19/2025 15:03:00,8.8351,35.953
"9,065",10/19/2025 15:04:00,8.8341,35.953
"9,066",10/19/2025 15:05:00,8.8341,35.977
"9,067",10/19/2025 15:06:00,8.8321,35.977
"9,068",10/19/2025 15:07:00,8.8341,35.891
"9,069",10/19/2025 15:08:00,8.8310,35.898
"9,070",10/19/2025 15:09:00,8.8331,35.906
"9,071",10/19/2025 15:10:00,8.8341,35.891
"9,072",10/19/2025 15:11:00,8.8341,35.867
"9,073",10/19/2025 15:12:00,8.8321,35.875
"9,074",10/19/2025 15:13:00,8.8351,35.883
"9,075",10/19/2025 15:14:00,8.8331,35.805
"9,076",10/19/2025 15:15:00,8.8331,35.734
"9,077",10/19/2025 15:16:00,8.8321,35.727
"9,078",10/19/2025 15:17:00,8.8310,35.773
"9,079",10/19/2025 15:18:00,8.8310,35.867
"9,080",10/19/2025 15:19:00,8.8300,36.008
"9,081",10/19/2025 15:20:00,8.8300,36.094
"9,082",10/19/2025 15:21:00,8.8310,36.141
"9,083",10/19/2025 15:22:00,8.8310,36.195
"9,084",10/19/2025 15:23:00,8.8300,36.250
"9,085",10/19/2025 15:24:00,8.8290,36.289
"9,086",10/19/2025 15:25:00,8.8300,36.266
"9,087",10/19/2025 15:26:00,8.8290,36.164
"9,088",10/19/2025 15:27:00,8.8310,36.055
"9,089",10/19/2025 15:28:00,8.8290,35.813
"9,090",10/19/2025 15:29:00,8.8310,35.602
"9,091",10/19/2025 15:30:00,8.8310,35.555
"9,092",10/19/2025 15:31:00,8.8300,35.602
"9,093",10/19/2025 15:32:00,8.8310,35.695
"9,094",10/19/2025 15:33:00,8.8300,35.766
"9,095",10/19/2025 15:34:00,8.8310,35.820
"9,096",10/19/2025 15:35:00,8.8300,35.813
"9,097",10/19/2025 15:36:00,8.8300,35.758
"9,098",10/19/2025 15:37:00,8.8300,35.734
"9,099",10/19/2025 15:38:00,8.8290,35.766
"9,100",10/19/2025 15:39:00,8.8290,35.805
"9,101",10/19/2025 15:40:00,8.8300,35.844
"9,102",10/19/2025 15:41:00,8.8290,35.883
"9,103",10/19/2025 15:42:00,8.8300,35.906
"9,104",10/19/2025 15:43:00,8.8310,35.906
"9,105",10/19/2025 15:44:00,8.8290,35.906
"9,106",10/19/2025 15:45:00,8.8300,35.930
"9,107",10/19/2025 15:46:00,8.8290,35.953
"9,108",10/19/2025 15:47:00,8.8280,35.992
"9,109",10/19/2025 15:48:00,8.8280,36.008
"9,110",10/19/2025 15:49:00,8.8280,35.953
"9,111",10/19/2025 15:50:00,8.8290,35.914
"9,112",10/19/2025 15:51:00,8.8290,35.898
"9,113",10/19/2025 15:52:00,8.8280,35.828
"9,114",10/19/2025 15:53:00,8.8270,35.797
"9,115",10/19/2025 15:54:00,8.8290,35.781
"9,116",10/19/2025 15:55:00,8.8290,35.781
"9,117",10/19/2025 15:56:00,8.8280,35.766
"9,118",10/19/2025 15:57:00,8.8310,35.695
"9,119",10/19/2025 15:58:00,8.8280,35.617
"9,120",10/19/2025 15:59:00,8.8290,35.570
"9,121",10/19/2025 16:00:00,8.8280,35.586
"9,122",10/19/2025 16:01:00,8.8290,35.609
"9,123",10/19/2025 16:02:00,8.8280,35.609
"9,124",10/19/2025 16:03:00,8.8290,35.617
"9,125",10/19/2025 16:04:00,8.8280,35.633
"9,126",10/19/2025 16:05:00,8.8280,35.602
"9,127",10/19/2025 16:06:00,8.8280,35.563
"9,128",10/19/2025 16:07:00,8.8290,35.438
"9,129",10/19/2025 16:08:00,8.8280,35.242
"9,130",10/19/2025 16:09:00,8.8270,35.063
"9,131",10/19/2025 16:10:00,8.8300,34.961
"9,132",10/19/2025 16:11:00,8.8300,34.938
"9,133",10/19/2025 16:12:00,8.8290,34.945
"9,134",10/19/2025 16:13:00,8.8280,34.945
"9,135",10/19/2025 16:14:00,8.8290,34.914
"9,136",10/19/2025 16:15:00,8.8310,34.898
"9,137",10/19/2025 16:16:00,8.8290,34.859
"9,138",10/19/2025 16:17:00,8.8300,34.828
"9,139",10/19/2025 16:18:00,8.8300,34.797
"9,140",10/19/2025 16:19:00,8.8290,34.781
"9,141",10/19/2025 16:20:00,8.8280,34.805
"9,142",10/19/2025 16:21:00,8.8290,34.813
"9,143",10/19/2025 16:22:00,8.8300,34.797
"9,144",10/19/2025 16:23:00,8.8280,34.813
"9,145",10/19/2025 16:24:00,8.8300,34.797
"9,146",10/19/2025 16:25:00,8.8300,34.781
"9,147",10/19/2025 16:26:00,8.8270,34.758
"9,148",10/19/2025 16:27:00,8.8300,34.688
"9,149",10/19/2025 16:28:00,8.8290,34.609
"9,150",10/19/2025 16:29:00,8.8321,34.523
"9,151",10/19/2025 16:30:00,8.8300,34.430
"9,152",10/19/2025 16:31:00,8.8300,34.359
"9,153",10/19/2025 16:32:00,8.8310,34.328
"9,154",10/19/2025 16:33:00,8.8300,34.297
"9,155",10/19/2025 16:34:00,8.8310,34.258
"9,156",10/19/2025 16:35:00,8.8310,34.211
"9,157",10/19/2025 16:36:00,8.8300,34.164
"9,158",10/19/2025 16:37:00,8.8300,34.148
"9,159",10/19/2025 16:38:00,8.8300,34.133
"9,160",10/19/2025 16:39:00,8.8310,34.117
"9,161",10/19/2025 16:40:00,8.8300,34.094
"9,162",10/19/2025 16:41:00,8.8300,34.055
"9,163",10/19/2025 16:42:00,8.8300,34.008
"9,164",10/19/2025 16:43:00,8.8290,33.953
"9,165",10/19/2025 16:44:00,8.8300,33.891
"9,166",10/19/2025 16:45:00,8.8300,33.805
"9,167",10/19/2025 16:46:00,8.8310,33.734
"9,168",10/19/2025 16:47:00,8.8310,33.711
"9,169",10/19/2025 16:48:00,8.8321,33.727
"9,170",10/19/2025 16:49:00,8.8300,33.719
"9,171",10/19/2025 16:50:00,8.8321,33.734
"9,172",10/19/2025 16:51:00,8.8300,33.742
"9,173",10/19/2025 16:52:00,8.8310,33.758
"9,174",10/19/2025 16:53:00,8.8290,33.742
"9,175",10/19/2025 16:54:00,8.8300,33.711
"9,176",10/19/2025 16:55:00,8.8300,33.680
"9,177",10/19/2025 16:56:00,8.8310,33.641
"9,178",10/19/2025 16:57:00,8.8300,33.617
"9,179",10/19/2025 16:58:00,8.8300,33.602
"9,180",10/19/2025 16:59:00,8.8310,33.578
"9,181",10/19/2025 17:00:00,8.8300,33.539
"9,182",10/19/2025 17:01:00,8.8310,33.484
"9,183",10/19/2025 17:02:00,8.8310,33.398
"9,184",10/19/2025 17:03:00,8.8310,33.336
"9,185",10/19/2025 17:04:00,8.8321,33.297
"9,186",10/19/2025 17:05:00,8.8310,33.273
"9,187",10/19/2025 17:06:00,8.8310,33.258
"9,188",10/19/2025 17:07:00,8.8310,33.242
"9,189",10/19/2025 17:08:00,8.8310,33.219
"9,190",10/19/2025 17:09:00,8.8321,33.203
"9,191",10/19/2025 17:10:00,8.8321,33.180
"9,192",10/19/2025 17:11:00,8.8321,33.148
"9,193",10/19/2025 17:12:00,8.8321,33.109
"9,194",10/19/2025 17:13:00,8.8310,33.070
"9,195",10/19/2025 17:14:00,8.8321,33.023
"9,196",10/19/2025 17:15:00,8.8331,32.977
"9,197",10/19/2025 17:16:00,8.8321,32.922
"9,198",10/19/2025 17:17:00,8.8331,32.859
"9,199",10/19/2025 17:18:00,8.8321,32.797
"9,200",10/19/2025 17:19:00,8.8310,32.742
"9,201",10/19/2025 17:20:00,8.8321,32.688
"9,202",10/19/2025 17:21:00,8.8310,32.648
"9,203",10/19/2025 17:22:00,8.8331,32.617
"9,204",10/19/2025 17:23:00,8.8310,32.578
"9,205",10/19/2025 17:24:00,8.8331,32.555
"9,206",10/19/2025 17:25:00,8.8321,32.531
"9,207",10/19/2025 17:26:00,8.8331,32.492
"9,208",10/19/2025 17:27:00,8.8321,32.453
"9,209",10/19/2025 17:28:00,8.8331,32.414
"9,210",10/19/2025 17:29:00,8.8341,32.375
"9,211",10/19/2025 17:30:00,8.8341,32.336
"9,212",10/19/2025 17:31:00,8.8331,32.297
"9,213",10/19/2025 17:32:00,8.8341,32.258
"9,214",10/19/2025 17:33:00,8.8351,32.203
"9,215",10/19/2025 17:34:00,8.8351,32.164
"9,216",10/19/2025 17:35:00,8.8351,32.125
"9,217",10/19/2025 17:36:00,8.8341,32.086
"9,218",10/19/2025 17:37:00,8.8351,32.055
"9,219",10/19/2025 17:38:00,8.8341,32.008
"9,220",10/19/2025 17:39:00,8.8361,31.953
"9,221",10/19/2025 17:40:00,8.8351,31.922
"9,222",10/19/2025 17:41:00,8.8361,31.891
"9,223",10/19/2025 17:42:00,8.8372,31.852
"9,224",10/19/2025 17:43:00,8.8361,31.813
"9,225",10/19/2025 17:44:00,8.8372,31.766
"9,226",10/19/2025 17:45:00,8.8361,31.719
"9,227",10/19/2025 17:46:00,8.8361,31.672
"9,228",10/19/2025 17:47:00,8.8372,31.641
"9,229",10/19/2025 17:48:00,8.8361,31.609
"9,230",10/19/2025 17:49:00,8.8372,31.578
"9,231",10/19/2025 17:50:00,8.8372,31.523
"9,232",10/19/2025 17:51:00,8.8372,31.477
"9,233",10/19/2025 17:52:00,8.8392,31.414
"9,234",10/19/2025 17:53:00,8.8372,31.367
"9,235",10/19/2025 17:54:00,8.8372,31.313
"9,236",10/19/2025 17:55:00,8.8382,31.281
"9,237",10/19/2025 17:56:00,8.8392,31.250
"9,238",10/19/2025 17:57:00,8.8372,31.227
"9,239",10/19/2025 17:58:00,8.8382,31.195
"9,240",10/19/2025 17:59:00,8.8392,31.172
"9,241",10/19/2025 18:00:00,8.8402,31.125
"9,242",10/19/2025 18:01:00,8.8392,31.094
"9,243",10/19/2025 18:02:00,8.8392,31.047
"9,244",10/19/2025 18:03:00,8.8402,30.984
"9,245",10/19/2025 18:04:00,8.8402,30.914
"9,246",10/19/2025 18:05:00,8.8402,30.852
"9,247",10/19/2025 18:06:00,8.8392,30.781
"9,248",10/19/2025 18:07:00,8.8392,30.734
"9,249",10/19/2025 18:08:00,8.8402,30.680
"9,250",10/19/2025 18:09:00,8.8412,30.609
"9,251",10/19/2025 18:10:00,8.8412,30.555
"9,252",10/19/2025 18:11:00,8.8402,30.484
"9,253",10/19/2025 18:12:00,8.8402,30.422
"9,254",10/19/2025 18:13:00,8.8392,30.359
"9,255",10/19/2025 18:14:00,8.8402,30.297
"9,256",10/19/2025 18:15:00,8.8402,30.242
"9,257",10/19/2025 18:16:00,8.8402,30.188
"9,258",10/19/2025 18:17:00,8.8412,30.133
"9,259",10/19/2025 18:18:00,8.8412,30.063
"9,260",10/19/2025 18:19:00,8.8412,30.008
"9,261",10/19/2025 18:20:00,8.8412,29.953
"9,262",10/19/2025 18:21:00,8.8412,29.914
"9,263",10/19/2025 18:22:00,8.8423,29.867
"9,264",10/19/2025 18:23:00,8.8423,29.828
"9,265",10/19/2025 18:24:00,8.8423,29.789
"9,266",10/19/2025 18:25:00,8.8423,29.742
"9,267",10/19/2025 18:26:00,8.8433,29.711
"9,268",10/19/2025 18:27:00,8.8433,29.672
"9,269",10/19/2025 18:28:00,8.8443,29.617
"9,270",10/19/2025 18:29:00,8.8443,29.586
"9,271",10/19/2025 18:30:00,8.8443,29.547
"9,272",10/19/2025 18:31:00,8.8443,29.500
"9,273",10/19/2025 18:32:00,8.8433,29.500
"9,274",10/19/2025 18:33:00,8.8443,29.477
"9,275",10/19/2025 18:34:00,8.8433,29.445
"9,276",10/19/2025 18:35:00,8.8443,29.398
"9,277",10/19/2025 18:36:00,8.8443,29.352
"9,278",10/19/2025 18:37:00,8.8443,29.305
"9,279",10/19/2025 18:38:00,8.8433,29.250
"9,280",10/19/2025 18:39:00,8.8453,29.180
"9,281",10/19/2025 18:40:00,8.8463,29.117
"9,282",10/19/2025 18:41:00,8.8453,29.063
"9,283",10/19/2025 18:42:00,8.8463,29.023
"9,284",10/19/2025 18:43:00,8.8463,29.000
"9,285",10/19/2025 18:44:00,8.8463,28.984
"9,286",10/19/2025 18:45:00,8.8453,28.938
"9,287",10/19/2025 18:46:00,8.8474,28.883
"9,288",10/19/2025 18:47:00,8.8463,28.781
"9,289",10/19/2025 18:48:00,8.8474,28.680
"9,290",10/19/2025 18:49:00,8.8474,28.508
"9,291",10/19/2025 18:50:00,8.8484,28.313
"9,292",10/19/2025 18:51:00,8.8484,28.109
"9,293",10/19/2025 18:52:00,8.8504,27.914
"9,294",10/19/2025 18:53:00,8.8504,27.734
"9,295",10/19/2025 18:54:00,8.8494,27.570
"9,296",10/19/2025 18:55:00,8.8504,27.352
"9,297",10/19/2025 18:56:00,8.8514,27.133
"9,298",10/19/2025 18:57:00,8.8514,26.953
"9,299",10/19/2025 18:58:00,8.8504,26.797
"9,300",10/19/2025 18:59:00,8.8514,26.641
"9,301",10/19/2025 19:00:00,8.8514,26.484
"9,302",10/19/2025 19:01:00,8.8524,26.328
"9,303",10/19/2025 19:02:00,8.8535,26.172
"9,304",10/19/2025 19:03:00,8.8535,26.016
"9,305",10/19/2025 19:04:00,8.8535,25.867
"9,306",10/19/2025 19:05:00,8.8545,25.727
"9,307",10/19/2025 19:06:00,8.8535,25.602
"9,308",10/19/2025 19:07:00,8.8545,25.469
"9,309",10/19/2025 19:08:00,8.8545,25.344
"9,310",10/19/2025 19:09:00,8.8555,25.203
"9,311",10/19/2025 19:10:00,8.8555,25.078
"9,312",10/19/2025 19:11:00,8.8555,24.953
"9,313",10/19/2025 19:12:00,8.8565,24.820
"9,314",10/19/2025 19:13:00,8.8555,24.680
"9,315",10/19/2025 19:14:00,8.8565,24.531
"9,316",10/19/2025 19:15:00,8.8565,24.391
"9,317",10/19/2025 19:16:00,8.8565,24.281
"9,318",10/19/2025 19:17:00,8.8575,24.164
"9,319",10/19/2025 19:18:00,8.8586,24.039
"9,320",10/19/2025 19:19:00,8.8575,23.938
"9,321",10/19/2025 19:20:00,8.8575,23.828
"9,322",10/19/2025 19:21:00,8.8586,23.703
"9,323",10/19/2025 19:22:00,8.8586,23.578
"9,324",10/19/2025 19:23:00,8.8596,23.453
"9,325",10/19/2025 19:24:00,8.8596,23.344
"9,326",10/19/2025 19:25:00,8.8596,23.242
"9,327",10/19/2025 19:26:00,8.8586,23.148
"9,328",10/19/2025 19:27:00,8.8596,23.055
"9,329",10/19/2025 19:28:00,8.8596,22.969
"9,330",10/19/2025 19:29:00,8.8596,22.875
"9,331",10/19/2025 19:30:00,8.8606,22.781
"9,332",10/19/2025 19:31:00,8.8596,22.711
"9,333",10/19/2025 19:32:00,8.8606,22.648
"9,334",10/19/2025 19:33:00,8.8596,22.594
"9,335",10/19/2025 19:34:00,8.8606,22.523
"9,336",10/19/2025 19:35:00,8.8606,22.438
"9,337",10/19/2025 19:36:00,8.8606,22.359
"9,338",10/19/2025 19:37:00,8.8606,22.289
"9,339",10/19/2025 19:38:00,8.8616,22.227
"9,340",10/19/2025 19:39:00,8.8616,22.148
"9,341",10/19/2025 19:40:00,8.8616,22.086
"9,342",10/19/2025 19:41:00,8.8616,22.016
"9,343",10/19/2025 19:42:00,8.8626,21.961
"9,344",10/19/2025 19:43:00,8.8626,21.898
"9,345",10/19/2025 19:44:00,8.8626,21.828
"9,346",10/19/2025 19:45:00,8.8626,21.766
"9,347",10/19/2025 19:46:00,8.8637,21.719
"9,348",10/19/2025 19:47:00,8.8626,21.672
"9,349",10/19/2025 19:48:00,8.8626,21.633
"9,350",10/19/2025 19:49:00,8.8616,21.594
"9,351",10/19/2025 19:50:00,8.8626,21.555
"9,352",10/19/2025 19:51:00,8.8637,21.508
"9,353",10/19/2025 19:52:00,8.8637,21.453
"9,354",10/19/2025 19:53:00,8.8626,21.398
"9,355",10/19/2025 19:54:00,8.8626,21.344
"9,356",10/19/2025 19:55:00,8.8637,21.273
"9,357",10/19/2025 19:56:00,8.8637,21.211
"9,358",10/19/2025 19:57:00,8.8637,21.156
"9,359",10/19/2025 19:58:00,8.8647,21.117
"9,360",10/19/2025 19:59:00,8.8647,21.070
"9,361",10/19/2025 20:00:00,8.8657,21.008
"9,362",10/19/2025 20:01:00,8.8657,20.953
"9,363",10/19/2025 20:02:00,8.8657,20.906
"9,364",10/19/2025 20:03:00,8.8657,20.875
"9,365",10/19/2025 20:04:00,8.8657,20.852
"9,366",10/19/2025 20:05:00,8.8657,20.844
"9,367",10/19/2025 20:06:00,8.8657,20.836
"9,368",10/19/2025 20:07:00,8.8667,20.805
"9,369",10/19/2025 20:08:00,8.8657,20.750
"9,370",10/19/2025 20:09:00,8.8667,20.688
"9,371",10/19/2025 20:10:00,8.8667,20.617
"9,372",10/19/2025 20:11:00,8.8677,20.516
"9,373",10/19/2025 20:12:00,8.8677,20.438
"9,374",10/19/2025 20:13:00,8.8667,20.375
"9,375",10/19/2025 20:14:00,8.8677,20.313
"9,376",10/19/2025 20:15:00,8.8688,20.258
"9,377",10/19/2025 20:16:00,8.8677,20.203
"9,378",10/19/2025 20:17:00,8.8677,20.148
"9,379",10/19/2025 20:18:00,8.8677,20.109
"9,380",10/19/2025 20:19:00,8.8677,20.063
"9,381",10/19/2025 20:20:00,8.8677,20.039
"9,382",10/19/2025 20:21:00,8.8688,20.023
"9,383",10/19/2025 20:22:00,8.8688,20.000
"9,384",10/19/2025 20:23:00,8.8677,19.969
"9,385",10/19/2025 20:24:00,8.8688,19.945
"9,386",10/19/2025 20:25:00,8.8688,19.922
"9,387",10/19/2025 20:26:00,8.8688,19.898
"9,388",10/19/2025 20:27:00,8.8688,19.867
"9,389",10/19/2025 20:28:00,8.8688,19.820
"9,390",10/19/2025 20:29:00,8.8677,19.797
"9,391",10/19/2025 20:30:00,8.8688,19.766
"9,392",10/19/2025 20:31:00,8.8688,19.727
"9,393",10/19/2025 20:32:00,8.8688,19.688
"9,394",10/19/2025 20:33:00,8.8698,19.648
"9,395",10/19/2025 20:34:00,8.8698,19.594
"9,396",10/19/2025 20:35:00,8.8698,19.547
"9,397",10/19/2025 20:36:00,8.8698,19.516
"9,398",10/19/2025 20:37:00,8.8698,19.492
"9,399",10/19/2025 20:38:00,8.8688,19.492
"9,400",10/19/2025 20:39:00,8.8698,19.516
"9,401",10/19/2025 20:40:00,8.8708,19.484
"9,402",10/19/2025 20:41:00,8.8698,19.422
"9,403",10/19/2025 20:42:00,8.8698,19.359
"9,404",10/19/2025 20:43:00,8.8698,19.305
"9,405",10/19/2025 20:44:00,8.8708,19.266
"9,406",10/19/2025 20:45:00,8.8698,19.242
"9,407",10/19/2025 20:46:00,8.8708,19.242
"9,408",10/19/2025 20:47:00,8.8708,19.219
"9,409",10/19/2025 20:48:00,8.8698,19.203
"9,410",10/19/2025 20:49:00,8.8708,19.180
"9,411",10/19/2025 20:50:00,8.8708,19.148
"9,412",10/19/2025 20:51:00,8.8708,19.102
"9,413",10/19/2025 20:52:00,8.8708,19.078
"9,414",10/19/2025 20:53:00,8.8718,19.055
"9,415",10/19/2025 20:54:00,8.8708,19.047
"9,416",10/19/2025 20:55:00,8.8708,19.055
"9,417",10/19/2025 20:56:00,8.8708,19.086
"9,418",10/19/2025 20:57:00,8.8708,19.109
"9,419",10/19/2025 20:58:00,8.8708,19.117
"9,420",10/19/2025 20:59:00,8.8708,19.109
"9,421",10/19/2025 21:00:00,8.8718,19.094
"9,422",10/19/2025 21:01:00,8.8708,19.086
"9,423",10/19/2025 21:02:00,8.8718,19.086
"9,424",10/19/2025 21:03:00,8.8728,19.070
"9,425",10/19/2025 21:04:00,8.8728,19.023
"9,426",10/19/2025 21:05:00,8.8728,18.953
"9,427",10/19/2025 21:06:00,8.8728,18.875
"9,428",10/19/2025 21:07:00,8.8728,18.797
"9,429",10/19/2025 21:08:00,8.8739,18.734
"9,430",10/19/2025 21:09:00,8.8739,18.648
"9,431",10/19/2025 21:10:00,8.8749,18.578
"9,432",10/19/2025 21:11:00,8.8739,18.523
"9,433",10/19/2025 21:12:00,8.8749,18.477
"9,434",10/19/2025 21:13:00,8.8749,18.453
"9,435",10/19/2025 21:14:00,8.8739,18.438
"9,436",10/19/2025 21:15:00,8.8739,18.414
"9,437",10/19/2025 21:16:00,8.8739,18.391
"9,438",10/19/2025 21:17:00,8.8739,18.352
"9,439",10/19/2025 21:18:00,8.8739,18.313
"9,440",10/19/2025 21:19:00,8.8749,18.289
"9,441",10/19/2025 21:20:00,8.8739,18.266
"9,442",10/19/2025 21:21:00,8.8759,18.227
"9,443",10/19/2025 21:22:00,8.8749,18.219
"9,444",10/19/2025 21:23:00,8.8739,18.211
"9,445",10/19/2025 21:24:00,8.8749,18.180
"9,446",10/19/2025 21:25:00,8.8749,18.125
"9,447",10/19/2025 21:26:00,8.8749,18.063
"9,448",10/19/2025 21:27:00,8.8759,18.016
"9,449",10/19/2025 21:28:00,8.8749,17.977
"9,450",10/19/2025 21:29:00,8.8759,17.961
"9,451",10/19/2025 21:30:00,8.8759,17.938
"9,452",10/19/2025 21:31:00,8.8759,17.938
"9,453",10/19/2025 21:32:00,8.8769,17.945
"9,454",10/19/2025 21:33:00,8.8769,17.953
"9,455",10/19/2025 21:34:00,8.8769,17.961
"9,456",10/19/2025 21:35:00,8.8769,17.977
"9,457",10/19/2025 21:36:00,8.8769,17.992
"9,458",10/19/2025 21:37:00,8.8779,18.008
"9,459",10/19/2025 21:38:00,8.8779,18.000
"9,460",10/19/2025 21:39:00,8.8779,17.953
"9,461",10/19/2025 21:40:00,8.8779,17.906
"9,462",10/19/2025 21:41:00,8.8779,17.836
"9,463",10/19/2025 21:42:00,8.8779,17.781
"9,464",10/19/2025 21:43:00,8.8790,17.734
"9,465",10/19/2025 21:44:00,8.8779,17.695
"9,466",10/19/2025 21:45:00,8.8800,17.672
"9,467",10/19/2025 21:46:00,8.8790,17.664
"9,468",10/19/2025 21:47:00,8.8800,17.648
"9,469",10/19/2025 21:48:00,8.8800,17.633
"9,470",10/19/2025 21:49:00,8.8790,17.617
"9,471",10/19/2025 21:50:00,8.8810,17.609
"9,472",10/19/2025 21:51:00,8.8800,17.578
"9,473",10/19/2025 21:52:00,8.8800,17.539
"9,474",10/19/2025 21:53:00,8.8810,17.516
"9,475",10/19/2025 21:54:00,8.8810,17.477
"9,476",10/19/2025 21:55:00,8.8800,17.430
"9,477",10/19/2025 21:56:00,8.8810,17.406
"9,478",10/19/2025 21:57:00,8.8810,17.391
"9,479",10/19/2025 21:58:00,8.8810,17.375
"9,480",10/19/2025 21:59:00,8.8800,17.375
"9,481",10/19/2025 22:00:00,8.8800,17.359
"9,482",10/19/2025 22:01:00,8.8810,17.344
"9,483",10/19/2025 22:02:00,8.8800,17.305
"9,484",10/19/2025 22:03:00,8.8800,17.250
"9,485",10/19/2025 22:04:00,8.8810,17.195
"9,486",10/19/2025 22:05:00,8.8810,17.148
"9,487",10/19/2025 22:06:00,8.8810,17.109
"9,488",10/19/2025 22:07:00,8.8810,17.086
"9,489",10/19/2025 22:08:00,8.8810,17.055
"9,490",10/19/2025 22:09:00,8.8810,17.047
"9,491",10/19/2025 22:10:00,8.8810,17.031
"9,492",10/19/2025 22:11:00,8.8810,17.023
"9,493",10/19/2025 22:12:00,8.8810,16.992
"9,494",10/19/2025 22:13:00,8.8810,16.930
"9,495",10/19/2025 22:14:00,8.8820,16.883
"9,496",10/19/2025 22:15:00,8.8810,16.836
"9,497",10/19/2025 22:16:00,8.8820,16.789
"9,498",10/19/2025 22:17:00,8.8820,16.750
"9,499",10/19/2025 22:18:00,8.8810,16.711
"9,500",10/19/2025 22:19:00,8.8820,16.680
"9,501",10/19/2025 22:20:00,8.8830,16.641
"9,502",10/19/2025 22:21:00,8.8820,16.602
"9,503",10/19/2025 22:22:00,8.8820,16.563
"9,504",10/19/2025 22:23:00,8.8830,16.539
"9,505",10/19/2025 22:24:00,8.8830,16.508
"9,506",10/19/2025 22:25:00,8.8830,16.477
"9,507",10/19/2025 22:26:00,8.8830,16.438
"9,508",10/19/2025 22:27:00,8.8830,16.398
"9,509",10/19/2025 22:28:00,8.8840,16.352
"9,510",10/19/2025 22:29:00,8.8830,16.313
"9,511",10/19/2025 22:30:00,8.8830,16.289
"9,512",10/19/2025 22:31:00,8.8830,16.258
"9,513",10/19/2025 22:32:00,8.8830,16.234
"9,514",10/19/2025 22:33:00,8.8830,16.219
"9,515",10/19/2025 22:34:00,8.8840,16.188
"9,516",10/19/2025 22:35:00,8.8840,16.148
"9,517",10/19/2025 22:36:00,8.8830,16.094
"9,518",10/19/2025 22:37:00,8.8840,16.047
"9,519",10/19/2025 22:38:00,8.8840,16.000
"9,520",10/19/2025 22:39:00,8.8840,15.961
"9,521",10/19/2025 22:40:00,8.8840,15.938
"9,522",10/19/2025 22:41:00,8.8840,15.914
"9,523",10/19/2025 22:42:00,8.8840,15.906
"9,524",10/19/2025 22:43:00,8.8840,15.883
"9,525",10/19/2025 22:44:00,8.8840,15.867
"9,526",10/19/2025 22:45:00,8.8840,15.852
"9,527",10/19/2025 22:46:00,8.8840,15.828
"9,528",10/19/2025 22:47:00,8.8840,15.805
"9,529",10/19/2025 22:48:00,8.8830,15.781
"9,530",10/19/2025 22:49:00,8.8830,15.750
"9,531",10/19/2025 22:50:00,8.8840,15.734
"9,532",10/19/2025 22:51:00,8.8830,15.711
"9,533",10/19/2025 22:52:00,8.8830,15.680
"9,534",10/19/2025 22:53:00,8.8830,15.672
"9,535",10/19/2025 22:54:00,8.8820,15.664
"9,536",10/19/2025 22:55:00,8.8830,15.648
"9,537",10/19/2025 22:56:00,8.8830,15.664
"9,538",10/19/2025 22:57:00,8.8830,15.688
"9,539",10/19/2025 22:58:00,8.8830,15.711
"9,540",10/19/2025 22:59:00,8.8830,15.703
"9,541",10/19/2025 23:00:00,8.8820,15.695
"9,542",10/19/2025 23:01:00,8.8820,15.695
"9,543",10/19/2025 23:02:00,8.8830,15.688
"9,544",10/19/2025 23:03:00,8.8830,15.672
"9,545",10/19/2025 23:04:00,8.8830,15.648
"9,546",10/19/2025 23:05:00,8.8820,15.633
"9,547",10/19/2025 23:06:00,8.8830,15.633
"9,548",10/19/2025 23:07:00,8.8830,15.625
"9,549",10/19/2025 23:08:00,8.8830,15.609
"9,550",10/19/2025 23:09:00,8.8820,15.594
"9,551",10/19/2025 23:10:00,8.8840,15.570
"9,552",10/19/2025 23:11:00,8.8830,15.531
"9,553",10/19/2025 23:12:00,8.8830,15.492
"9,554",10/19/2025 23:13:00,8.8830,15.461
"9,555",10/19/2025 23:14:00,8.8840,15.430
"9,556",10/19/2025 23:15:00,8.8840,15.391
"9,557",10/19/2025 23:16:00,8.8840,15.359
"9,558",10/19/2025 23:17:00,8.8830,15.344
"9,559",10/19/2025 23:18:00,8.8840,15.344
"9,560",10/19/2025 23:19:00,8.8840,15.328
"9,561",10/19/2025 23:20:00,8.8851,15.313
"9,562",10/19/2025 23:21:00,8.8840,15.305
"9,563",10/19/2025 23:22:00,8.8840,15.289
"9,564",10/19/2025 23:23:00,8.8851,15.242
"9,565",10/19/2025 23:24:00,8.8851,15.195
"9,566",10/19/2025 23:25:00,8.8851,15.164
"9,567",10/19/2025 23:26:00,8.8840,15.125
"9,568",10/19/2025 23:27:00,8.8840,15.109
"9,569",10/19/2025 23:28:00,8.8840,15.117
"9,570",10/19/2025 23:29:00,8.8830,15.141
"9,571",10/19/2025 23:30:00,8.8840,15.180
"9,572",10/19/2025 23:31:00,8.8840,15.227
"9,573",10/19/2025 23:32:00,8.8830,15.273
"9,574",10/19/2025 23:33:00,8.8830,15.313
"9,575",10/19/2025 23:34:00,8.8830,15.336
"9,576",10/19/2025 23:35:00,8.8830,15.367
"9,577",10/19/2025 23:36:00,8.8820,15.398
"9,578",10/19/2025 23:37:00,8.8830,15.414
"9,579",10/19/2025 23:38:00,8.8820,15.414
"9,580",10/19/2025 23:39:00,8.8820,15.391
"9,581",10/19/2025 23:40:00,8.8830,15.352
"9,582",10/19/2025 23:41:00,8.8830,15.305
"9,583",10/19/2025 23:42:00,8.8830,15.258
"9,584",10/19/2025 23:43:00,8.8830,15.195
"9,585",10/19/2025 23:44:00,8.8830,15.141
"9,586",10/19/2025 23:45:00,8.8830,15.078
"9,587",10/19/2025 23:46:00,8.8830,15.023
"9,588",10/19/2025 23:47:00,8.8840,14.984
"9,589",10/19/2025 23:48:00,8.8840,14.938
"9,590",10/19/2025 23:49:00,8.8840,14.898
"9,591",10/19/2025 23:50:00,8.8830,14.867
"9,592",10/19/2025 23:51:00,8.8840,14.836
"9,593",10/19/2025 23:52:00,8.8840,14.813
"9,594",10/19/2025 23:53:00,8.8830,14.820
"9,595",10/19/2025 23:54:00,8.8830,14.852
"9,596",10/19/2025 23:55:00,8.8830,14.898
"9,597",10/19/2025 23:56:00,8.8820,14.961
"9,598",10/19/2025 23:57:00,8.8830,15.039
"9,599",10/19/2025 23:58:00,8.8820,15.109
"9,600",10/19/2025 23:59:00,8.8820,15.195
"9,601",10/20/2025 0:00:00,8.8810,15.258
"9,602",10/20/2025 0:01:00,8.8810,15.297
"9,603",10/20/2025 0:02:00,8.8820,15.281
"9,604",10/20/2025 0:03:00,8.8810,15.227
"9,605",10/20/2025 0:04:00,8.8820,15.188
"9,606",10/20/2025 0:05:00,8.8820,15.180
"9,607",10/20/2025 0:06:00,8.8820,15.180
"9,608",10/20/2025 0:07:00,8.8820,15.164
"9,609",10/20/2025 0:08:00,8.8820,15.141
"9,610",10/20/2025 0:09:00,8.8820,15.109
"9,611",10/20/2025 0:10:00,8.8820,15.078
"9,612",10/20/2025 0:11:00,8.8810,15.086
"9,613",10/20/2025 0:12:00,8.8820,15.102
"9,614",10/20/2025 0:13:00,8.8820,15.125
"9,615",10/20/2025 0:14:00,8.8820,15.156
"9,616",10/20/2025 0:15:00,8.8820,15.172
"9,617",10/20/2025 0:16:00,8.8820,15.172
"9,618",10/20/2025 0:17:00,8.8820,15.164
"9,619",10/20/2025 0:18:00,8.8810,15.141
"9,620",10/20/2025 0:19:00,8.8830,15.102
"9,621",10/20/2025 0:20:00,8.8830,15.055
"9,622",10/20/2025 0:21:00,8.8820,15.016
"9,623",10/20/2025 0:22:00,8.8830,14.992
"9,624",10/20/2025 0:23:00,8.8810,14.969
"9,625",10/20/2025 0:24:00,8.8820,14.953
"9,626",10/20/2025 0:25:00,8.8830,14.914
"9,627",10/20/2025 0:26:00,8.8820,14.883
"9,628",10/20/2025 0:27:00,8.8820,14.852
"9,629",10/20/2025 0:28:00,8.8820,14.813
"9,630",10/20/2025 0:29:00,8.8820,14.758
"9,631",10/20/2025 0:30:00,8.8830,14.688
"9,632",10/20/2025 0:31:00,8.8830,14.633
"9,633",10/20/2025 0:32:00,8.8820,14.578
"9,634",10/20/2025 0:33:00,8.8830,14.531
"9,635",10/20/2025 0:34:00,8.8820,14.508
"9,636",10/20/2025 0:35:00,8.8820,14.484
"9,637",10/20/2025 0:36:00,8.8810,14.469
"9,638",10/20/2025 0:37:00,8.8810,14.445
"9,639",10/20/2025 0:38:00,8.8810,14.422
"9,640",10/20/2025 0:39:00,8.8820,14.391
"9,641",10/20/2025 0:40:00,8.8820,14.375
"9,642",10/20/2025 0:41:00,8.8820,14.352
"9,643",10/20/2025 0:42:00,8.8810,14.328
"9,644",10/20/2025 0:43:00,8.8820,14.305
"9,645",10/20/2025 0:44:00,8.8820,14.281
"9,646",10/20/2025 0:45:00,8.8810,14.250
"9,647",10/20/2025 0:46:00,8.8820,14.227
"9,648",10/20/2025 0:47:00,8.8820,14.211
"9,649",10/20/2025 0:48:00,8.8820,14.195
"9,650",10/20/2025 0:49:00,8.8820,14.164
"9,651",10/20/2025 0:50:00,8.8810,14.141
"9,652",10/20/2025 0:51:00,8.8820,14.133
"9,653",10/20/2025 0:52:00,8.8820,14.133
"9,654",10/20/2025 0:53:00,8.8820,14.125
"9,655",10/20/2025 0:54:00,8.8820,14.109
"9,656",10/20/2025 0:55:00,8.8820,14.086
"9,657",10/20/2025 0:56:00,8.8820,14.063
"9,658",10/20/2025 0:57:00,8.8820,14.031
"9,659",10/20/2025 0:58:00,8.8820,14.000
"9,660",10/20/2025 0:59:00,8.8820,13.984
"9,661",10/20/2025 1:00:00,8.8820,13.984
"9,662",10/20/2025 1:01:00,8.8820,13.969
"9,663",10/20/2025 1:02:00,8.8820,13.969
"9,664",10/20/2025 1:03:00,8.8810,13.984
"9,665",10/20/2025 1:04:00,8.8820,13.992
"9,666",10/20/2025 1:05:00,8.8820,13.977
"9,667",10/20/2025 1:06:00,8.8820,13.961
"9,668",10/20/2025 1:07:00,8.8830,13.953
"9,669",10/20/2025 1:08:00,8.8820,13.930
"9,670",10/20/2025 1:09:00,8.8820,13.906
"9,671",10/20/2025 1:10:00,8.8820,13.875
"9,672",10/20/2025 1:11:00,8.8820,13.859
"9,673",10/20/2025 1:12:00,8.8830,13.844
"9,674",10/20/2025 1:13:00,8.8820,13.844
"9,675",10/20/2025 1:14:00,8.8820,13.852
"9,676",10/20/2025 1:15:00,8.8810,13.852
"9,677",10/20/2025 1:16:00,8.8820,13.836
"9,678",10/20/2025 1:17:00,8.8820,13.820
"9,679",10/20/2025 1:18:00,8.8810,13.805
"9,680",10/20/2025 1:19:00,8.8810,13.789
"9,681",10/20/2025 1:20:00,8.8820,13.766
"9,682",10/20/2025 1:21:00,8.8810,13.750
"9,683",10/20/2025 1:22:00,8.8820,13.727
"9,684",10/20/2025 1:23:00,8.8820,13.711
"9,685",10/20/2025 1:24:00,8.8820,13.695
"9,686",10/20/2025 1:25:00,8.8820,13.680
"9,687",10/20/2025 1:26:00,8.8820,13.664
"9,688",10/20/2025 1:27:00,8.8820,13.656
"9,689",10/20/2025 1:28:00,8.8810,13.656
"9,690",10/20/2025 1:29:00,8.8810,13.664
"9,691",10/20/2025 1:30:00,8.8810,13.664
"9,692",10/20/2025 1:31:00,8.8810,13.656
"9,693",10/20/2025 1:32:00,8.8820,13.641
"9,694",10/20/2025 1:33:00,8.8820,13.617
"9,695",10/20/2025 1:34:00,8.8810,13.594
"9,696",10/20/2025 1:35:00,8.8820,13.563
"9,697",10/20/2025 1:36:00,8.8820,13.531
"9,698",10/20/2025 1:37:00,8.8810,13.500
"9,699",10/20/2025 1:38:00,8.8810,13.477
"9,700",10/20/2025 1:39:00,8.8820,13.453
"9,701",10/20/2025 1:40:00,8.8820,13.438
"9,702",10/20/2025 1:41:00,8.8820,13.422
"9,703",10/20/2025 1:42:00,8.8820,13.438
"9,704",10/20/2025 1:43:00,8.8820,13.453
"9,705",10/20/2025 1:44:00,8.8810,13.461
"9,706",10/20/2025 1:45:00,8.8820,13.461
"9,707",10/20/2025 1:46:00,8.8820,13.453
"9,708",10/20/2025 1:47:00,8.8810,13.469
"9,709",10/20/2025 1:48:00,8.8820,13.453
"9,710",10/20/2025 1:49:00,8.8820,13.438
"9,711",10/20/2025 1:50:00,8.8810,13.438
"9,712",10/20/2025 1:51:00,8.8810,13.422
"9,713",10/20/2025 1:52:00,8.8810,13.406
"9,714",10/20/2025 1:53:00,8.8810,13.398
"9,715",10/20/2025 1:54:00,8.8810,13.398
"9,716",10/20/2025 1:55:00,8.8800,13.398
"9,717",10/20/2025 1:56:00,8.8810,13.406
"9,718",10/20/2025 1:57:00,8.8800,13.406
"9,719",10/20/2025 1:58:00,8.8810,13.406
"9,720",10/20/2025 1:59:00,8.8810,13.391
"9,721",10/20/2025 2:00:00,8.8810,13.383
"9,722",10/20/2025 2:01:00,8.8810,13.367
"9,723",10/20/2025 2:02:00,8.8810,13.352
"9,724",10/20/2025 2:03:00,8.8810,13.336
"9,725",10/20/2025 2:04:00,8.8810,13.328
"9,726",10/20/2025 2:05:00,8.8800,13.320
"9,727",10/20/2025 2:06:00,8.8800,13.328
"9,728",10/20/2025 2:07:00,8.8810,13.320
"9,729",10/20/2025 2:08:00,8.8800,13.305
"9,730",10/20/2025 2:09:00,8.8810,13.289
"9,731",10/20/2025 2:10:00,8.8810,13.266
"9,732",10/20/2025 2:11:00,8.8810,13.234
"9,733",10/20/2025 2:12:00,8.8810,13.211
"9,734",10/20/2025 2:13:00,8.8800,13.180
"9,735",10/20/2025 2:14:00,8.8800,13.148
"9,736",10/20/2025 2:15:00,8.8800,13.109
"9,737",10/20/2025 2:16:00,8.8810,13.070
"9,738",10/20/2025 2:17:00,8.8810,13.039
"9,739",10/20/2025 2:18:00,8.8810,13.000
"9,740",10/20/2025 2:19:00,8.8820,12.977
"9,741",10/20/2025 2:20:00,8.8810,12.930
"9,742",10/20/2025 2:21:00,8.8810,12.891
"9,743",10/20/2025 2:22:00,8.8810,12.859
"9,744",10/20/2025 2:23:00,8.8810,12.844
"9,745",10/20/2025 2:24:00,8.8810,12.813
"9,746",10/20/2025 2:25:00,8.8810,12.789
"9,747",10/20/2025 2:26:00,8.8810,12.781
"9,748",10/20/2025 2:27:00,8.8810,12.773
"9,749",10/20/2025 2:28:00,8.8810,12.750
"9,750",10/20/2025 2:29:00,8.8810,12.719
"9,751",10/20/2025 2:30:00,8.8820,12.695
"9,752",10/20/2025 2:31:00,8.8810,12.672
"9,753",10/20/2025 2:32:00,8.8810,12.648
"9,754",10/20/2025 2:33:00,8.8800,12.625
"9,755",10/20/2025 2:34:00,8.8800,12.594
"9,756",10/20/2025 2:35:00,8.8810,12.570
"9,757",10/20/2025 2:36:00,8.8810,12.547
"9,758",10/20/2025 2:37:00,8.8800,12.523
"9,759",10/20/2025 2:38:00,8.8810,12.500
"9,760",10/20/2025 2:39:00,8.8810,12.484
"9,761",10/20/2025 2:40:00,8.8800,12.461
"9,762",10/20/2025 2:41:00,8.8800,12.453
"9,763",10/20/2025 2:42:00,8.8800,12.461
"9,764",10/20/2025 2:43:00,8.8790,12.469
"9,765",10/20/2025 2:44:00,8.8800,12.477
"9,766",10/20/2025 2:45:00,8.8800,12.469
"9,767",10/20/2025 2:46:00,8.8800,12.477
"9,768",10/20/2025 2:47:00,8.8800,12.469
"9,769",10/20/2025 2:48:00,8.8800,12.469
"9,770",10/20/2025 2:49:00,8.8800,12.477
"9,771",10/20/2025 2:50:00,8.8800,12.484
"9,772",10/20/2025 2:51:00,8.8800,12.484
"9,773",10/20/2025 2:52:00,8.8800,12.484
"9,774",10/20/2025 2:53:00,8.8800,12.477
"9,775",10/20/2025 2:54:00,8.8800,12.469
"9,776",10/20/2025 2:55:00,8.8800,12.461
"9,777",10/20/2025 2:56:00,8.8800,12.461
"9,778",10/20/2025 2:57:00,8.8800,12.453
"9,779",10/20/2025 2:58:00,8.8800,12.445
"9,780",10/20/2025 2:59:00,8.8800,12.438
"9,781",10/20/2025 3:00:00,8.8800,12.430
"9,782",10/20/2025 3:01:00,8.8810,12.414
"9,783",10/20/2025 3:02:00,8.8800,12.398
"9,784",10/20/2025 3:03:00,8.8800,12.391
"9,785",10/20/2025 3:04:00,8.8800,12.391
"9,786",10/20/2025 3:05:00,8.8800,12.383
"9,787",10/20/2025 3:06:00,8.8800,12.383
"9,788",10/20/2025 3:07:00,8.8800,12.383
"9,789",10/20/2025 3:08:00,8.8790,12.383
"9,790",10/20/2025 3:09:00,8.8800,12.367
"9,791",10/20/2025 3:10:00,8.8800,12.344
"9,792",10/20/2025 3:11:00,8.8800,12.320
"9,793",10/20/2025 3:12:00,8.8800,12.305
"9,794",10/20/2025 3:13:00,8.8800,12.289
"9,795",10/20/2025 3:14:00,8.8800,12.273
"9,796",10/20/2025 3:15:00,8.8810,12.266
"9,797",10/20/2025 3:16:00,8.8790,12.258
"9,798",10/20/2025 3:17:00,8.8810,12.250
"9,799",10/20/2025 3:18:00,8.8800,12.242
"9,800",10/20/2025 3:19:00,8.8810,12.242
"9,801",10/20/2025 3:20:00,8.8810,12.234
"9,802",10/20/2025 3:21:00,8.8810,12.234
"9,803",10/20/2025 3:22:00,8.8810,12.219
"9,804",10/20/2025 3:23:00,8.8810,12.188
"9,805",10/20/2025 3:24:00,8.8810,12.148
"9,806",10/20/2025 3:25:00,8.8810,12.117
"9,807",10/20/2025 3:26:00,8.8810,12.086
"9,808",10/20/2025 3:27:00,8.8820,12.047
"9,809",10/20/2025 3:28:00,8.8820,12.023
"9,810",10/20/2025 3:29:00,8.8810,12.016
"9,811",10/20/2025 3:30:00,8.8810,12.008
"9,812",10/20/2025 3:31:00,8.8810,11.992
"9,813",10/20/2025 3:32:00,8.8820,11.969
"9,814",10/20/2025 3:33:00,8.8820,11.930
"9,815",10/20/2025 3:34:00,8.8820,11.906
"9,816",10/20/2025 3:35:00,8.8820,11.867
"9,817",10/20/2025 3:36:00,8.8820,11.844
"9,818",10/20/2025 3:37:00,8.8820,11.820
"9,819",10/20/2025 3:38:00,8.8820,11.797
"9,820",10/20/2025 3:39:00,8.8820,11.781
"9,821",10/20/2025 3:40:00,8.8830,11.742
"9,822",10/20/2025 3:41:00,8.8830,11.719
"9,823",10/20/2025 3:42:00,8.8830,11.719
"9,824",10/20/2025 3:43:00,8.8840,11.711
"9,825",10/20/2025 3:44:00,8.8830,11.695
"9,826",10/20/2025 3:45:00,8.8840,11.680
"9,827",10/20/2025 3:46:00,8.8840,11.672
"9,828",10/20/2025 3:47:00,8.8830,11.680
"9,829",10/20/2025 3:48:00,8.8840,11.688
"9,830",10/20/2025 3:49:00,8.8840,11.688
"9,831",10/20/2025 3:50:00,8.8840,11.688
"9,832",10/20/2025 3:51:00,8.8840,11.695
"9,833",10/20/2025 3:52:00,8.8840,11.711
"9,834",10/20/2025 3:53:00,8.8840,11.719
"9,835",10/20/2025 3:54:00,8.8830,11.750
"9,836",10/20/2025 3:55:00,8.8830,11.750
"9,837",10/20/2025 3:56:00,8.8830,11.750
"9,838",10/20/2025 3:57:00,8.8840,11.734
"9,839",10/20/2025 3:58:00,8.8840,11.719
"9,840",10/20/2025 3:59:00,8.8840,11.703
"9,841",10/20/2025 4:00:00,8.8851,11.680
"9,842",10/20/2025 4:01:00,8.8840,11.648
"9,843",10/20/2025 4:02:00,8.8851,11.625
"9,844",10/20/2025 4:03:00,8.8840,11.586
"9,845",10/20/2025 4:04:00,8.8851,11.555
"9,846",10/20/2025 4:05:00,8.8840,11.516
"9,847",10/20/2025 4:06:00,8.8851,11.484
"9,848",10/20/2025 4:07:00,8.8851,11.461
"9,849",10/20/2025 4:08:00,8.8851,11.445
"9,850",10/20/2025 4:09:00,8.8840,11.430
"9,851",10/20/2025 4:10:00,8.8851,11.422
"9,852",10/20/2025 4:11:00,8.8851,11.422
"9,853",10/20/2025 4:12:00,8.8851,11.406
"9,854",10/20/2025 4:13:00,8.8851,11.383
"9,855",10/20/2025 4:14:00,8.8851,11.367
"9,856",10/20/2025 4:15:00,8.8851,11.352
"9,857",10/20/2025 4:16:00,8.8851,11.344
"9,858",10/20/2025 4:17:00,8.8851,11.336
"9,859",10/20/2025 4:18:00,8.8851,11.313
"9,860",10/20/2025 4:19:00,8.8861,11.289
"9,861",10/20/2025 4:20:00,8.8851,11.273
"9,862",10/20/2025 4:21:00,8.8861,11.266
"9,863",10/20/2025 4:22:00,8.8851,11.250
"9,864",10/20/2025 4:23:00,8.8861,11.242
"9,865",10/20/2025 4:24:00,8.8851,11.227
"9,866",10/20/2025 4:25:00,8.8851,11.242
"9,867",10/20/2025 4:26:00,8.8851,11.250
"9,868",10/20/2025 4:27:00,8.8861,11.250
"9,869",10/20/2025 4:28:00,8.8861,11.242
"9,870",10/20/2025 4:29:00,8.8861,11.227
"9,871",10/20/2025 4:30:00,8.8851,11.211
"9,872",10/20/2025 4:31:00,8.8851,11.195
"9,873",10/20/2025 4:32:00,8.8851,11.188
"9,874",10/20/2025 4:33:00,8.8861,11.172
"9,875",10/20/2025 4:34:00,8.8851,11.148
"9,876",10/20/2025 4:35:00,8.8871,11.125
"9,877",10/20/2025 4:36:00,8.8861,11.102
"9,878",10/20/2025 4:37:00,8.8871,11.078
"9,879",10/20/2025 4:38:00,8.8861,11.055
"9,880",10/20/2025 4:39:00,8.8871,11.031
"9,881",10/20/2025 4:40:00,8.8871,11.008
"9,882",10/20/2025 4:41:00,8.8861,10.977
"9,883",10/20/2025 4:42:00,8.8871,10.969
"9,884",10/20/2025 4:43:00,8.8871,10.961
"9,885",10/20/2025 4:44:00,8.8881,10.938
"9,886",10/20/2025 4:45:00,8.8881,10.914
"9,887",10/20/2025 4:46:00,8.8881,10.883
"9,888",10/20/2025 4:47:00,8.8881,10.875
"9,889",10/20/2025 4:48:00,8.8881,10.867
"9,890",10/20/2025 4:49:00,8.8881,10.867
"9,891",10/20/2025 4:50:00,8.8881,10.875
"9,892",10/20/2025 4:51:00,8.8881,10.875
"9,893",10/20/2025 4:52:00,8.8881,10.875
"9,894",10/20/2025 4:53:00,8.8881,10.875
"9,895",10/20/2025 4:54:00,8.8891,10.859
"9,896",10/20/2025 4:55:00,8.8891,10.828
"9,897",10/20/2025 4:56:00,8.8902,10.797
"9,898",10/20/2025 4:57:00,8.8902,10.773
"9,899",10/20/2025 4:58:00,8.8891,10.734
"9,900",10/20/2025 4:59:00,8.8912,10.719
"9,901",10/20/2025 5:00:00,8.8912,10.703
"9,902",10/20/2025 5:01:00,8.8912,10.688
"9,903",10/20/2025 5:02:00,8.8922,10.680
"9,904",10/20/2025 5:03:00,8.8922,10.664
"9,905",10/20/2025 5:04:00,8.8912,10.641
"9,906",10/20/2025 5:05:00,8.8922,10.609
"9,907",10/20/2025 5:06:00,8.8912,10.570
"9,908",10/20/2025 5:07:00,8.8922,10.539
"9,909",10/20/2025 5:08:00,8.8922,10.516
"9,910",10/20/2025 5:09:00,8.8922,10.500
"9,911",10/20/2025 5:10:00,8.8922,10.477
"9,912",10/20/2025 5:11:00,8.8922,10.461
"9,913",10/20/2025 5:12:00,8.8932,10.445
"9,914",10/20/2025 5:13:00,8.8922,10.445
"9,915",10/20/2025 5:14:00,8.8932,10.438
"9,916",10/20/2025 5:15:00,8.8932,10.445
"9,917",10/20/2025 5:16:00,8.8932,10.438
"9,918",10/20/2025 5:17:00,8.8932,10.430
"9,919",10/20/2025 5:18:00,8.8932,10.414
"9,920",10/20/2025 5:19:00,8.8932,10.398
"9,921",10/20/2025 5:20:00,8.8942,10.383
"9,922",10/20/2025 5:21:00,8.8932,10.375
"9,923",10/20/2025 5:22:00,8.8932,10.367
"9,924",10/20/2025 5:23:00,8.8932,10.359
"9,925",10/20/2025 5:24:00,8.8942,10.336
"9,926",10/20/2025 5:25:00,8.8942,10.328
"9,927",10/20/2025 5:26:00,8.8942,10.313
"9,928",10/20/2025 5:27:00,8.8942,10.297
"9,929",10/20/2025 5:28:00,8.8942,10.273
"9,930",10/20/2025 5:29:00,8.8953,10.250
"9,931",10/20/2025 5:30:00,8.8953,10.234
"9,932",10/20/2025 5:31:00,8.8953,10.211
"9,933",10/20/2025 5:32:00,8.8953,10.203
"9,934",10/20/2025 5:33:00,8.8953,10.203
"9,935",10/20/2025 5:34:00,8.8953,10.188
"9,936",10/20/2025 5:35:00,8.8953,10.172
"9,937",10/20/2025 5:36:00,8.8953,10.164
"9,938",10/20/2025 5:37:00,8.8953,10.164
"9,939",10/20/2025 5:38:00,8.8953,10.148
"9,940",10/20/2025 5:39:00,8.8953,10.141
"9,941",10/20/2025 5:40:00,8.8953,10.102
"9,942",10/20/2025 5:41:00,8.8953,10.086
"9,943",10/20/2025 5:42:00,8.8963,10.070
"9,944",10/20/2025 5:43:00,8.8963,10.047
"9,945",10/20/2025 5:44:00,8.8963,10.039
"9,946",10/20/2025 5:45:00,8.8963,10.016
"9,947",10/20/2025 5:46:00,8.8953,10.008
"9,948",10/20/2025 5:47:00,8.8963,10.008
"9,949",10/20/2025 5:48:00,8.8963,10.008
"9,950",10/20/2025 5:49:00,8.8963,10.000
"9,951",10/20/2025 5:50:00,8.8963,9.992
"9,952",10/20/2025 5:51:00,8.8963,9.984
"9,953",10/20/2025 5:52:00,8.8973,9.984
"9,954",10/20/2025 5:53:00,8.8963,9.992
"9,955",10/20/2025 5:54:00,8.8973,9.992
"9,956",10/20/2025 5:55:00,8.8973,9.992
"9,957",10/20/2025 5:56:00,8.8973,9.992
"9,958",10/20/2025 5:57:00,8.8963,10.000
"9,959",10/20/2025 5:58:00,8.8973,10.016
"9,960",10/20/2025 5:59:00,8.8973,10.039
"9,961",10/20/2025 6:00:00,8.8973,10.047
"9,962",10/20/2025 6:01:00,8.8973,10.063
"9,963",10/20/2025 6:02:00,8.8973,10.078
"9,964",10/20/2025 6:03:00,8.8983,10.086
"9,965",10/20/2025 6:04:00,8.8973,10.094
"9,966",10/20/2025 6:05:00,8.8983,10.109
"9,967",10/20/2025 6:06:00,8.8973,10.141
"9,968",10/20/2025 6:07:00,8.8973,10.164
"9,969",10/20/2025 6:08:00,8.8983,10.203
"9,970",10/20/2025 6:09:00,8.8983,10.234
"9,971",10/20/2025 6:10:00,8.8973,10.281
"9,972",10/20/2025 6:11:00,8.8973,10.344
"9,973",10/20/2025 6:12:00,8.8973,10.438
"9,974",10/20/2025 6:13:00,8.8963,10.547
"9,975",10/20/2025 6:14:00,8.8963,10.648
"9,976",10/20/2025 6:15:00,8.8953,10.750
"9,977",10/20/2025 6:16:00,8.8963,10.836
"9,978",10/20/2025 6:17:00,8.8963,10.945
"9,979",10/20/2025 6:18:00,8.8953,11.070
"9,980",10/20/2025 6:19:00,8.8953,11.211
"9,981",10/20/2025 6:20:00,8.8953,11.344
"9,982",10/20/2025 6:21:00,8.8942,11.484
"9,983",10/20/2025 6:22:00,8.8932,11.633
"9,984",10/20/2025 6:23:00,8.8932,11.797
"9,985",10/20/2025 6:24:00,8.8932,11.977
"9,986",10/20/2025 6:25:00,8.8922,12.172
"9,987",10/20/2025 6:26:00,8.8912,12.367
"9,988",10/20/2025 6:27:00,8.8912,12.555
"9,989",10/20/2025 6:28:00,8.8912,12.773
"9,990",10/20/2025 6:29:00,8.8902,12.992
"9,991",10/20/2025 6:30:00,8.8891,13.219
"9,992",10/20/2025 6:31:00,8.8891,13.438
"9,993",10/20/2025 6:32:00,8.8881,13.672
"9,994",10/20/2025 6:33:00,8.8871,13.922
"9,995",10/20/2025 6:34:00,8.8871,14.156
"9,996",10/20/2025 6:35:00,8.8861,14.398
"9,997",10/20/2025 6:36:00,8.8851,14.633
"9,998",10/20/2025 6:37:00,8.8851,14.867
"9,999",10/20/2025 6:38:00,8.8861,15.125
"10,000",10/20/2025 6:39:00,8.8840,15.398
"10,001",10/20/2025 6:40:00,8.8830,15.664
"10,002",10/20/2025 6:41:00,8.8830,15.930
"10,003",10/20/2025 6:42:00,8.8830,16.211
"10,004",10/20/2025 6:43:00,8.8820,16.461
"10,005",10/20/2025 6:44:00,8.8810,16.695
"10,006",10/20/2025 6:45:00,8.8810,16.914
"10,007",10/20/2025 6:46:00,8.8800,17.164
"10,008",10/20/2025 6:47:00,8.8790,17.422
"10,009",10/20/2025 6:48:00,8.8790,17.664
"10,010",10/20/2025 6:49:00,8.8779,17.922
"10,011",10/20/2025 6:50:00,8.8779,18.180
"10,012",10/20/2025 6:51:00,8.8769,18.477
"10,013",10/20/2025 6:52:00,8.8769,18.773
"10,014",10/20/2025 6:53:00,8.8759,19.086
"10,015",10/20/2025 6:54:00,8.8759,19.406
"10,016",10/20/2025 6:55:00,8.8759,19.719
"10,017",10/20/2025 6:56:00,8.8749,20.047
"10,018",10/20/2025 6:57:00,8.8749,20.391
"10,019",10/20/2025 6:58:00,8.8739,20.742
"10,020",10/20/2025 6:59:00,8.8728,21.055
"10,021",10/20/2025 7:00:00,8.8728,21.359
"10,022",10/20/2025 7:01:00,8.8728,21.625
"10,023",10/20/2025 7:02:00,8.8728,21.906
"10,024",10/20/2025 7:03:00,8.8728,22.172
"10,025",10/20/2025 7:04:00,8.8718,22.445
"10,026",10/20/2025 7:05:00,8.8739,22.703
"10,027",10/20/2025 7:06:00,8.8728,22.938
"10,028",10/20/2025 7:07:00,8.8728,23.156
"10,029",10/20/2025 7:08:00,8.8728,23.305
"10,030",10/20/2025 7:09:00,8.8728,23.523
"10,031",10/20/2025 7:10:00,8.8708,23.703
"10,032",10/20/2025 7:11:00,8.8718,23.875
"10,033",10/20/2025 7:12:00,8.8728,24.000
"10,034",10/20/2025 7:13:00,8.8708,24.227
"10,035",10/20/2025 7:14:00,8.8718,24.375
"10,036",10/20/2025 7:15:00,8.8718,24.523
"10,037",10/20/2025 7:16:00,8.8718,24.742
"10,038",10/20/2025 7:17:00,8.8718,24.906
"10,039",10/20/2025 7:18:00,8.8708,25.109
"10,040",10/20/2025 7:19:00,8.8708,25.289
"10,041",10/20/2025 7:20:00,8.8698,25.406
"10,042",10/20/2025 7:21:00,8.8698,25.531
"10,043",10/20/2025 7:22:00,8.8708,25.664
"10,044",10/20/2025 7:23:00,8.8688,25.867
"10,045",10/20/2025 7:24:00,8.8688,26.070
"10,046",10/20/2025 7:25:00,8.8688,26.336
"10,047",10/20/2025 7:26:00,8.8677,26.609
"10,048",10/20/2025 7:27:00,8.8677,26.898
"10,049",10/20/2025 7:28:00,8.8667,27.195
"10,050",10/20/2025 7:29:00,8.8667,27.477
"10,051",10/20/2025 7:30:00,8.8657,27.773
"10,052",10/20/2025 7:31:00,8.8667,28.063
"10,053",10/20/2025 7:32:00,8.8657,28.367
"10,054",10/20/2025 7:33:00,8.8667,28.539
"10,055",10/20/2025 7:34:00,8.8667,28.648
"10,056",10/20/2025 7:35:00,8.8667,28.734
"10,057",10/20/2025 7:36:00,8.8647,28.922
"10,058",10/20/2025 7:37:00,8.8647,29.164
"10,059",10/20/2025 7:38:00,8.8647,29.430
"10,060",10/20/2025 7:39:00,8.8637,29.695
"10,061",10/20/2025 7:40:00,8.8637,29.930
"10,062",10/20/2025 7:41:00,8.8626,30.133
"10,063",10/20/2025 7:42:00,8.8626,30.320
"10,064",10/20/2025 7:43:00,8.8637,30.500
"10,065",10/20/2025 7:44:00,8.8637,30.742
"10,066",10/20/2025 7:45:00,8.8637,30.945
"10,067",10/20/2025 7:46:00,8.8637,31.102
"10,068",10/20/2025 7:47:00,8.8626,31.336
"10,069",10/20/2025 7:48:00,8.8626,31.547
"10,070",10/20/2025 7:49:00,8.8616,31.805
"10,071",10/20/2025 7:50:00,8.8606,31.961
"10,072",10/20/2025 7:51:00,8.8616,32.117
"10,073",10/20/2025 7:52:00,8.8606,32.313
"10,074",10/20/2025 7:53:00,8.8606,32.477
"10,075",10/20/2025 7:54:00,8.8596,32.633
"10,076",10/20/2025 7:55:00,8.8606,32.766
"10,077",10/20/2025 7:56:00,8.8606,32.719
"10,078",10/20/2025 7:57:00,8.8606,32.797
"10,079",10/20/2025 7:58:00,8.8596,32.961
"10,080",10/20/2025 7:59:00,8.8596,33.070
"10,081",10/20/2025 8:00:00,8.8616,33.148
"10,082",10/20/2025 8:01:00,8.8596,33.234
"10,083",10/20/2025 8:02:00,8.8596,33.336
"10,084",10/20/2025 8:03:00,8.8616,33.250
"10,085",10/20/2025 8:04:00,8.8616,33.281
"10,086",10/20/2025 8:05:00,8.8606,33.297
"10,087",10/20/2025 8:06:00,8.8606,33.391
"10,088",10/20/2025 8:07:00,8.8606,33.523
"10,089",10/20/2025 8:08:00,8.8616,33.648
"10,090",10/20/2025 8:09:00,8.8616,33.719
"10,091",10/20/2025 8:10:00,8.8606,33.813
"10,092",10/20/2025 8:11:00,8.8616,33.766
"10,093",10/20/2025 8:12:00,8.8626,33.680
"10,094",10/20/2025 8:13:00,8.8596,33.648
"10,095",10/20/2025 8:14:00,8.8606,33.789
"10,096",10/20/2025 8:15:00,8.8596,34.023
"10,097",10/20/2025 8:16:00,8.8616,34.102
"10,098",10/20/2025 8:17:00,8.8616,33.984
"10,099",10/20/2025 8:18:00,8.8616,33.938
"10,100",10/20/2025 8:19:00,8.8606,33.781
"10,101",10/20/2025 8:20:00,8.8626,33.656
"10,102",10/20/2025 8:21:00,8.8616,33.781
"10,103",10/20/2025 8:22:00,8.8626,33.945
"10,104",10/20/2025 8:23:00,8.8606,34.086
"10,105",10/20/2025 8:24:00,8.8637,33.977
"10,106",10/20/2025 8:25:00,8.8606,34.039
"10,107",10/20/2025 8:26:00,8.8606,34.117
"10,108",10/20/2025 8:27:00,8.8616,34.156
"10,109",10/20/2025 8:28:00,8.8616,34.211
"10,110",10/20/2025 8:29:00,8.8626,34.117
"10,111",10/20/2025 8:30:00,8.8616,34.008
"10,112",10/20/2025 8:31:00,8.8637,33.898
"10,113",10/20/2025 8:32:00,8.8657,33.672
"10,114",10/20/2025 8:33:00,8.8637,33.453
"10,115",10/20/2025 8:34:00,8.8657,33.227
"10,116",10/20/2025 8:35:00,8.8647,33.148
"10,117",10/20/2025 8:36:00,8.8637,33.180
"10,118",10/20/2025 8:37:00,8.8626,33.250
"10,119",10/20/2025 8:38:00,8.8637,33.313
"10,120",10/20/2025 8:39:00,8.8637,33.320
"10,121",10/20/2025 8:40:00,8.8626,33.219
"10,122",10/20/2025 8:41:00,8.8637,33.094
"10,123",10/20/2025 8:42:00,8.8626,33.063
"10,124",10/20/2025 8:43:00,8.8647,33.063
"10,125",10/20/2025 8:44:00,8.8637,33.141
"10,126",10/20/2025 8:45:00,8.8637,33.242
"10,127",10/20/2025 8:46:00,8.8637,33.367
"10,128",10/20/2025 8:47:00,8.8637,33.477
"10,129",10/20/2025 8:48:00,8.8637,33.586
"10,130",10/20/2025 8:49:00,8.8637,33.680
"10,131",10/20/2025 8:50:00,8.8637,33.813
"10,132",10/20/2025 8:51:00,8.8637,33.773
"10,133",10/20/2025 8:52:00,8.8647,33.695
"10,134",10/20/2025 8:53:00,8.8647,33.648
"10,135",10/20/2025 8:54:00,8.8637,33.656
"10,136",10/20/2025 8:55:00,8.8647,33.805
"10,137",10/20/2025 8:56:00,8.8637,33.945
"10,138",10/20/2025 8:57:00,8.8637,34.000
"10,139",10/20/2025 8:58:00,8.8637,34.016
"10,140",10/20/2025 8:59:00,8.8657,33.961
"10,141",10/20/2025 9:00:00,8.8637,33.977
"10,142",10/20/2025 9:01:00,8.8637,33.984
"10,143",10/20/2025 9:02:00,8.8637,34.047
"10,144",10/20/2025 9:03:00,8.8637,34.250
"10,145",10/20/2025 9:04:00,8.8647,34.258
"10,146",10/20/2025 9:05:00,8.8637,34.336
"10,147",10/20/2025 9:06:00,8.8626,34.453
"10,148",10/20/2025 9:07:00,8.8626,34.531
"10,149",10/20/2025 9:08:00,8.8637,34.609
"10,150",10/20/2025 9:09:00,8.8647,34.422
"10,151",10/20/2025 9:10:00,8.8637,34.227
"10,152",10/20/2025 9:11:00,8.8637,34.000
"10,153",10/20/2025 9:12:00,8.8647,33.859
"10,154",10/20/2025 9:13:00,8.8667,33.727
"10,155",10/20/2025 9:14:00,8.8637,33.656
"10,156",10/20/2025 9:15:00,8.8647,33.625
"10,157",10/20/2025 9:16:00,8.8657,33.508
"10,158",10/20/2025 9:17:00,8.8647,33.375
"10,159",10/20/2025 9:18:00,8.8667,33.344
"10,160",10/20/2025 9:19:00,8.8626,33.336
"10,161",10/20/2025 9:20:00,8.8667,33.313
"10,162",10/20/2025 9:21:00,8.8657,33.227
"10,163",10/20/2025 9:22:00,8.8626,33.195
"10,164",10/20/2025 9:23:00,8.8657,33.094
"10,165",10/20/2025 9:24:00,8.8647,32.953
"10,166",10/20/2025 9:25:00,8.8647,32.867
"10,167",10/20/2025 9:26:00,8.8647,32.875
"10,168",10/20/2025 9:27:00,8.8626,32.945
"10,169",10/20/2025 9:28:00,8.8647,33.031
"10,170",10/20/2025 9:29:00,8.8647,33.094
"10,171",10/20/2025 9:30:00,8.8657,33.141
"10,172",10/20/2025 9:31:00,8.8626,33.148
"10,173",10/20/2025 9:32:00,8.8647,33.195
"10,174",10/20/2025 9:33:00,8.8657,33.148
"10,175",10/20/2025 9:34:00,8.8626,33.195
"10,176",10/20/2025 9:35:00,8.8647,33.180
"10,177",10/20/2025 9:36:00,8.8647,33.195
"10,178",10/20/2025 9:37:00,8.8637,33.289
"10,179",10/20/2025 9:38:00,8.8626,33.484
"10,180",10/20/2025 9:39:00,8.8626,33.703
"10,181",10/20/2025 9:40:00,8.8637,33.875
"10,182",10/20/2025 9:41:00,8.8626,33.984
"10,183",10/20/2025 9:42:00,8.8616,34.031
"10,184",10/20/2025 9:43:00,8.8626,34.227
"10,185",10/20/2025 9:44:00,8.8616,34.406
"10,186",10/20/2025 9:45:00,8.8616,34.469
"10,187",10/20/2025 9:46:00,8.8616,34.445
"10,188",10/20/2025 9:47:00,8.8637,34.414
"10,189",10/20/2025 9:48:00,8.8616,34.375
"10,190",10/20/2025 9:49:00,8.8616,34.391
"10,191",10/20/2025 9:50:00,8.8616,34.516
"10,192",10/20/2025 9:51:00,8.8596,34.547
"10,193",10/20/2025 9:52:00,8.8626,34.609
"10,194",10/20/2025 9:53:00,8.8637,34.500
"10,195",10/20/2025 9:54:00,8.8647,34.414
"10,196",10/20/2025 9:55:00,8.8616,34.328
"10,197",10/20/2025 9:56:00,8.8647,34.219
"10,198",10/20/2025 9:57:00,8.8626,34.039
"10,199",10/20/2025 9:58:00,8.8647,33.891
"10,200",10/20/2025 9:59:00,8.8647,33.766
"10,201",10/20/2025 10:00:00,8.8616,33.750
"10,202",10/20/2025 10:01:00,8.8626,33.867
"10,203",10/20/2025 10:02:00,8.8616,33.984
"10,204",10/20/2025 10:03:00,8.8606,34.016
"10,205",10/20/2025 10:04:00,8.8616,34.109
"10,206",10/20/2025 10:05:00,8.8616,34.125
"10,207",10/20/2025 10:06:00,8.8606,34.141
"10,208",10/20/2025 10:07:00,8.8647,34.164
"10,209",10/20/2025 10:08:00,8.8626,34.125
"10,210",10/20/2025 10:09:00,8.8596,34.156
"10,211",10/20/2025 10:10:00,8.8616,34.125
"10,212",10/20/2025 10:11:00,8.8657,33.977
"10,213",10/20/2025 10:12:00,8.8637,33.797
"10,214",10/20/2025 10:13:00,8.8637,33.742
"10,215",10/20/2025 10:14:00,8.8626,33.703
"10,216",10/20/2025 10:15:00,8.8637,33.617
"10,217",10/20/2025 10:16:00,8.8637,33.492
"10,218",10/20/2025 10:17:00,8.8626,33.477
"10,219",10/20/2025 10:18:00,8.8626,33.430
"10,220",10/20/2025 10:19:00,8.8616,33.484
"10,221",10/20/2025 10:20:00,8.8606,33.523
"10,222",10/20/2025 10:21:00,8.8606,33.594
"10,223",10/20/2025 10:22:00,8.8596,33.742
"10,224",10/20/2025 10:23:00,8.8596,33.914
"10,225",10/20/2025 10:24:00,8.8586,33.992
"10,226",10/20/2025 10:25:00,8.8606,33.969
"10,227",10/20/2025 10:26:00,8.8586,34.000
"10,228",10/20/2025 10:27:00,8.8596,34.031
"10,229",10/20/2025 10:28:00,8.8596,34.031
"10,230",10/20/2025 10:29:00,8.8596,33.953
"10,231",10/20/2025 10:30:00,8.8596,33.867
"10,232",10/20/2025 10:31:00,8.8616,33.828
"10,233",10/20/2025 10:32:00,8.8616,33.797
"10,234",10/20/2025 10:33:00,8.8596,33.813
"10,235",10/20/2025 10:34:00,8.8586,33.859
"10,236",10/20/2025 10:35:00,8.8586,33.883
"10,237",10/20/2025 10:36:00,8.8626,33.914
"10,238",10/20/2025 10:37:00,8.8586,33.898
"10,239",10/20/2025 10:38:00,8.8575,33.914
"10,240",10/20/2025 10:39:00,8.8586,33.992
"10,241",10/20/2025 10:40:00,8.8586,34.094
"10,242",10/20/2025 10:41:00,8.8575,34.117
"10,243",10/20/2025 10:42:00,8.8586,34.117
"10,244",10/20/2025 10:43:00,8.8596,34.094
"10,245",10/20/2025 10:44:00,8.8565,34.078
"10,246",10/20/2025 10:45:00,8.8565,34.141
"10,247",10/20/2025 10:46:00,8.8555,34.344
"10,248",10/20/2025 10:47:00,8.8565,34.453
"10,249",10/20/2025 10:48:00,8.8596,34.469
"10,250",10/20/2025 10:49:00,8.8575,34.625
"10,251",10/20/2025 10:50:00,8.8545,34.727
"10,252",10/20/2025 10:51:00,8.8555,34.734
"10,253",10/20/2025 10:52:00,8.8565,34.727
"10,254",10/20/2025 10:53:00,8.8565,34.625
"10,255",10/20/2025 10:54:00,8.8565,34.445
"10,256",10/20/2025 10:55:00,8.8565,34.352
"10,257",10/20/2025 10:56:00,8.8555,34.359
"10,258",10/20/2025 10:57:00,8.8565,34.438
"10,259",10/20/2025 10:58:00,8.8555,34.594
"10,260",10/20/2025 10:59:00,8.8535,34.773
"10,261",10/20/2025 11:00:00,8.8565,35.008
"10,262",10/20/2025 11:01:00,8.8555,35.047
"10,263",10/20/2025 11:02:00,8.8545,35.008
"10,264",10/20/2025 11:03:00,8.8545,35.078
"10,265",10/20/2025 11:04:00,8.8535,35.336
"10,266",10/20/2025 11:05:00,8.8545,35.516
"10,267",10/20/2025 11:06:00,8.8524,35.602
"10,268",10/20/2025 11:07:00,8.8535,35.602
"10,269",10/20/2025 11:08:00,8.8524,35.477
"10,270",10/20/2025 11:09:00,8.8535,35.484
"10,271",10/20/2025 11:10:00,8.8535,35.586
"10,272",10/20/2025 11:11:00,8.8535,35.641
"10,273",10/20/2025 11:12:00,8.8545,35.688
"10,274",10/20/2025 11:13:00,8.8545,35.570
"10,275",10/20/2025 11:14:00,8.8545,35.469
"10,276",10/20/2025 11:15:00,8.8545,35.305
"10,277",10/20/2025 11:16:00,8.8545,35.234
"10,278",10/20/2025 11:17:00,8.8504,35.359
"10,279",10/20/2025 11:18:00,8.8524,35.563
"10,280",10/20/2025 11:19:00,8.8504,35.586
"10,281",10/20/2025 11:20:00,8.8524,35.555
"10,282",10/20/2025 11:21:00,8.8535,35.344
"10,283",10/20/2025 11:22:00,8.8524,35.125
"10,284",10/20/2025 11:23:00,8.8524,35.070
"10,285",10/20/2025 11:24:00,8.8535,35.094
"10,286",10/20/2025 11:25:00,8.8535,35.063
"10,287",10/20/2025 11:26:00,8.8535,35.031
"10,288",10/20/2025 11:27:00,8.8524,35.070
"10,289",10/20/2025 11:28:00,8.8535,35.047
"10,290",10/20/2025 11:29:00,8.8514,35.055
"10,291",10/20/2025 11:30:00,8.8504,35.109
"10,292",10/20/2025 11:31:00,8.8535,35.117
"10,293",10/20/2025 11:32:00,8.8514,35.063
"10,294",10/20/2025 11:33:00,8.8524,35.039
"10,295",10/20/2025 11:34:00,8.8524,35.016
"10,296",10/20/2025 11:35:00,8.8514,35.000
"10,297",10/20/2025 11:36:00,8.8514,35.039
"10,298",10/20/2025 11:37:00,8.8494,35.156
"10,299",10/20/2025 11:38:00,8.8484,35.297
"10,300",10/20/2025 11:39:00,8.8494,35.375
"10,301",10/20/2025 11:40:00,8.8494,35.359
"10,302",10/20/2025 11:41:00,8.8504,35.352
"10,303",10/20/2025 11:42:00,8.8484,35.469
"10,304",10/20/2025 11:43:00,8.8484,35.719
"10,305",10/20/2025 11:44:00,8.8474,35.859
"10,306",10/20/2025 11:45:00,8.8474,36.031
"10,307",10/20/2025 11:46:00,8.8474,36.117
"10,308",10/20/2025 11:47:00,8.8494,35.945
"10,309",10/20/2025 11:48:00,8.8494,35.711
"10,310",10/20/2025 11:49:00,8.8504,35.469
"10,311",10/20/2025 11:50:00,8.8504,35.250
"10,312",10/20/2025 11:51:00,8.8514,35.180
"10,313",10/20/2025 11:52:00,8.8494,35.180
"10,314",10/20/2025 11:53:00,8.8474,35.219
"10,315",10/20/2025 11:54:00,8.8453,35.406
"10,316",10/20/2025 11:55:00,8.8463,35.617
"10,317",10/20/2025 11:56:00,8.8443,35.859
"10,318",10/20/2025 11:57:00,8.8453,36.008
"10,319",10/20/2025 11:58:00,8.8474,36.047
"10,320",10/20/2025 11:59:00,8.8453,35.922
"10,321",10/20/2025 12:00:00,8.8443,35.891
"10,322",10/20/2025 12:01:00,8.8463,35.727
"10,323",10/20/2025 12:02:00,8.8453,35.641
"10,324",10/20/2025 12:03:00,8.8443,35.664
"10,325",10/20/2025 12:04:00,8.8504,35.570
"10,326",10/20/2025 12:05:00,8.8463,35.438
"10,327",10/20/2025 12:06:00,8.8453,35.422
"10,328",10/20/2025 12:07:00,8.8433,35.570
"10,329",10/20/2025 12:08:00,8.8443,35.750
"10,330",10/20/2025 12:09:00,8.8443,35.773
"10,331",10/20/2025 12:10:00,8.8443,35.805
"10,332",10/20/2025 12:11:00,8.8412,35.898
"10,333",10/20/2025 12:12:00,8.8433,36.031
"10,334",10/20/2025 12:13:00,8.8433,36.172
"10,335",10/20/2025 12:14:00,8.8423,36.305
"10,336",10/20/2025 12:15:00,8.8423,36.305
"10,337",10/20/2025 12:16:00,8.8423,36.359
"10,338",10/20/2025 12:17:00,8.8412,36.391
"10,339",10/20/2025 12:18:00,8.8412,36.461
"10,340",10/20/2025 12:19:00,8.8402,36.430
"10,341",10/20/2025 12:20:00,8.8412,36.461
"10,342",10/20/2025 12:21:00,8.8412,36.492
"10,343",10/20/2025 12:22:00,8.8402,36.547
"10,344",10/20/2025 12:23:00,8.8402,36.445
"10,345",10/20/2025 12:24:00,8.8392,36.227
"10,346",10/20/2025 12:25:00,8.8392,36.047
"10,347",10/20/2025 12:26:00,8.8402,35.945
"10,348",10/20/2025 12:27:00,8.8423,35.828
"10,349",10/20/2025 12:28:00,8.8402,35.750
"10,350",10/20/2025 12:29:00,8.8423,35.641
"10,351",10/20/2025 12:30:00,8.8433,35.430
"10,352",10/20/2025 12:31:00,8.8433,35.195
"10,353",10/20/2025 12:32:00,8.8423,35.070
"10,354",10/20/2025 12:33:00,8.8412,35.023
"10,355",10/20/2025 12:34:00,8.8412,35.117
"10,356",10/20/2025 12:35:00,8.8412,35.133
"10,357",10/20/2025 12:36:00,8.8402,35.266
"10,358",10/20/2025 12:37:00,8.8412,35.336
"10,359",10/20/2025 12:38:00,8.8392,35.477
"10,360",10/20/2025 12:39:00,8.8392,35.680
"10,361",10/20/2025 12:40:00,8.8382,35.906
"10,362",10/20/2025 12:41:00,8.8372,36.133
"10,363",10/20/2025 12:42:00,8.8382,36.367
"10,364",10/20/2025 12:43:00,8.8372,36.523
"10,365",10/20/2025 12:44:00,8.8361,36.664
"10,366",10/20/2025 12:45:00,8.8372,36.766
"10,367",10/20/2025 12:46:00,8.8372,36.820
"10,368",10/20/2025 12:47:00,8.8372,36.836
"10,369",10/20/2025 12:48:00,8.8372,36.844
"10,370",10/20/2025 12:49:00,8.8372,36.758
"10,371",10/20/2025 12:50:00,8.8382,36.555
"10,372",10/20/2025 12:51:00,8.8372,36.289
"10,373",10/20/2025 12:52:00,8.8402,35.961
"10,374",10/20/2025 12:53:00,8.8402,35.742
"10,375",10/20/2025 12:54:00,8.8361,35.703
"10,376",10/20/2025 12:55:00,8.8372,35.727
"10,377",10/20/2025 12:56:00,8.8372,35.844
"10,378",10/20/2025 12:57:00,8.8372,35.992
"10,379",10/20/2025 12:58:00,8.8351,36.164
"10,380",10/20/2025 12:59:00,8.8341,36.352
"10,381",10/20/2025 13:00:00,8.8351,36.469
"10,382",10/20/2025 13:01:00,8.8361,36.461
"10,383",10/20/2025 13:02:00,8.8382,36.414
"10,384",10/20/2025 13:03:00,8.8361,36.313
"10,385",10/20/2025 13:04:00,8.8341,36.281
"10,386",10/20/2025 13:05:00,8.8351,36.219
"10,387",10/20/2025 13:06:00,8.8351,36.125
"10,388",10/20/2025 13:07:00,8.8341,36.063
"10,389",10/20/2025 13:08:00,8.8341,36.031
"10,390",10/20/2025 13:09:00,8.8341,36.055
"10,391",10/20/2025 13:10:00,8.8341,36.063
"10,392",10/20/2025 13:11:00,8.8351,35.844
"10,393",10/20/2025 13:12:00,8.8351,35.625
"10,394",10/20/2025 13:13:00,8.8351,35.500
"10,395",10/20/2025 13:14:00,8.8351,35.516
"10,396",10/20/2025 13:15:00,8.8341,35.672
"10,397",10/20/2025 13:16:00,8.8331,35.883
"10,398",10/20/2025 13:17:00,8.8321,36.047
"10,399",10/20/2025 13:18:00,8.8290,36.266
"10,400",10/20/2025 13:19:00,8.8331,36.406
"10,401",10/20/2025 13:20:00,8.8321,36.469
"10,402",10/20/2025 13:21:00,8.8321,36.406
"10,403",10/20/2025 13:22:00,8.8331,36.320
"10,404",10/20/2025 13:23:00,8.8331,36.336
"10,405",10/20/2025 13:24:00,8.8321,36.313
"10,406",10/20/2025 13:25:00,8.8310,36.375
"10,407",10/20/2025 13:26:00,8.8321,36.492
"10,408",10/20/2025 13:27:00,8.8300,36.664
"10,409",10/20/2025 13:28:00,8.8310,36.711
"10,410",10/20/2025 13:29:00,8.8310,36.625
"10,411",10/20/2025 13:30:00,8.8310,36.641
"10,412",10/20/2025 13:31:00,8.8300,36.742
"10,413",10/20/2025 13:32:00,8.8300,36.805
"10,414",10/20/2025 13:33:00,8.8300,36.836
"10,415",10/20/2025 13:34:00,8.8290,36.781
"10,416",10/20/2025 13:35:00,8.8290,36.750
"10,417",10/20/2025 13:36:00,8.8321,36.664
"10,418",10/20/2025 13:37:00,8.8310,36.578
"10,419",10/20/2025 13:38:00,8.8290,36.555
"10,420",10/20/2025 13:39:00,8.8290,36.648
"10,421",10/20/2025 13:40:00,8.8290,36.758
"10,422",10/20/2025 13:41:00,8.8300,36.828
"10,423",10/20/2025 13:42:00,8.8280,36.922
"10,424",10/20/2025 13:43:00,8.8280,37.008
"10,425",10/20/2025 13:44:00,8.8259,37.070
"10,426",10/20/2025 13:45:00,8.8290,37.070
"10,427",10/20/2025 13:46:00,8.8259,37.195
"10,428",10/20/2025 13:47:00,8.8270,37.313
"10,429",10/20/2025 13:48:00,8.8270,37.375
"10,430",10/20/2025 13:49:00,8.8280,37.336
"10,431",10/20/2025 13:50:00,8.8270,37.289
"10,432",10/20/2025 13:51:00,8.8270,37.242
"10,433",10/20/2025 13:52:00,8.8280,37.211
"10,434",10/20/2025 13:53:00,8.8259,37.289
"10,435",10/20/2025 13:54:00,8.8239,37.438
"10,436",10/20/2025 13:55:00,8.8259,37.547
"10,437",10/20/2025 13:56:00,8.8249,37.664
"10,438",10/20/2025 13:57:00,8.8249,37.719
"10,439",10/20/2025 13:58:00,8.8239,37.742
"10,440",10/20/2025 13:59:00,8.8239,37.766
"10,441",10/20/2025 14:00:00,8.8249,37.750
"10,442",10/20/2025 14:01:00,8.8239,37.797
"10,443",10/20/2025 14:02:00,8.8259,37.703
"10,444",10/20/2025 14:03:00,8.8280,37.508
"10,445",10/20/2025 14:04:00,8.8239,37.219
"10,446",10/20/2025 14:05:00,8.8270,37.063
"10,447",10/20/2025 14:06:00,8.8259,36.922
"10,448",10/20/2025 14:07:00,8.8259,36.781
"10,449",10/20/2025 14:08:00,8.8259,36.719
"10,450",10/20/2025 14:09:00,8.8259,36.695
"10,451",10/20/2025 14:10:00,8.8249,36.711
"10,452",10/20/2025 14:11:00,8.8259,36.781
"10,453",10/20/2025 14:12:00,8.8270,36.859
"10,454",10/20/2025 14:13:00,8.8249,36.867
"10,455",10/20/2025 14:14:00,8.8270,36.844
"10,456",10/20/2025 14:15:00,8.8280,36.758
"10,457",10/20/2025 14:16:00,8.8270,36.555
"10,458",10/20/2025 14:17:00,8.8270,36.383
"10,459",10/20/2025 14:18:00,8.8249,36.258
"10,460",10/20/2025 14:19:00,8.8259,36.203
"10,461",10/20/2025 14:20:00,8.8270,36.109
"10,462",10/20/2025 14:21:00,8.8290,35.984
"10,463",10/20/2025 14:22:00,8.8259,35.898
"10,464",10/20/2025 14:23:00,8.8259,35.875
"10,465",10/20/2025 14:24:00,8.8259,35.844
"10,466",10/20/2025 14:25:00,8.8280,35.719
"10,467",10/20/2025 14:26:00,8.8290,35.523
"10,468",10/20/2025 14:27:00,8.8259,35.336
"10,469",10/20/2025 14:28:00,8.8270,35.234
"10,470",10/20/2025 14:29:00,8.8259,35.203
"10,471",10/20/2025 14:30:00,8.8259,35.258
"10,472",10/20/2025 14:31:00,8.8259,35.375
"10,473",10/20/2025 14:32:00,8.8259,35.531
"10,474",10/20/2025 14:33:00,8.8270,35.688
"10,475",10/20/2025 14:34:00,8.8259,35.781
"10,476",10/20/2025 14:35:00,8.8249,35.875
"10,477",10/20/2025 14:36:00,8.8259,35.906
"10,478",10/20/2025 14:37:00,8.8239,35.891
"10,479",10/20/2025 14:38:00,8.8249,35.977
"10,480",10/20/2025 14:39:00,8.8259,35.977
"10,481",10/20/2025 14:40:00,8.8229,35.945
"10,482",10/20/2025 14:41:00,8.8249,35.859
"10,483",10/20/2025 14:42:00,8.8249,35.813
"10,484",10/20/2025 14:43:00,8.8249,35.797
"10,485",10/20/2025 14:44:00,8.8259,35.773
"10,486",10/20/2025 14:45:00,8.8239,35.789
"10,487",10/20/2025 14:46:00,8.8239,35.813
"10,488",10/20/2025 14:47:00,8.8208,35.820
"10,489",10/20/2025 14:48:00,8.8219,35.945
"10,490",10/20/2025 14:49:00,8.8229,36.063
"10,491",10/20/2025 14:50:00,8.8219,36.141
"10,492",10/20/2025 14:51:00,8.8229,36.219
"10,493",10/20/2025 14:52:00,8.8239,36.227
"10,494",10/20/2025 14:53:00,8.8208,36.195
"10,495",10/20/2025 14:54:00,8.8208,36.195
"10,496",10/20/2025 14:55:00,8.8219,36.055
"10,497",10/20/2025 14:56:00,8.8280,35.820
"10,498",10/20/2025 14:57:00,8.8249,35.586
"10,499",10/20/2025 14:58:00,8.8229,35.469
"10,500",10/20/2025 14:59:00,8.8229,35.469
"10,501",10/20/2025 15:00:00,8.8239,35.484
"10,502",10/20/2025 15:01:00,8.8219,35.516
"10,503",10/20/2025 15:02:00,8.8239,35.563
"10,504",10/20/2025 15:03:00,8.8229,35.531
"10,505",10/20/2025 15:04:00,8.8229,35.539
"10,506",10/20/2025 15:05:00,8.8208,35.641
"10,507",10/20/2025 15:06:00,8.8208,35.781
"10,508",10/20/2025 15:07:00,8.8198,35.922
"10,509",10/20/2025 15:08:00,8.8208,36.023
"10,510",10/20/2025 15:09:00,8.8229,36.008
"10,511",10/20/2025 15:10:00,8.8208,35.984
"10,512",10/20/2025 15:11:00,8.8198,36.047
"10,513",10/20/2025 15:12:00,8.8188,36.133
"10,514",10/20/2025 15:13:00,8.8198,36.219
"10,515",10/20/2025 15:14:00,8.8198,36.297
"10,516",10/20/2025 15:15:00,8.8188,36.375
"10,517",10/20/2025 15:16:00,8.8198,36.445
"10,518",10/20/2025 15:17:00,8.8198,36.523
"10,519",10/20/2025 15:18:00,8.8208,36.586
"10,520",10/20/2025 15:19:00,8.8198,36.563
"10,521",10/20/2025 15:20:00,8.8208,36.594
"10,522",10/20/2025 15:21:00,8.8198,36.563
"10,523",10/20/2025 15:22:00,8.8208,36.461
"10,524",10/20/2025 15:23:00,8.8188,36.375
"10,525",10/20/2025 15:24:00,8.8188,36.359
"10,526",10/20/2025 15:25:00,8.8188,36.383
"10,527",10/20/2025 15:26:00,8.8208,36.328
"10,528",10/20/2025 15:27:00,8.8198,36.250
"10,529",10/20/2025 15:28:00,8.8198,36.242
"10,530",10/20/2025 15:29:00,8.8198,36.297
"10,531",10/20/2025 15:30:00,8.8198,36.359
"10,532",10/20/2025 15:31:00,8.8188,36.375
"10,533",10/20/2025 15:32:00,8.8198,36.375
"10,534",10/20/2025 15:33:00,8.8178,36.367
"10,535",10/20/2025 15:34:00,8.8178,36.398
"10,536",10/20/2025 15:35:00,8.8198,36.344
"10,537",10/20/2025 15:36:00,8.8178,36.297
"10,538",10/20/2025 15:37:00,8.8198,36.219
"10,539",10/20/2025 15:38:00,8.8208,36.016
"10,540",10/20/2025 15:39:00,8.8198,35.820
"10,541",10/20/2025 15:40:00,8.8208,35.586
"10,542",10/20/2025 15:41:00,8.8208,35.398
"10,543",10/20/2025 15:42:00,8.8208,35.219
"10,544",10/20/2025 15:43:00,8.8219,35.031
"10,545",10/20/2025 15:44:00,8.8198,34.883
"10,546",10/20/2025 15:45:00,8.8208,34.797
"10,547",10/20/2025 15:46:00,8.8208,34.758
"10,548",10/20/2025 15:47:00,8.8188,34.797
"10,549",10/20/2025 15:48:00,8.8188,34.844
"10,550",10/20/2025 15:49:00,8.8198,34.820
"10,551",10/20/2025 15:50:00,8.8188,34.734
"10,552",10/20/2025 15:51:00,8.8188,34.719
"10,553",10/20/2025 15:52:00,8.8198,34.750
"10,554",10/20/2025 15:53:00,8.8208,34.766
"10,555",10/20/2025 15:54:00,8.8188,34.844
"10,556",10/20/2025 15:55:00,8.8188,34.906
"10,557",10/20/2025 15:56:00,8.8188,34.922
"10,558",10/20/2025 15:57:00,8.8198,34.938
"10,559",10/20/2025 15:58:00,8.8178,34.992
"10,560",10/20/2025 15:59:00,8.8178,35.047
"10,561",10/20/2025 16:00:00,8.8178,35.102
"10,562",10/20/2025 16:01:00,8.8178,35.188
"10,563",10/20/2025 16:02:00,8.8178,35.281
"10,564",10/20/2025 16:03:00,8.8168,35.367
"10,565",10/20/2025 16:04:00,8.8168,35.375
"10,566",10/20/2025 16:05:00,8.8147,35.375
"10,567",10/20/2025 16:06:00,8.8168,35.422
"10,568",10/20/2025 16:07:00,8.8168,35.383
"10,569",10/20/2025 16:08:00,8.8188,35.320
"10,570",10/20/2025 16:09:00,8.8168,35.234
"10,571",10/20/2025 16:10:00,8.8198,35.094
"10,572",10/20/2025 16:11:00,8.8198,34.938
"10,573",10/20/2025 16:12:00,8.8198,34.758
"10,574",10/20/2025 16:13:00,8.8198,34.578
"10,575",10/20/2025 16:14:00,8.8198,34.398
"10,576",10/20/2025 16:15:00,8.8157,34.242
"10,577",10/20/2025 16:16:00,8.8076,34.016
"10,578",10/20/2025 16:17:00,8.8168,33.766
"10,579",10/20/2025 16:18:00,8.8198,33.516
"10,580",10/20/2025 16:19:00,8.8096,33.273
"10,581",10/20/2025 16:20:00,8.8086,33.047
"10,582",10/20/2025 16:21:00,8.8035,32.805
"10,583",10/20/2025 16:22:00,8.7862,32.586
"10,584",10/20/2025 16:23:00,8.7668,32.367
"10,585",10/20/2025 16:24:00,8.7587,32.164
"10,586",10/20/2025 16:25:00,8.7617,31.969
"10,587",10/20/2025 16:26:00,8.7658,31.781
"10,588",10/20/2025 16:27:00,8.7699,31.609
"10,589",10/20/2025 16:28:00,8.7943,31.414
"10,590",10/20/2025 16:29:00,8.7964,31.242
"10,591",10/20/2025 16:30:00,8.8005,31.070
"10,592",10/20/2025 16:31:00,8.7811,30.906
"10,593",10/20/2025 16:32:00,8.7678,30.727
"10,594",10/20/2025 16:33:00,8.7627,30.570
"10,595",10/20/2025 16:34:00,8.7597,30.414
"10,596",10/20/2025 16:35:00,8.7536,30.266
"10,597",10/20/2025 16:36:00,8.7464,30.125
"10,598",10/20/2025 16:37:00,8.7454,30.000
"10,599",10/20/2025 16:38:00,8.7658,29.867
"10,600",10/20/2025 16:39:00,8.7811,29.742
"10,601",10/20/2025 16:40:00,8.7760,29.625
"10,602",10/20/2025 16:41:00,8.7760,29.492
"10,603",10/20/2025 16:42:00,8.7740,29.367
"10,604",10/20/2025 16:43:00,8.7587,29.250
"10,605",10/20/2025 16:44:00,8.7485,29.109
"10,606",10/20/2025 16:45:00,8.7373,28.992
"10,607",10/20/2025 16:46:00,8.7281,28.875
"10,608",10/20/2025 16:47:00,8.7301,28.766
"10,609",10/20/2025 16:48:00,8.7403,28.641
"10,610",10/20/2025 16:49:00,8.7566,28.523
"10,611",10/20/2025 16:50:00,8.7525,28.422
"10,612",10/20/2025 16:51:00,8.7424,28.320
"10,613",10/20/2025 16:52:00,8.7444,28.211
"10,614",10/20/2025 16:53:00,8.7444,28.102
"10,615",10/20/2025 16:54:00,8.7434,28.008
"10,616",10/20/2025 16:55:00,8.7444,27.938
"10,617",10/20/2025 16:56:00,8.7454,27.906
"10,618",10/20/2025 16:57:00,8.7444,27.906
"10,619",10/20/2025 16:58:00,8.7454,27.938
"10,620",10/20/2025 16:59:00,8.7454,27.945
"10,621",10/20/2025 17:00:00,8.7454,27.953
"10,622",10/20/2025 17:01:00,8.7454,27.945
"10,623",10/20/2025 17:02:00,8.7454,27.945
"10,624",10/20/2025 17:03:00,8.7454,27.953
"10,625",10/20/2025 17:04:00,8.7454,27.969
"10,626",10/20/2025 17:05:00,8.7454,27.977
"10,627",10/20/2025 17:06:00,8.7454,27.977
"10,628",10/20/2025 17:07:00,8.7454,27.961
"10,629",10/20/2025 17:08:00,8.7454,27.883
"10,630",10/20/2025 17:09:00,8.7464,27.773
"10,631",10/20/2025 17:10:00,8.7454,28.188
